player_id,name,sub_position,age,snapshot_date,horizon_months,outcome_due_date,model,current_value_eur,predicted_pct_change,predicted_value_eur,pct_q10,pct_q90
3333,James Milner,Central Midfield,40.41067761806981,2026-06-03,3,2026-10-13,xgboost,500000,-0.1538916,423054.20339107513,-0.41200784,0.02658963
16306,Casemiro,Defensive Midfield,34.275154004106774,2026-06-03,3,2026-10-13,xgboost,6000000,-0.2490238,4505857.229232788,-0.38220417,0.02716113
29692,Lukasz Fabianski,Goalkeeper,41.125256673511295,2026-06-03,3,2026-10-13,xgboost,150000,-0.33130974,100303.53963375092,-0.47398475,-0.0015564399
29712,John Ruddy,Goalkeeper,39.60848733744011,2026-06-03,3,2026-10-13,xgboost,100000,-0.17713508,82286.49199008942,-0.45635065,0.37615225
34130,Tom Heaton,Goalkeeper,40.134154688569474,2026-06-03,3,2026-10-13,xgboost,100000,-0.19443464,80556.5357208252,-0.46458703,0.13011186
51471,Mateo Kovacic,Central Midfield,32.0766598220397,2026-06-03,3,2026-10-13,xgboost,10000000,-0.23661563,7633843.719959259,-0.34842423,-0.0026377237
52570,Fraser Forster,Goalkeeper,38.21218343600274,2026-06-03,3,2026-10-13,xgboost,400000,-0.13786139,344855.4456233978,-0.42742547,0.107848376
61651,Jordan Henderson,Defensive Midfield,35.96167008898015,2026-06-03,3,2026-10-13,xgboost,1200000,-0.1712256,994529.2711257935,-0.42343482,0.04130355
61841,Adam Smith,Right-Back,35.096509240246405,2026-06-03,3,2026-10-13,xgboost,300000,-0.099810466,270056.8601489067,-0.43402442,0.044639714
63200,Ashley Barnes,Centre-Forward,36.591375770020534,2026-06-03,3,2026-10-13,xgboost,150000,-0.2692053,109619.20469999313,-0.48472127,-0.021246726
67063,Danny Welbeck,Centre-Forward,35.51813826146475,2026-06-03,3,2026-10-13,xgboost,3000000,-0.23210038,2303698.852658272,-0.40029892,0.053891364
68390,Séamus Coleman,Right-Back,37.64271047227926,2026-06-03,3,2026-10-13,xgboost,200000,-0.268278,146344.39945220947,-0.48933867,0.028363073
72476,Bernd Leno,Goalkeeper,34.247775496235455,2026-06-03,3,2026-10-13,xgboost,6000000,-0.25863078,4448215.305805206,-0.40944532,0.044945553
73564,Jason Steele,Goalkeeper,35.79192334017796,2026-06-03,3,2026-10-13,xgboost,500000,-0.21901864,390490.68093299866,-0.4193454,0.049692184
74960,Martin Dúbravka,Goalkeeper,37.379876796714576,2026-06-03,3,2026-10-13,xgboost,500000,-0.15582462,422087.6917243004,-0.45044282,0.012198629
82873,Pascal Groß,Central Midfield,34.9678302532512,2026-06-03,3,2026-10-13,xgboost,2500000,-0.20584121,1985396.9663381577,-0.38201,0.030354273
85177,Nathaniel Clyne,Right-Back,35.162217659137575,2026-06-03,3,2026-10-13,xgboost,300000,-0.16716895,249849.31647777557,-0.45869297,0.02034551
85941,Stefan Ortega,Goalkeeper,33.57152635181382,2026-06-03,3,2026-10-13,xgboost,4000000,-0.2745208,2901916.742324829,-0.40093097,-0.015107426
95424,Kyle Walker,Right-Back,36.016427104722794,2026-06-03,3,2026-10-13,xgboost,1500000,-0.27814543,1082781.8512916565,-0.45954323,-0.008475656
95795,Václav Hladký,Goalkeeper,35.55099247091034,2026-06-03,3,2026-10-13,xgboost,150000,-0.21500477,117749.28420782089,-0.42026436,0.00842416
95810,Kieran Trippier,Right-Back,35.70431211498973,2026-06-03,3,2026-10-13,xgboost,1500000,-0.2734156,1089876.6070604324,-0.4267861,0.0056121973
99331,Jannik Vestergaard,Centre-Back,33.81519507186858,2026-05-28,3,2026-10-07,xgboost,1000000,-0.27371964,726280.3614139557,-0.49324954,-0.02133384
99397,Karl Darlow,Goalkeeper,35.65229295003422,2026-06-03,3,2026-10-13,xgboost,200000,0.033524763,206704.95256781578,-0.38740355,0.23860042
105470,Alisson,Goalkeeper,33.667351129363446,2026-06-03,3,2026-10-13,xgboost,15000000,-0.25365302,11195204.704999924,-0.38339886,0.010223774
108725,Chris Wood,Centre-Forward,34.48870636550308,2026-06-03,3,2026-10-13,xgboost,5000000,-0.24780777,3760961.1451625824,-0.37613168,0.057573143
110864,Sam Johnstone,Goalkeeper,33.190965092402465,2026-06-03,3,2026-10-13,xgboost,2000000,-0.28752363,1424952.745437622,-0.4270589,0.005903141
111051,Nampalys Mendy,Defensive Midfield,33.927446954141,2026-05-28,3,2026-10-07,xgboost,700000,-0.27058524,510590.33274650574,-0.45902658,-0.0048179086
111195,Joël Veltman,Right-Back,34.38193018480493,2026-06-03,3,2026-10-13,xgboost,1500000,-0.24681096,1129783.5633158684,-0.40986162,0.023176204
111455,Granit Xhaka,Defensive Midfield,33.68104038329911,2026-06-03,3,2026-10-13,xgboost,8000000,-0.24374253,6050059.795379639,-0.38834706,0.027472032
111873,Emiliano Martínez,Goalkeeper,33.74948665297741,2026-06-03,3,2026-10-13,xgboost,12000000,-0.22101893,9347772.896289825,-0.3491895,0.03584552
116648,Marcus Bettinelli,Goalkeeper,34.026009582477755,2026-06-03,3,2026-10-13,xgboost,300000,-0.029429784,291171.064786613,-0.40223187,0.05347104
118534,Michael Keane,Centre-Back,33.39082819986311,2026-06-03,3,2026-10-13,xgboost,3000000,-0.21427037,2357188.895344734,-0.40842915,0.045112792
120629,Alphonse Areola,Goalkeeper,33.2621492128679,2026-06-03,3,2026-10-13,xgboost,4000000,-0.26201946,2951922.1782684326,-0.3869884,-0.020743856
121254,Adam Davies,Goalkeeper,33.86173853524983,2026-05-28,3,2026-10-07,xgboost,200000,-0.18130603,163738.79313468933,-0.37580296,-0.00959074
121324,John Egan,Centre-Back,33.60164271047228,2026-05-28,3,2026-10-07,xgboost,1000000,-0.19762155,802378.4458637238,-0.38981122,-0.0018238202
123275,Tom Cairney,Central Midfield,35.36755646817249,2026-06-03,3,2026-10-13,xgboost,500000,-0.2257297,387135.1480484009,-0.43812272,0.041587643
123536,Simon Moore,Goalkeeper,36.04106776180698,2026-06-03,3,2026-10-13,xgboost,75000,-0.16061468,62953.898683190346,-0.4178024,0.2510052
123682,Callum Wilson,Centre-Forward,34.26420260095825,2026-06-03,3,2026-10-13,xgboost,4000000,-0.23115714,3075371.4442253113,-0.41316062,-0.014208995
124884,Marco Bizot,Goalkeeper,35.233401779603014,2026-06-03,3,2026-10-13,xgboost,1500000,-0.19354573,1209681.4066171646,-0.38925257,0.029325904
126600,Kenny McLean,Central Midfield,34.38466803559206,2026-05-28,3,2026-10-07,xgboost,400000,-0.23091303,307634.7887516022,-0.4073587,0.007493722
126664,Lucas Digne,Left-Back,32.87063655030801,2026-06-03,3,2026-10-13,xgboost,6000000,-0.23794465,4572332.113981247,-0.3618308,0.040346682
126665,Idrissa Gueye,Defensive Midfield,36.68446269678302,2026-06-03,3,2026-10-13,xgboost,500000,-0.16258094,418709.53142642975,-0.4320221,0.03447757
127181,Benjamin Lecomte,Goalkeeper,35.1047227926078,2026-06-03,3,2026-10-13,xgboost,800000,-0.21444513,628443.8967704773,-0.38445285,0.06554317
127202,Matz Sels,Goalkeeper,34.26694045174538,2026-06-03,3,2026-10-13,xgboost,3500000,-0.20921007,2767764.762043953,-0.3559592,-0.00043988155
130164,Jordan Pickford,Goalkeeper,32.24093086926762,2026-06-03,3,2026-10-13,xgboost,13000000,-0.18956089,10535708.4274292,-0.40390307,0.062417414
131978,Ross Barkley,Central Midfield,32.492813141683776,2026-06-03,3,2026-10-13,xgboost,4000000,-0.16161413,3353543.46036911,-0.3697773,0.07716127
131996,Bertrand Traoré,Right Winger,30.740588637919235,2026-06-03,3,2026-10-13,xgboost,4000000,-0.13657287,3453708.529472351,-0.35226753,0.12820038
134270,Dan Burn,Centre-Back,34.06707734428473,2026-06-03,3,2026-10-13,xgboost,4000000,-0.19744472,3210221.1117744446,-0.37791964,0.04021833
135343,Fabian Schär,Centre-Back,34.45311430527036,2026-06-03,3,2026-10-13,xgboost,4000000,-0.28270245,2869190.216064453,-0.40293032,0.0041136914
136401,Daniel Bentley,Goalkeeper,32.889801505817935,2026-06-03,3,2026-10-13,xgboost,800000,-0.28927624,568579.0061950684,-0.41978255,-0.041465722
139208,Virgil van Dijk,Centre-Back,34.90485968514716,2026-06-03,3,2026-10-13,xgboost,15000000,-0.23719566,11442065.16444683,-0.4235054,0.0040716357
141573,George Saville,Central Midfield,32.94455852156057,2026-05-12,3,2026-09-21,xgboost,700000,-0.172939,578942.6982402802,-0.36807907,0.02916736
142310,Willy Boly,Centre-Back,35.32922655715264,2026-06-03,3,2026-10-13,xgboost,300000,-0.28824505,213526.48437023163,-0.46045062,0.0066947117
142389,Mark Gillespie,Goalkeeper,34.18480492813142,2026-06-03,3,2026-10-13,xgboost,100000,-0.20748003,79251.99717283249,-0.42145458,0.07663223
144028,Leandro Trossard,Left Winger,31.496235455167692,2026-06-03,3,2026-10-13,xgboost,18000000,-0.17845654,14787782.192230225,-0.315247,0.04853211
146310,Wataru Endo,Defensive Midfield,33.31143052703628,2026-06-03,3,2026-10-13,xgboost,4000000,-0.22115317,3115387.3205184937,-0.3794453,0.031241737
148153,Lewis Dunk,Centre-Back,34.53251197809719,2026-06-03,3,2026-10-13,xgboost,3500000,-0.2476087,2633369.527757168,-0.40837333,0.043598566
148367,Christian Nørgaard,Defensive Midfield,32.23271731690623,2026-06-03,3,2026-10-13,xgboost,5000000,-0.21325083,3933745.8461523056,-0.3710944,0.024012484
148455,Mohamed Salah,Right Winger,33.96577686516085,2026-06-03,3,2026-10-13,xgboost,22000000,-0.30989286,15182357.013225555,-0.37958336,-0.0046857083
167268,Paddy McNair,Centre-Back,31.085557837097877,2026-05-28,3,2026-10-07,xgboost,1500000,-0.15141231,1272881.5376758575,-0.35262161,0.06531112
171679,Matt Doherty,Right-Back,34.379192334017795,2026-06-03,3,2026-10-13,xgboost,1000000,-0.27843472,721565.2763843536,-0.4575591,-0.051117133
173504,James Tarkowski,Centre-Back,33.53593429158111,2026-06-03,3,2026-10-13,xgboost,5000000,-0.20911257,3954437.1515512466,-0.39909878,0.045376297
177476,Nathan Aké,Centre-Back,31.288158795345655,2026-06-03,3,2026-10-13,xgboost,12000000,-0.20615418,9526149.809360504,-0.2980665,0.013822532
177907,Harry Maguire,Centre-Back,33.24572210814511,2026-06-03,3,2026-10-13,xgboost,8000000,-0.20835775,6333137.989044189,-0.3725488,0.011091972
181579,James Ward-Prowse,Central Midfield,31.586584531143053,2026-06-03,3,2026-10-13,xgboost,5000000,-0.2844987,3577506.5422058105,-0.4087052,-0.009408609
183288,Luke Shaw,Left-Back,30.89390828199863,2026-06-03,3,2026-10-13,xgboost,8000000,-0.18817696,6494584.321975708,-0.3488706,0.08305406
184528,Emil Krafth,Right-Back,31.835728952772072,2026-06-03,3,2026-10-13,xgboost,750000,-0.28065026,539512.3064517975,-0.40827176,0.08440088
184573,Victor Lindelöf,Centre-Back,31.87953456536619,2026-06-03,3,2026-10-13,xgboost,5000000,-0.19276269,4036186.560988426,-0.36886093,0.05415655
186186,Bobby De Cordova-Reid,Attacking Midfield,33.31416837782341,2026-05-28,3,2026-10-07,xgboost,700000,-0.25258082,523193.42494010925,-0.4179742,0.023394387
186590,John Stones,Centre-Back,32.016427104722794,2026-06-03,3,2026-10-13,xgboost,12000000,-0.26034623,8875845.193862915,-0.3704114,-0.0053107487
188077,Ryan Christie,Central Midfield,31.277207392197127,2026-06-03,3,2026-10-13,xgboost,8000000,-0.17364202,6610863.8048172,-0.30639946,0.08621193
192080,Nick Pope,Goalkeeper,34.12183436002738,2026-06-03,3,2026-10-13,xgboost,5000000,-0.22955613,3852219.358086586,-0.38858452,0.101238504
192279,Kepa Arrizabalaga,Goalkeeper,31.665982203969882,2026-06-03,3,2026-10-13,xgboost,5000000,-0.17294914,4135254.3234825134,-0.3932325,0.0836486
192765,Ben Davies,Centre-Back,33.1088295687885,2026-06-03,3,2026-10-13,xgboost,3000000,-0.32549113,2023526.6089439392,-0.452437,-0.020241033
193116,John McGinn,Central Midfield,31.6249144421629,2026-06-03,3,2026-10-13,xgboost,13000000,-0.19155216,10509821.891784668,-0.32597217,0.062332187
194386,Alex Cairns,Goalkeeper,33.40999315537303,2026-06-03,3,2026-10-13,xgboost,50000,0.91911393,95955.69670200348,-0.40574855,1.7343385
196722,Remi Matthews,Goalkeeper,32.309377138945926,2026-06-03,3,2026-10-13,xgboost,200000,-0.097184315,180563.13693523407,-0.37984917,0.14960563
199527,Jacob Murphy,Right Winger,31.27173169062286,2026-06-03,3,2026-10-13,xgboost,12000000,-0.17197356,9936317.324638367,-0.3029946,0.1602818
201574,Angus Gunn,Goalkeeper,30.362765229295004,2026-06-03,3,2026-10-13,xgboost,1000000,-0.14565468,854345.3216552734,-0.38687116,0.09734256
203460,Jack Grealish,Left Winger,30.729637234770706,2026-06-03,3,2026-10-13,xgboost,20000000,-0.19158258,16168348.491191864,-0.3371222,0.057365213
204103,Adama Traoré,Right Winger,30.354551676933607,2026-06-03,3,2026-10-13,xgboost,6000000,-0.2216734,4669959.604740143,-0.37584552,0.029737668
206040,Raúl Jiménez,Centre-Forward,35.08008213552361,2026-06-03,3,2026-10-13,xgboost,3000000,-0.2379755,2286073.5207796097,-0.41115832,0.03946134
206225,Isaac Hayden,Defensive Midfield,31.184120465434635,2026-05-28,3,2026-10-07,xgboost,400000,-0.14325178,342699.2893218994,-0.40520382,0.07626536
206746,Kenny Tete,Right-Back,30.650239561943874,2026-06-03,3,2026-10-13,xgboost,8000000,-0.17640182,6588785.409927368,-0.3172747,0.06716784
207014,Will Hughes,Central Midfield,31.129363449691994,2026-06-03,3,2026-10-13,xgboost,5000000,-0.1810228,4094886.0347270966,-0.33783036,0.09730241
209212,Solly March,Right Winger,31.871321013004792,2026-06-03,3,2026-10-13,xgboost,1000000,-0.26866418,731335.8187675476,-0.439915,0.07835261
212847,Adam Webster,Centre-Back,31.411362080766597,2026-06-03,3,2026-10-13,xgboost,3000000,-0.25804448,2225866.5561676025,-0.3945323,0.05914004
214666,Connor Roberts,Right-Back,30.694045174537987,2026-06-03,3,2026-10-13,xgboost,1500000,-0.22973998,1155390.0316357613,-0.3907008,0.02918255
215810,Tom King,Goalkeeper,31.236139630390145,2026-06-03,3,2026-10-13,xgboost,100000,-0.15703718,84296.28163576126,-0.34277356,0.16376242
226049,Freddie Woodman,Goalkeeper,29.248459958932237,2026-06-03,3,2026-10-13,xgboost,3000000,0.023365976,3070097.928866744,-0.3214747,0.3592178
226973,Harrison Reed,Central Midfield,31.34839151266256,2026-06-03,3,2026-10-13,xgboost,2000000,-0.22276923,1554461.5387916565,-0.41783828,0.07236353
234803,Andrew Robertson,Left-Back,32.2299794661191,2026-06-03,3,2026-10-13,xgboost,7000000,-0.2649155,5145591.527223587,-0.35108334,0.030163642
236490,Ola Aina,Right-Back,29.650924024640656,2026-06-03,3,2026-10-13,xgboost,18000000,-0.15915565,15135198.265314102,-0.2741885,0.056890383
236953,Sam Byram,Left-Back,32.71184120465435,2026-06-03,3,2026-10-13,xgboost,400000,-0.16770531,332917.8750514984,-0.4081794,0.039608374
240306,Bruno Fernandes,Attacking Midfield,31.734428473648187,2026-06-03,3,2026-10-13,xgboost,35000000,-0.20337595,27881841.734051704,-0.37745818,0.031969413
240692,Reinildo Mandava,Left-Back,32.36413415468857,2026-06-03,3,2026-10-13,xgboost,4000000,-0.13198787,3472048.52104187,-0.3479887,0.13517892
241641,Bernardo Silva,Attacking Midfield,31.813826146475016,2026-06-03,3,2026-10-13,xgboost,22000000,-0.20149954,17567010.194063187,-0.404633,0.013847825
242606,Josh Cullen,Central Midfield,30.154688569472963,2026-06-03,3,2026-10-13,xgboost,4000000,-0.20182681,3192692.756652832,-0.35823962,0.02900947
242631,Alex Iwobi,Left Winger,30.083504449007528,2026-06-03,3,2026-10-13,xgboost,20000000,-0.13218385,17356323.00376892,-0.28192574,0.06332207
243591,Lawrence Vigouroux,Goalkeeper,32.5201916495551,2026-05-28,3,2026-10-07,xgboost,450000,-0.029850367,436567.33464449644,-0.2406823,0.24938884
245056,Saša Lukić,Central Midfield,29.804243668720055,2026-06-03,3,2026-10-13,xgboost,10000000,-0.13122654,8687734.603881836,-0.27021557,0.11639193
249089,Lewis Cook,Central Midfield,29.32785763175907,2026-06-03,3,2026-10-13,xgboost,11000000,-0.14467609,9408563.017845154,-0.27547866,0.08021941
249565,Youri Tielemans,Central Midfield,29.073237508555785,2026-06-03,3,2026-10-13,xgboost,30000000,-0.14916234,25525129.88448143,-0.26989123,0.06408944
249994,José Sá,Goalkeeper,33.374401095140314,2026-06-03,3,2026-10-13,xgboost,3500000,-0.2971165,2460092.2912359238,-0.4312495,-0.049697045
250426,Adam Armstrong,Centre-Forward,29.308692676249144,2026-06-03,3,2026-10-13,xgboost,6000000,-0.25013512,4499189.257621765,-0.33242312,0.017144041
250478,Matt Targett,Left-Back,30.691307323750856,2026-05-28,3,2026-10-07,xgboost,3000000,-0.16803063,2495908.096432686,-0.3612954,0.057263326
251106,Enes Ünal,Centre-Forward,29.065023956194388,2026-06-03,3,2026-10-13,xgboost,7000000,-0.074347354,6479568.5186982155,-0.28502464,0.22823831
251912,Semi Ajayi,Centre-Back,32.54757015742642,2026-05-28,3,2026-10-07,xgboost,700000,-0.1818088,572733.8403463364,-0.3931671,0.03130091
253677,Tyrone Mings,Centre-Back,33.223819301848046,2026-06-03,3,2026-10-13,xgboost,3000000,-0.19680387,2409588.396549225,-0.38186017,0.030139454
255788,Cameron Burgess,Centre-Back,30.600958247775495,2026-05-28,3,2026-10-07,xgboost,1500000,-0.10674114,1339888.2932960987,-0.3201812,0.08059303
256178,Joe Gomez,Centre-Back,29.02943189596167,2026-06-03,3,2026-10-13,xgboost,13000000,-0.14699505,11089064.314961433,-0.28158006,0.08855513
257455,João Palhinha,Defensive Midfield,30.902121834360027,2026-06-03,3,2026-10-13,xgboost,15000000,-0.19850215,12022467.702627182,-0.30380553,0.036887515
258004,Rúben Dias,Centre-Back,29.05407255304586,2026-06-03,3,2026-10-13,xgboost,55000000,-0.12954658,47874937.95156479,-0.2534612,0.030627407
258216,Kasey Palmer,Attacking Midfield,29.503080082135522,2026-05-12,3,2026-09-21,xgboost,900000,-0.026608994,876051.9051924348,-0.2589905,0.32723132
258878,Tosin Adarabioyo,Centre-Back,28.689938398357288,2026-06-03,3,2026-10-13,xgboost,16000000,-0.13393733,13857002.73513794,-0.26331276,0.121158764
258889,Dominic Solanke,Centre-Forward,28.71731690622861,2026-06-03,3,2026-10-13,xgboost,28000000,-0.15694423,23605561.554431915,-0.2651853,0.037583504
258919,Dean Henderson,Goalkeeper,29.22655715263518,2026-06-03,3,2026-10-13,xgboost,28000000,-0.027634753,27226226.918399334,-0.23725288,0.24166922
260827,Joachim Andersen,Centre-Back,30.00684462696783,2026-06-03,3,2026-10-13,xgboost,20000000,-0.12457621,17508475.78048706,-0.28396577,0.07983055
262226,Timothy Castagne,Right-Back,30.494182067077343,2026-06-03,3,2026-10-13,xgboost,8000000,-0.15995076,6720393.896102905,-0.31557164,0.092534184
262300,Ryan Manning,Left-Back,29.95208761122519,2026-05-28,3,2026-10-07,xgboost,2800000,-0.13149989,2431800.317764282,-0.34251505,0.19094276
262749,David Raya,Goalkeeper,30.715947980835043,2026-06-03,3,2026-10-13,xgboost,30000000,-0.16654432,25003670.45402527,-0.28642178,0.04361033
262980,Jefferson Lerma,Defensive Midfield,31.60574948665298,2026-06-03,3,2026-10-13,xgboost,6000000,-0.20765659,4754060.447216034,-0.37804437,0.08387572
263236,Kevin Danso,Centre-Back,27.704312114989733,2026-06-03,3,2026-10-13,xgboost,20000000,-0.059953913,18800921.738147736,-0.23734654,0.21819057
270171,Vitaly Janelt,Defensive Midfield,28.06570841889117,2026-06-03,3,2026-10-13,xgboost,16000000,-0.08706381,14606979.012489319,-0.25138173,0.15870105
272622,Issa Diop,Centre-Back,29.39630390143737,2026-06-03,3,2026-10-13,xgboost,8000000,-0.13094708,6952423.334121704,-0.3120293,0.09102242
273742,Viktor Johansson,Goalkeeper,27.701574264202602,2026-05-28,3,2026-10-07,xgboost,12000000,-0.014239928,11829120.866954327,-0.20360266,0.29056242
277033,David Brooks,Right Winger,28.903490759753595,2026-06-03,3,2026-10-13,xgboost,12000000,-0.15536067,10135671.973228455,-0.2689774,0.093666755
279455,Harry Wilson,Right Winger,29.19917864476386,2026-06-03,3,2026-10-13,xgboost,25000000,-0.021672603,24458184.93142724,-0.20994513,0.21890007
282939,Luke O'Nien,Centre-Back,31.531827515400412,2026-06-03,3,2026-10-13,xgboost,700000,-0.19858642,560989.5065426826,-0.3749297,0.08258969
283628,Tomáš Souček,Defensive Midfield,31.263518138261464,2026-06-03,3,2026-10-13,xgboost,10000000,-0.21682969,7831703.1264305115,-0.37767965,0.028475884
284320,Dion Charles,Centre-Forward,30.595482546201232,2026-05-12,3,2026-09-21,xgboost,500000,-0.11726286,441368.56868863106,-0.31854466,0.098017745
284857,Marc Cucurella,Left-Back,27.865845311430526,2026-06-03,3,2026-10-13,xgboost,50000000,-0.07756873,46121563.38989735,-0.21486527,0.1864911
286047,Guglielmo Vicario,Goalkeeper,29.65366187542779,2026-06-03,3,2026-10-13,xgboost,18000000,-0.14819567,15332477.95701027,-0.26031348,0.05228148
292246,Hee-chan Hwang,Centre-Forward,30.351813826146476,2026-06-03,3,2026-10-13,xgboost,6000000,-0.25785953,4452842.831611633,-0.3588674,0.010920721
293194,Borna Sosa,Left-Back,28.36413415468857,2026-06-03,3,2026-10-13,xgboost,3000000,-0.09097921,2727062.366902828,-0.3127635,0.24744286
293213,Amir Hadziahmetovic,Defensive Midfield,29.22108145106092,2026-05-28,3,2026-10-07,xgboost,4000000,-0.070567906,3717728.37638855,-0.23815556,0.15469746
293281,Jacob Bruun Larsen,Left Winger,27.704312114989733,2026-06-03,3,2026-10-13,xgboost,4000000,-0.08029652,3678813.934326172,-0.2659348,0.22787973
294057,James Maddison,Attacking Midfield,29.52498288843258,2026-06-03,3,2026-10-13,xgboost,20000000,-0.2505499,14989001.750946045,-0.30572942,-0.00046701755
295313,Taiwo Awoniyi,Centre-Forward,28.80766598220397,2026-06-03,3,2026-10-13,xgboost,8000000,-0.1347142,6922286.39125824,-0.26855683,0.109201595
296582,Max O'Leary,Goalkeeper,29.6290212183436,2026-05-28,3,2026-10-07,xgboost,2000000,0.0760396,2152079.1947841644,-0.22158669,0.45239824
296802,Walter Benítez,Goalkeeper,33.36892539356605,2026-06-03,3,2026-10-13,xgboost,4000000,-0.21313047,3147478.1036376953,-0.3819837,0.05458729
296978,Liam Cullen,Attacking Midfield,27.096509240246405,2026-05-28,3,2026-10-07,xgboost,3200000,0.15234633,3687508.249282837,-0.0808841,0.5456668
297212,Joe Rodon,Centre-Back,28.61327857631759,2026-06-03,3,2026-10-13,xgboost,18000000,0.045873895,18825730.115175247,-0.10149083,0.29826382
297257,Mikey Johnston,Left Winger,27.107460643394933,2026-05-28,3,2026-10-07,xgboost,4000000,0.028322052,4113288.2088422775,-0.18578343,0.4633084
306024,Dominic Calvert-Lewin,Centre-Forward,29.215605749486652,2026-06-03,3,2026-10-13,xgboost,22000000,-0.094492264,19921170.189976692,-0.23604219,0.18735911
309400,Kai Havertz,Centre-Forward,26.978781656399725,2026-06-03,3,2026-10-13,xgboost,55000000,0.022191668,56220541.736111045,-0.11656496,0.2037982
314241,Josh Laurent,Central Midfield,31.077344284736483,2026-06-03,3,2026-10-13,xgboost,1500000,-0.14354213,1284686.8112683296,-0.3498109,0.04984969
314288,Lukas Nmecha,Centre-Forward,27.468856947296374,2026-06-03,3,2026-10-13,xgboost,10000000,0.03325284,10332528.38999033,-0.19574808,0.39543477
314367,Marcus Edwards,Right Winger,27.498973305954827,2026-06-03,3,2026-10-13,xgboost,6000000,-0.111979306,5328124.165534973,-0.27980047,0.21521424
314875,Jarrod Bowen,Right Winger,29.451060917180012,2026-06-03,3,2026-10-13,xgboost,30000000,-0.16289446,25113166.27264023,-0.291654,0.014228021
315858,Gianluigi Donnarumma,Goalkeeper,27.26899383983573,2026-06-03,3,2026-10-13,xgboost,45000000,-0.0016387174,44926257.71847088,-0.19034156,0.25494713
316264,Martin Ødegaard,Attacking Midfield,27.460643394934976,2026-06-03,3,2026-10-13,xgboost,65000000,-0.044155844,62129870.16886473,-0.22287017,0.20132916
318508,Olivier Boscagli,Centre-Back,28.539356605065024,2026-06-03,3,2026-10-13,xgboost,15000000,-0.060019534,14099706.98878169,-0.2680894,0.22033012
319301,Daniel James,Right Winger,28.56125941136208,2026-06-03,3,2026-10-13,xgboost,10000000,-0.14913543,8508645.743131638,-0.28109628,0.13026425
319859,Mathias Jensen,Central Midfield,30.420260095824776,2026-06-03,3,2026-10-13,xgboost,10000000,-0.15473808,8452619.165182114,-0.31745934,0.10176443
321247,Emiliano Buendía,Left Winger,29.437371663244353,2026-06-03,3,2026-10-13,xgboost,16000000,-0.13297248,13872440.338134766,-0.28291798,0.09427165
324358,Ollie Watkins,Centre-Forward,30.425735797399042,2026-06-03,3,2026-10-13,xgboost,25000000,-0.16090432,20977392.04764366,-0.30291742,0.049079563
325443,Viktor Gyökeres,Centre-Forward,27.99726214921287,2026-06-03,3,2026-10-13,xgboost,65000000,-0.06815053,60570215.694606304,-0.19620514,0.16709559
326031,Matthijs de Ligt,Centre-Back,26.809034907597535,2026-06-03,3,2026-10-13,xgboost,30000000,-0.09526662,27142001.46496296,-0.2599061,0.13031058
328658,Kristoffer Ajer,Centre-Back,28.128678986995208,2026-06-03,3,2026-10-13,xgboost,18000000,-0.020805731,17625496.834516525,-0.20518804,0.27071375
330659,Justin Kluivert,Attacking Midfield,27.080082135523615,2026-06-03,3,2026-10-13,xgboost,25000000,-0.113662526,22158436.849713326,-0.25181863,0.12287629
331726,Tammy Abraham,Centre-Forward,28.66803559206023,2026-06-03,3,2026-10-13,xgboost,18000000,-0.12936518,15671426.832675934,-0.26915473,0.08948186
332705,Tyler Adams,Defensive Midfield,27.299110198494184,2026-06-03,3,2026-10-13,xgboost,25000000,0.0046319794,25115799.48477447,-0.1988942,0.281929
333014,Sander Berge,Defensive Midfield,28.298425735797398,2026-06-03,3,2026-10-13,xgboost,25000000,-0.040312894,23992177.65778303,-0.2209284,0.23241052
333241,Joelinton,Central Midfield,29.801505817932924,2026-06-03,3,2026-10-13,xgboost,25000000,-0.16079436,20980140.939354897,-0.26751223,0.045575865
335721,Ben White,Right-Back,28.65160848733744,2026-06-03,3,2026-10-13,xgboost,30000000,-0.1010288,26969135.999679565,-0.26641712,0.14834766
336077,Altay Bayındır,Goalkeeper,28.136892539356605,2026-06-03,3,2026-10-13,xgboost,5000000,-0.105937175,4470314.122736454,-0.29355413,0.24957025
338424,Mikel Merino,Central Midfield,29.946611909650922,2026-06-03,3,2026-10-13,xgboost,25000000,-0.15754567,21061358.228325844,-0.27430102,0.034326527
338629,Sebastiaan Bornauw,Centre-Back,27.200547570157426,2026-06-03,3,2026-10-13,xgboost,8000000,-0.0061247745,7951001.804322004,-0.20237179,0.38480902
339340,Tyrell Malacia,Left-Back,26.795345653661876,2026-06-03,3,2026-10-13,xgboost,4000000,0.012773656,4051094.625145197,-0.2864138,0.38316116
339556,Rico Henry,Left-Back,28.903490759753595,2026-06-03,3,2026-10-13,xgboost,13000000,-0.15926294,10929581.77626133,-0.2836176,0.09805134
340321,Josh Dasilva,Central Midfield,27.61122518822724,2026-06-03,3,2026-10-13,xgboost,1500000,-0.122831695,1315752.4578273296,-0.326093,0.28916824
340324,Eddie Nketiah,Centre-Forward,27.01163586584531,2026-06-03,3,2026-10-13,xgboost,10000000,-0.088676855,9113231.45031929,-0.2637693,0.23665361
340325,Reiss Nelson,Left Winger,26.480492813141684,2026-06-03,3,2026-10-13,xgboost,8000000,-0.13277705,6937783.598899841,-0.2850026,0.27014813
340329,Joe Willock,Central Midfield,26.78713210130048,2026-06-03,3,2026-10-13,xgboost,14000000,-0.08845887,12761575.773358345,-0.2500741,0.20032191
340456,Noussair Mazraoui,Right-Back,28.550308008213552,2026-06-03,3,2026-10-13,xgboost,18000000,-0.13113524,15639565.67645073,-0.25546694,0.093054436
340918,Caoimhín Kelleher,Goalkeeper,27.526351813826146,2026-06-03,3,2026-10-13,xgboost,28000000,0.055301204,29548433.72106552,-0.061373778,0.29393598
340990,Alfie Jones,Centre-Back,28.637919233401778,2026-05-28,3,2026-10-07,xgboost,6000000,0.007852426,6047114.554792643,-0.21824282,0.323992
341051,Kyle Walker-Peters,Right-Back,29.138945927446954,2026-06-03,3,2026-10-13,xgboost,12000000,-0.20167446,9579906.463623047,-0.2827403,0.0045841634
341092,Federico Chiesa,Right Winger,28.605065023956193,2026-06-03,3,2026-10-13,xgboost,13000000,-0.13715695,11216959.670186043,-0.24926554,0.12162889
341501,Hamza Choudhury,Defensive Midfield,28.654346338124572,2026-05-28,3,2026-10-07,xgboost,4000000,-0.1269934,3492026.388645172,-0.32588756,0.15104435
342046,Axel Tuanzebe,Centre-Back,28.550308008213552,2026-06-03,3,2026-10-13,xgboost,5000000,-0.07242556,4637872.204184532,-0.28943908,0.23862655
344069,Anton Stach,Defensive Midfield,27.548254620123203,2026-06-03,3,2026-10-13,xgboost,28000000,0.05238166,29466686.502099037,-0.08178889,0.2779665
345911,Ladislav Krejci,Centre-Back,27.121149897330596,2026-06-03,3,2026-10-13,xgboost,22000000,-0.05842602,20714627.58630514,-0.20802912,0.25823933
346314,Trevoh Chalobah,Centre-Back,26.913073237508556,2026-06-03,3,2026-10-13,xgboost,40000000,-0.012114646,39515414.16347027,-0.17485386,0.30003038
346483,Mason Mount,Attacking Midfield,27.394934976043807,2026-06-03,3,2026-10-13,xgboost,25000000,-0.1340404,21648989.990353584,-0.256145,0.10294021
346707,Sean Longstaff,Central Midfield,28.591375770020534,2026-06-03,3,2026-10-13,xgboost,15000000,-0.12732606,13090109.154582024,-0.25179508,0.11948972
346890,Noah Okafor,Left Winger,26.026009582477755,2026-06-03,3,2026-10-13,xgboost,25000000,0.22703317,30675829.20193672,-0.07825187,0.42331004
348026,Nordi Mukiele,Right-Back,28.58590006844627,2026-06-03,3,2026-10-13,xgboost,16000000,-0.08291397,14673376.441001892,-0.22527029,0.13551614
349066,Alexander Isak,Centre-Forward,26.699520876112253,2026-06-03,3,2026-10-13,xgboost,85000000,-0.12151906,74670879.98986244,-0.23658702,0.07702452
349701,Antonee Robinson,Left-Back,28.8186173853525,2026-06-03,3,2026-10-13,xgboost,22000000,-0.14625666,18782353.579998016,-0.25696898,0.048802074
351749,Kalvin Phillips,Defensive Midfield,30.48596851471595,2026-05-28,3,2026-10-07,xgboost,2500000,-0.24893461,1877663.4708046913,-0.3900737,0.04892185
352041,Lucas Perri,Goalkeeper,28.479123887748116,2026-06-03,3,2026-10-13,xgboost,10000000,-0.15699401,8430059.850215912,-0.27283663,0.13842098
353032,Omar Alderete,Centre-Back,29.43463381245722,2026-06-03,3,2026-10-13,xgboost,13000000,-0.08756522,11861652.128398418,-0.2469043,0.1028794
354362,Rodrigo Bentancur,Defensive Midfield,28.93908281998631,2026-06-03,3,2026-10-13,xgboost,20000000,-0.16130319,16773936.15245819,-0.2559869,0.041812718
355915,Cristian Romero,Centre-Back,28.10130047912389,2026-06-03,3,2026-10-13,xgboost,45000000,-0.14009167,38695874.735713005,-0.2314483,0.04312744
356141,Daichi Kamada,Attacking Midfield,29.82614647501711,2026-06-03,3,2026-10-13,xgboost,10000000,-0.12990318,8700968.17612648,-0.27670926,0.12251597
357119,Ibrahima Konaté,Centre-Back,27.025325119780973,2026-06-03,3,2026-10-13,xgboost,45000000,-0.07411426,41664858.16240311,-0.22169511,0.13103838
357147,Diogo Dalot,Right-Back,27.211498973305954,2026-06-03,3,2026-10-13,xgboost,30000000,-0.037211757,28883647.28540182,-0.22215287,0.23230226
357162,Florentino,Defensive Midfield,26.78986995208761,2026-06-03,3,2026-10-13,xgboost,16000000,-0.09304496,14511280.6558609,-0.2307636,0.20603697
357565,Rodri,Defensive Midfield,29.946611909650922,2026-06-03,3,2026-10-13,xgboost,50000000,-0.21733853,39133073.38953018,-0.29921475,-0.0007744962
357656,Jayson Molumby,Central Midfield,26.809034907597535,2026-05-28,3,2026-10-07,xgboost,3500000,0.21137202,4239802.062511444,-0.08134304,0.6645039
357658,Mark Travers,Goalkeeper,27.044490075290895,2026-06-03,3,2026-10-13,xgboost,3000000,-0.021004135,2936987.5956326723,-0.28895998,0.37945074
357662,Declan Rice,Central Midfield,27.38398357289528,2026-06-03,3,2026-10-13,xgboost,120000000,-0.020296216,117564454.07867432,-0.19006751,0.22598445
361093,Sven Botman,Centre-Back,26.390143737166323,2026-06-03,3,2026-10-13,xgboost,35000000,-0.010421541,34635246.07941508,-0.2463873,0.23427951
362108,Gabriel Gudmundsson,Left-Back,27.096509240246405,2026-06-03,3,2026-10-13,xgboost,20000000,-0.009024341,19819513.1868124,-0.17601345,0.30176514
363205,Gabriel Jesus,Centre-Forward,29.166324435318277,2026-06-03,3,2026-10-13,xgboost,17000000,-0.15472922,14369603.306055069,-0.2855685,0.044286184
363901,Nik Tzanev,Goalkeeper,29.38261464750171,2026-05-12,3,2026-09-21,xgboost,100000,0.62308234,162308.23397636414,-0.14553857,0.8599498
365108,Dan Ndoye,Right Winger,25.60438056125941,2026-06-03,3,2026-10-13,xgboost,32000000,-0.108446546,28529710.53123474,-0.22731528,0.11647652
369316,Ferdi Kadıoğlu,Left-Back,26.65571526351814,2026-06-03,3,2026-10-13,xgboost,35000000,0.09302154,38255753.964185715,-0.043627206,0.3029226
369962,Joël Piroe,Centre-Forward,26.836413415468858,2026-06-03,3,2026-10-13,xgboost,10000000,-0.14274684,8572531.640529633,-0.26603043,0.23503435
371013,Ivor Pandur,Goalkeeper,26.17385352498289,2026-05-28,3,2026-10-07,xgboost,4500000,0.22438057,5509712.554514408,-0.04902447,0.6424307
371851,Jaka Bijol,Centre-Back,27.32375085557837,2026-06-03,3,2026-10-13,xgboost,20000000,0.11401066,22280213.236808777,-0.089509465,0.31759012
375885,Ibrahim Sangaré,Defensive Midfield,28.501026694045173,2026-06-03,3,2026-10-13,xgboost,20000000,-0.115247555,17695048.89845848,-0.24943785,0.077989966
378710,Richarlison,Centre-Forward,29.065023956194388,2026-06-03,3,2026-10-13,xgboost,25000000,-0.16112179,20971955.358982086,-0.25532237,0.019866075
380350,Igor Julio,Centre-Back,28.317590691307323,2026-06-03,3,2026-10-13,xgboost,10000000,-0.18987295,8101270.496845245,-0.2966589,0.12444898
380744,Egil Selvik,Goalkeeper,28.826830937713893,2026-05-28,3,2026-10-07,xgboost,1500000,0.20521384,1807820.7671642303,-0.13034701,0.5258127
381753,Ilia Gruev,Defensive Midfield,26.075290896646134,2026-06-03,3,2026-10-13,xgboost,12000000,-0.014280604,11828632.7496171,-0.18961264,0.36984745
381963,Mike Tresor,Attacking Midfield,27.017111567419576,2026-06-03,3,2026-10-13,xgboost,2000000,-0.18387543,1632249.1466999054,-0.3415991,0.23077862
386047,Axel Disasi,Centre-Back,28.229979466119097,2026-06-03,3,2026-10-13,xgboost,15000000,-0.12603833,13109425.082802773,-0.28729817,0.16956635
387626,Leon Bailey,Right Winger,28.815879534565365,2026-06-03,3,2026-10-13,xgboost,14000000,-0.16636771,11670852.065086365,-0.27918407,0.07125801
388165,Yoane Wissa,Centre-Forward,29.746748802190282,2026-06-03,3,2026-10-13,xgboost,25000000,-0.18997322,20250669.49427128,-0.2615608,0.011406253
391005,Mads Roerslev,Right-Back,26.926762491444215,2026-05-28,3,2026-10-07,xgboost,4000000,-0.10351289,3585948.4374523163,-0.29090357,0.2857194
392179,Hjalmar Ekdal,Centre-Back,27.616700889801507,2026-06-03,3,2026-10-13,xgboost,5000000,-0.06911183,4654440.842568874,-0.27126765,0.26317015
392591,Chiedozie Ogbene,Right Winger,29.073237508555785,2026-05-28,3,2026-10-07,xgboost,4000000,-0.14579035,3416838.586330414,-0.28470165,0.0991459
392757,Marc Guéhi,Centre-Back,25.88911704312115,2026-06-03,3,2026-10-13,xgboost,70000000,0.04343875,73040712.58753538,-0.06866411,0.2696139
392765,Emile Smith Rowe,Attacking Midfield,25.848049281314168,2026-06-03,3,2026-10-13,xgboost,20000000,-0.047853153,19042936.93602085,-0.2348752,0.19541863
392768,Callum Hudson-Odoi,Left Winger,25.568788501026695,2026-06-03,3,2026-10-13,xgboost,30000000,-0.0042083464,29873749.60910529,-0.23483604,0.2578849
392770,Angel Gomes,Attacking Midfield,25.754962354551676,2026-06-03,3,2026-10-13,xgboost,10000000,-0.17085886,8291411.399841309,-0.25274923,0.22079524
392771,Ethan Ampadu,Defensive Midfield,25.71663244353183,2026-06-03,3,2026-10-13,xgboost,30000000,0.09850002,32955000.62406063,-0.054323032,0.3318065
392775,Ryan Sessegnon,Left-Back,26.04243668720055,2026-06-03,3,2026-10-13,xgboost,22000000,0.10414248,24291134.551167488,-0.13169652,0.29695797
393323,Brenden Aaronson,Attacking Midfield,25.61259411362081,2026-06-03,3,2026-10-13,xgboost,22000000,0.12481606,24745953.32145691,-0.08885096,0.35901648
394327,Boubacar Kamara,Defensive Midfield,26.527036276522928,2026-06-03,3,2026-10-13,xgboost,40000000,-0.0017745702,39929017.19175279,-0.20699649,0.30856252
396174,Jimmy Dunne,Right-Back,28.605065023956193,2026-05-28,3,2026-10-07,xgboost,5000000,-0.028825486,4855872.569605708,-0.21828198,0.33304232
397033,Sandro Tonali,Defensive Midfield,26.069815195071868,2026-06-03,3,2026-10-13,xgboost,80000000,-0.015820405,78734367.63882637,-0.1686923,0.24057458
398065,Harvey Barnes,Left Winger,28.48186173853525,2026-06-03,3,2026-10-13,xgboost,32000000,-0.056788977,30182752.72846222,-0.22930928,0.19572656
399434,Marcus Tavernier,Attacking Midfield,27.200547570157426,2026-06-03,3,2026-10-13,xgboost,25000000,0.07059412,26764852.926135063,-0.045816142,0.2934236
399776,Pau Torres,Centre-Back,29.377138945927445,2026-06-03,3,2026-10-13,xgboost,20000000,-0.14638793,17072241.30630493,-0.2552755,0.04224702
400536,Mads Hermansen,Goalkeeper,25.894592744695416,2026-06-03,3,2026-10-13,xgboost,15000000,-0.050984606,14235230.907797813,-0.24105646,0.27012566
401173,Jadon Sancho,Left Winger,26.190280629705683,2026-06-03,3,2026-10-13,xgboost,18000000,-0.09101954,16361648.261547089,-0.27572668,0.21460839
401320,Dara O'Shea,Centre-Back,27.23340177960301,2026-05-28,3,2026-10-07,xgboost,16000000,0.04979811,16796769.738197327,-0.118396364,0.28946295
401922,Samuel Chukwueze,Right Winger,27.033538672142367,2026-06-03,3,2026-10-13,xgboost,18000000,0.09759669,19756740.421056747,-0.07858315,0.381079
403151,Robert Sánchez,Goalkeeper,28.539356605065024,2026-06-03,3,2026-10-13,xgboost,22000000,-0.0389215,21143726.967275143,-0.24498194,0.20995146
403898,Jordan Beyer,Centre-Back,26.039698836413415,2026-06-03,3,2026-10-13,xgboost,1500000,-0.09973409,1350398.8645970821,-0.3294593,0.27698758
404842,Vitaliy Mykolenko,Left-Back,27.014373716632445,2026-06-03,3,2026-10-13,xgboost,25000000,-0.018271068,24543223.29722345,-0.20104162,0.25591362
406556,Tom McGill,Goalkeeper,26.190280629705683,2026-06-03,3,2026-10-13,xgboost,500000,0.21631639,608158.1935286522,-0.21453889,0.6251231
406634,Matt O'Riley,Central Midfield,25.530458590006845,2026-06-03,3,2026-10-13,xgboost,18000000,-0.0005475811,17990143.53984967,-0.24320377,0.26660573
406635,Phil Foden,Attacking Midfield,26.015058179329227,2026-06-03,3,2026-10-13,xgboost,70000000,-0.09586674,63289328.21750641,-0.2385108,0.14568199
408872,Paul Smyth,Right Winger,28.711841204654345,2026-05-28,3,2026-10-07,xgboost,800000,0.34398466,1075187.7307891846,-0.08925476,0.92286885
410225,Ismaïla Sarr,Right Winger,28.268309377138944,2026-06-03,3,2026-10-13,xgboost,40000000,0.08256758,43302703.20177078,-0.10781793,0.26346606
410425,Yves Bissouma,Defensive Midfield,29.75770020533881,2026-06-03,3,2026-10-13,xgboost,10000000,-0.2024492,7975507.974624634,-0.2995579,0.02850913
410708,Pascal Struijk,Centre-Back,26.811772758384667,2026-06-03,3,2026-10-13,xgboost,22000000,0.021048453,22463065.959513187,-0.17802972,0.34672958
411537,Zian Flemming,Centre-Forward,27.838466803559207,2026-06-03,3,2026-10-13,xgboost,12000000,-0.056399837,11323201.954364777,-0.19837905,0.23731446
412616,Giorgi Chakvetadze,Attacking Midfield,26.746064339493497,2026-05-28,3,2026-10-07,xgboost,3500000,-0.049184248,3327855.132520199,-0.30328187,0.32239866
413039,Bryan Mbeumo,Right Winger,26.822724161533195,2026-06-03,3,2026-10-13,xgboost,75000000,-0.07746625,69190031.29005432,-0.1695106,0.103671245
413220,James Justin,Right-Back,28.27378507871321,2026-06-03,3,2026-10-13,xgboost,12000000,-0.05519773,11337627.232074738,-0.24915464,0.25747123
413403,Ezri Konsa,Centre-Back,28.61054072553046,2026-06-03,3,2026-10-13,xgboost,40000000,-0.026931882,38922724.72381592,-0.2091231,0.20532073
413507,Nikola Milenković,Centre-Back,28.640657084188913,2026-06-03,3,2026-10-13,xgboost,28000000,-0.1047507,25066980.3917408,-0.2575988,0.09695499
415381,Mats Wieffer,Right-Back,26.546201232032853,2026-06-03,3,2026-10-13,xgboost,25000000,-0.0070915394,24822711.513843387,-0.23391685,0.25878108
415912,Konstantinos Mavropanos,Centre-Back,28.476386036960985,2026-06-03,3,2026-10-13,xgboost,18000000,0.053927243,18970690.369606018,-0.17042412,0.20389791
415970,Joe Worrall,Centre-Back,29.39356605065024,2026-06-03,3,2026-10-13,xgboost,2000000,-0.17774408,1644511.8486881256,-0.34788358,0.048950702
418560,Erling Haaland,Centre-Forward,25.867214236824093,2026-06-03,3,2026-10-13,xgboost,200000000,0.041757025,208351404.96492386,-0.17135283,0.27863517
420002,Jean-Philippe Mateta,Centre-Forward,28.930869267624914,2026-06-03,3,2026-10-13,xgboost,30000000,-0.1333313,26000061.03515625,-0.23648989,0.0602787
420210,Lutsharel Geertruida,Right-Back,25.87542778918549,2026-06-03,3,2026-10-13,xgboost,20000000,0.03581306,20716261.193156242,-0.20438808,0.364299
420243,Jurriën Timber,Right-Back,24.960985626283367,2026-06-03,3,2026-10-13,xgboost,70000000,0.030674597,72147221.80739045,-0.17971227,0.2670888
420808,George Hirst,Centre-Forward,27.279945242984258,2026-05-28,3,2026-10-07,xgboost,10000000,0.1817312,11817311.942577362,-0.082574144,0.43046603
423440,Martín Zubimendi,Defensive Midfield,27.33196440793977,2026-06-03,3,2026-10-13,xgboost,75000000,-0.08968814,68273389.71197605,-0.17451063,0.09152799
424015,Nathan Patterson,Right-Back,24.629705681040384,2026-06-03,3,2026-10-13,xgboost,10000000,0.012986556,10129865.556955338,-0.24257134,0.37558383
425334,Matty Cash,Right-Back,28.82135523613963,2026-06-03,3,2026-10-13,xgboost,22000000,-0.06534114,20562494.978308678,-0.2488834,0.19447665
425902,Ryan Yates,Central Midfield,28.531143052703626,2026-06-03,3,2026-10-13,xgboost,7000000,-0.16906594,5816538.438200951,-0.2754377,0.13283192
427568,Aaron Ramsdale,Goalkeeper,28.05475701574264,2026-06-03,3,2026-10-13,xgboost,12000000,-0.06305625,11243324.965238571,-0.27035013,0.27545893
428016,Brandon Austin,Goalkeeper,27.40041067761807,2026-06-03,3,2026-10-13,xgboost,500000,0.13818404,569092.0203924179,-0.23108618,0.5694117
428061,Riley McGree,Central Midfield,27.567419575633128,2026-05-28,3,2026-10-07,xgboost,3500000,0.18036939,4131292.872130871,-0.09191663,0.50508523
429014,Morgan Gibbs-White,Attacking Midfield,26.349075975359344,2026-06-03,3,2026-10-13,xgboost,70000000,0.09108381,76375866.68133736,-0.047190648,0.30596018
429915,Maxim De Cuyper,Left-Back,25.44558521560575,2026-06-03,3,2026-10-13,xgboost,22000000,0.063225836,23390968.38235855,-0.19054839,0.32449058
429983,Jørgen Strand Larsen,Centre-Forward,26.321697467488022,2026-06-03,3,2026-10-13,xgboost,40000000,-0.11782895,35286841.98856354,-0.20322219,0.12016986
431755,Dejan Kulusevski,Attacking Midfield,26.105407255304584,2026-06-03,3,2026-10-13,xgboost,17000000,-0.19415224,13699411.988258362,-0.2889109,0.14863281
432164,Igor Jesus,Centre-Forward,25.267624914442163,2026-06-03,3,2026-10-13,xgboost,25000000,0.09377132,27344283.08904171,-0.06036883,0.36083904
432914,John Victor,Goalkeeper,30.302532511978097,2026-06-03,3,2026-10-13,xgboost,5000000,-0.1732272,4133863.9706373215,-0.34972864,0.098579235
433177,Bukayo Saka,Right Winger,24.7419575633128,2026-06-03,3,2026-10-13,xgboost,110000000,-0.06587449,102753806.41222,-0.21154365,0.14228511
433188,Curtis Jones,Central Midfield,25.338809034907598,2026-06-03,3,2026-10-13,xgboost,35000000,-0.020009255,34299676.07371509,-0.2233303,0.25338402
433991,Ethan Galbraith,Central Midfield,25.045859000684462,2026-05-28,3,2026-10-07,xgboost,2500000,0.402123,3505307.510495186,-0.063961886,0.8733537
434223,Adam Idah,Centre-Forward,25.28952772073922,2026-05-28,3,2026-10-07,xgboost,4500000,-0.07555456,4160004.4928491116,-0.2455331,0.28446108
434224,Maxence Lacroix,Centre-Back,26.157426420260094,2026-06-03,3,2026-10-13,xgboost,50000000,0.11208922,55604460.83545685,-0.046722434,0.32173157
434675,Cody Gakpo,Left Winger,27.07460643394935,2026-06-03,3,2026-10-13,xgboost,60000000,-0.090762384,54554256.945848465,-0.20944197,0.11155706
435062,Callum Styles,Left-Back,26.168377823408623,2026-05-28,3,2026-10-07,xgboost,3000000,0.21519151,3645574.539899826,-0.07844436,0.6660836
435338,Gabriel,Centre-Back,28.45448323066393,2026-06-03,3,2026-10-13,xgboost,75000000,-0.026034698,73047397.65822887,-0.22227894,0.19266124
435648,Joshua Zirkzee,Centre-Forward,25.032169746748803,2026-06-03,3,2026-10-13,xgboost,20000000,-0.07638614,18472277.224063873,-0.22141942,0.17899297
438001,Santiago Bueno,Centre-Back,27.564681724845997,2026-06-03,3,2026-10-13,xgboost,10000000,-0.051126055,9488739.44580555,-0.21312824,0.2923079
442248,Ethan Pinnock,Centre-Back,33.01300479123888,2026-06-03,3,2026-10-13,xgboost,3000000,-0.26847422,2194577.3363113403,-0.42668208,0.01953603
445939,Omar Marmoush,Centre-Forward,27.318275154004105,2026-06-03,3,2026-10-13,xgboost,50000000,-0.108713046,44564347.714185715,-0.23018636,0.08462641
447661,Douglas Luiz,Central Midfield,28.0684462696783,2026-06-03,3,2026-10-13,xgboost,18000000,-0.13705958,15532927.483320236,-0.26644728,0.115811855
450050,Jean-Ricner Bellegarde,Central Midfield,27.93429158110883,2026-06-03,3,2026-10-13,xgboost,16000000,-0.15792109,13473262.548446655,-0.24236171,0.15106465
451276,Dominik Szoboszlai,Attacking Midfield,25.60438056125941,2026-06-03,3,2026-10-13,xgboost,100000000,0.0020867921,100208679.21411991,-0.16082625,0.24622872
454576,Róbert Boženík,Centre-Forward,26.524298425735797,2026-05-28,3,2026-10-07,xgboost,2500000,-0.028313171,2429217.0722037554,-0.28108275,0.3220621
455661,Nick Woltemade,Centre-Forward,24.298425735797398,2026-06-03,3,2026-10-13,xgboost,55000000,-0.082486786,50463226.77284479,-0.2230223,0.111742064
456292,Ellery Balcombe,Goalkeeper,26.633812457221083,2026-06-03,3,2026-10-13,xgboost,400000,0.4350602,574024.0812301636,-0.15382749,0.85948944
458178,Jack Taylor,Central Midfield,27.928815879534564,2026-05-28,3,2026-10-07,xgboost,3000000,-0.05510068,2834697.961807251,-0.24112481,0.35441345
460939,Tijjani Reijnders,Central Midfield,27.8466803559206,2026-06-03,3,2026-10-13,xgboost,50000000,-0.1257511,43712445.348501205,-0.23617655,0.06061798
461883,Calvin Bassey,Centre-Back,26.42299794661191,2026-06-03,3,2026-10-13,xgboost,28000000,0.032372985,28906443.58098507,-0.18915167,0.28229526
463603,Benoît Badiashile,Centre-Back,25.188227241615333,2026-06-03,3,2026-10-13,xgboost,15000000,-0.039893847,14401592.295616865,-0.25235492,0.218185
463605,Bafodé Diakité,Centre-Back,25.404517453798768,2026-06-03,3,2026-10-13,xgboost,25000000,-0.08794747,22801313.176751137,-0.23834534,0.14223291
465555,Djordje Petrovic,Goalkeeper,26.652977412731005,2026-06-03,3,2026-10-13,xgboost,28000000,0.026468012,28741104.34949398,-0.18633378,0.3082944
465717,Jayden Bogle,Right-Back,25.8507871321013,2026-06-03,3,2026-10-13,xgboost,15000000,0.14535075,17180261.313915253,-0.046996396,0.42695782
466805,Nico González,Defensive Midfield,24.413415468856947,2026-06-03,3,2026-10-13,xgboost,40000000,-0.06747599,37300960.421562195,-0.20949323,0.13545334
467623,Lyle Foster,Centre-Forward,25.746748802190282,2026-06-03,3,2026-10-13,xgboost,8000000,-0.08913431,7286925.494670868,-0.25083083,0.24832788
468198,Joe Aribo,Central Midfield,29.8507871321013,2026-05-28,3,2026-10-07,xgboost,1800000,-0.2234632,1397766.2533521652,-0.38990605,0.047139153
468539,Daniel Peretz,Goalkeeper,25.880903490759753,2026-05-28,3,2026-10-07,xgboost,4000000,0.023984408,4095937.632024288,-0.202216,0.5975966
469050,Nathan Collins,Centre-Back,25.09240246406571,2026-06-03,3,2026-10-13,xgboost,30000000,0.004485839,30134575.171396136,-0.21292987,0.24062203
469781,Marcos Senesi,Centre-Back,29.065023956194388,2026-06-03,3,2026-10-13,xgboost,25000000,0.08942712,27235678.024590015,-0.12727025,0.2664427
470607,Brennan Johnson,Right Winger,25.02943189596167,2026-06-03,3,2026-10-13,xgboost,30000000,-0.08745235,27376429.438591003,-0.23286459,0.13335752
472423,Reece James,Right-Back,26.48596851471595,2026-06-03,3,2026-10-13,xgboost,60000000,-0.041412413,57515255.21278381,-0.22338356,0.24318732
473050,Kevin Schade,Left Winger,24.514715947980836,2026-06-03,3,2026-10-13,xgboost,35000000,0.055840183,36954406.40673041,-0.1723794,0.28559574
473169,Brian Brobbey,Centre-Forward,24.334017796030118,2026-06-03,3,2026-10-13,xgboost,30000000,0.11673136,33501940.816640854,-0.05666979,0.32252562
474701,Crysencio Summerville,Left Winger,24.591375770020534,2026-06-03,3,2026-10-13,xgboost,35000000,0.08277691,37897191.904485226,-0.06499985,0.28953692
475188,Kiernan Dewsbury-Hall,Central Midfield,27.73990417522245,2026-06-03,3,2026-10-13,xgboost,35000000,0.049451895,36730816.32703543,-0.08429377,0.25415686
475411,Wesley Fofana,Centre-Back,25.45927446954141,2026-06-03,3,2026-10-13,xgboost,28000000,-0.005001273,27859964.355826378,-0.24263142,0.2156004
475416,Sorba Thomas,Left Winger,27.33744010951403,2026-05-28,3,2026-10-07,xgboost,14000000,0.14218819,15990634.679794312,-0.06365273,0.4843314
475959,Josko Gvardiol,Centre-Back,24.358658453114305,2026-06-03,3,2026-10-13,xgboost,70000000,-0.0059246095,69585277.33571827,-0.209297,0.19523929
476701,Manuel Ugarte,Defensive Midfield,25.144421629021217,2026-06-03,3,2026-10-13,xgboost,25000000,-0.08238552,22940362.05857992,-0.24232602,0.14485912
477758,Aaron Wan-Bissaka,Right-Back,28.517453798767967,2026-06-03,3,2026-10-13,xgboost,15000000,-0.1891279,12163081.392645836,-0.29313642,0.054749373
478573,Ryan Gravenberch,Defensive Midfield,24.04928131416838,2026-06-03,3,2026-10-13,xgboost,80000000,-0.05364913,75708069.50330734,-0.19933848,0.1463537
479999,Eberechi Eze,Attacking Midfield,27.928815879534564,2026-06-03,3,2026-10-13,xgboost,65000000,0.015629437,66015913.393348455,-0.08290757,0.19900805
480723,Finn Azaz,Attacking Midfield,25.71937029431896,2026-05-28,3,2026-10-07,xgboost,20000000,0.07198548,21439709.663391113,-0.10076713,0.3067826
480762,Lisandro Martínez,Centre-Back,28.372347707049965,2026-06-03,3,2026-10-13,xgboost,40000000,-0.090688154,36372473.83594513,-0.24852726,0.14983012
480987,Chris Mepham,Centre-Back,28.55852156057495,2026-05-28,3,2026-10-07,xgboost,3000000,-0.055288013,2834135.9607875347,-0.31390712,0.14258306
481675,Christos Mandas,Goalkeeper,24.709103353867214,2026-06-03,3,2026-10-13,xgboost,8000000,-0.061751653,7505986.779928207,-0.25809875,0.3390586
482836,David Strelec,Centre-Forward,25.14715947980835,2026-05-28,3,2026-10-07,xgboost,8000000,0.10243017,8819441.378116608,-0.10572614,0.40746346
483348,Djed Spence,Left-Back,25.815195071868583,2026-06-03,3,2026-10-13,xgboost,30000000,-0.03330425,29000872.44808674,-0.18674135,0.24905044
484547,Jeremie Frimpong,Right-Back,25.478439425051334,2026-06-03,3,2026-10-13,xgboost,35000000,-0.03704354,33703476.041555405,-0.22512493,0.2302017
485583,Ki-Jana Hoever,Right-Back,24.355920602327174,2026-05-28,3,2026-10-07,xgboost,3500000,-0.07439801,3239606.961607933,-0.27698386,0.33219385
485585,Ian Maatsen,Left-Back,24.23271731690623,2026-06-03,3,2026-10-13,xgboost,30000000,-0.0035201928,29894394.215662032,-0.1796508,0.24231495
485706,Amadou Onana,Defensive Midfield,24.79671457905544,2026-06-03,3,2026-10-13,xgboost,45000000,-0.03090873,43609107.15535283,-0.21957742,0.20619795
486049,Jérémy Doku,Left Winger,24.019164955509925,2026-06-03,3,2026-10-13,xgboost,75000000,0.1695384,87715379.52125072,-0.062577225,0.30525824
487465,Pedro Neto,Right Winger,26.234086242299796,2026-06-03,3,2026-10-13,xgboost,60000000,-0.0089303665,59464178.01082134,-0.1829571,0.24023333
487969,Randal Kolo Muani,Centre-Forward,27.49349760438056,2026-06-03,3,2026-10-13,xgboost,20000000,-0.10216132,17956773.63872528,-0.2396644,0.16171423
488362,Conor Gallagher,Central Midfield,26.321697467488022,2026-06-03,3,2026-10-13,xgboost,32000000,-0.026130902,31163811.147212982,-0.2572161,0.15616286
488935,Hákon Valdimarsson,Goalkeeper,24.637919233401778,2026-06-03,3,2026-10-13,xgboost,2500000,0.13679644,2841991.111636162,-0.20400932,0.79973406
489359,Ao Tanaka,Central Midfield,27.72895277207392,2026-06-03,3,2026-10-13,xgboost,13000000,0.15420794,15004703.283309937,-0.09517344,0.41990313
493003,Daniel Muñoz,Right-Back,30.02053388090349,2026-06-03,3,2026-10-13,xgboost,22000000,-0.14393958,18833329.141139984,-0.28295553,0.079017445
494237,Wilson Isidor,Centre-Forward,25.765913757700204,2026-06-03,3,2026-10-13,xgboost,18000000,0.07522511,19354051.932692528,-0.18883285,0.36728016
494880,Jorge Cuenca,Centre-Back,26.543463381245722,2026-06-03,3,2026-10-13,xgboost,8000000,0.036517136,8292137.086391449,-0.19504914,0.44722584
495666,William Saliba,Centre-Back,25.193702943189596,2026-06-03,3,2026-10-13,xgboost,100000000,0.12313701,112313701.21240616,-0.061260015,0.3002109
496659,Ben Cabango,Centre-Back,25.99315537303217,2026-05-28,3,2026-10-07,xgboost,9000000,-0.03235613,8708794.813603163,-0.239525,0.35761184
497291,Nicolás Domínguez,Central Midfield,27.9315537303217,2026-06-03,3,2026-10-13,xgboost,15000000,-0.120905355,13186419.680714607,-0.25188947,0.15933365
500689,Evann Guessand,Right Winger,24.922655715263517,2026-06-03,3,2026-10-13,xgboost,25000000,-0.09080613,22729846.835136414,-0.2440303,0.17712396
501743,Koki Saito,Left Winger,24.79671457905544,2026-05-28,3,2026-10-07,xgboost,3200000,0.07999721,3455991.0774230957,-0.2383421,0.53891015
502676,Giorgi Mamardashvili,Goalkeeper,25.675564681724847,2026-06-03,3,2026-10-13,xgboost,28000000,0.020077573,28562172.047793865,-0.20767593,0.32186586
502821,Riccardo Calafiori,Left-Back,24.041067761806982,2026-06-03,3,2026-10-13,xgboost,55000000,0.11051356,61078245.82606554,-0.071578704,0.26071948
503679,Rhys Williams,Centre-Back,25.32785763175907,2026-06-03,3,2026-10-13,xgboost,500000,0.35741198,678705.9903144836,-0.23586868,0.71270925
503680,Neco Williams,Left-Back,25.138945927446954,2026-06-03,3,2026-10-13,xgboost,28000000,0.11835785,31314019.858837128,-0.06662969,0.31423151
503686,Dan Ballard,Centre-Back,26.69678302532512,2026-06-03,3,2026-10-13,xgboost,20000000,0.027569512,20551390.23810625,-0.18003373,0.36148942
503733,Anthony Gordon,Left Winger,25.270362765229294,2026-06-03,3,2026-10-13,xgboost,65000000,0.1024508,71659302.18994617,-0.07924639,0.25400335
503743,Morgan Rogers,Attacking Midfield,23.854893908281998,2026-06-03,3,2026-10-13,xgboost,90000000,0.09614665,98653198.55511189,-0.035725635,0.30099934
503749,Jacob Ramsey,Central Midfield,25.01574264202601,2026-06-03,3,2026-10-13,xgboost,35000000,0.002611752,35091411.316534504,-0.2251847,0.23198828
503883,Senne Lammens,Goalkeeper,23.906913073237508,2026-06-03,3,2026-10-13,xgboost,35000000,0.116230324,39068061.33687496,-0.0502945,0.31106976
503981,Tino Livramento,Right-Back,23.5564681724846,2026-06-03,3,2026-10-13,xgboost,45000000,0.11212182,50045481.92024231,-0.081192166,0.29469308
503987,Noni Madueke,Right Winger,24.23271731690623,2026-06-03,3,2026-10-13,xgboost,50000000,0.017535135,50876756.75749779,-0.18555994,0.2519699
504849,Kaoru Mitoma,Left Winger,29.037645448323065,2026-06-03,3,2026-10-13,xgboost,22000000,-0.15955505,18489788.949489594,-0.2708865,0.055967767
505219,James Garner,Defensive Midfield,25.22381930184805,2026-06-03,3,2026-10-13,xgboost,45000000,0.10733923,49830265.49220085,-0.045340367,0.3368911
506942,Zan Vipotnik,Centre-Forward,24.194387405886378,2026-05-28,3,2026-10-07,xgboost,22000000,0.18518019,26073964.11895752,-0.053903673,0.5238495
513968,Aidan Morris,Central Midfield,24.528405201916495,2026-05-28,3,2026-10-07,xgboost,10000000,0.10156134,11015613.377094269,-0.06282968,0.4606654
514285,Quilindschy Hartman,Left-Back,24.550308008213552,2026-06-03,3,2026-10-13,xgboost,16000000,-0.066419475,14937288.403511047,-0.21143955,0.23062702
515544,Trai Hume,Right-Back,24.210814510609172,2026-06-03,3,2026-10-13,xgboost,22000000,0.042561267,22936347.864568233,-0.16602264,0.3714438
517894,Matheus Cunha,Centre-Forward,27.019849418206707,2026-06-03,3,2026-10-13,xgboost,75000000,0.08864666,81648499.33236837,-0.082025915,0.23703629
520624,Bruno Guimarães,Central Midfield,28.54483230663929,2026-06-03,3,2026-10-13,xgboost,70000000,-0.10166125,62883712.500333786,-0.23806226,0.081581675
521964,Malick Thiaw,Centre-Back,24.8186173853525,2026-06-03,3,2026-10-13,xgboost,45000000,0.024267819,46092051.8450439,-0.15995406,0.27646622
522784,Taty Castellanos,Centre-Forward,27.665982203969882,2026-06-03,3,2026-10-13,xgboost,28000000,-0.08027398,25752328.604459763,-0.1930313,0.20953411
524285,Luca Netz,Left-Back,23.052703627652292,2026-06-03,3,2026-10-13,xgboost,8000000,0.06647467,8531797.349452972,-0.1888049,0.7083774
525247,Maximilian Kilman,Centre-Back,29.02943189596167,2026-06-03,3,2026-10-13,xgboost,13000000,-0.2007317,10390487.968921661,-0.29057276,-0.012994632
532776,Amine Adli,Left Winger,26.064339493497606,2026-06-03,3,2026-10-13,xgboost,20000000,0.041571606,20831432.11901188,-0.19207451,0.33549228
534033,Alexis Mac Allister,Central Midfield,27.44147843942505,2026-06-03,3,2026-10-13,xgboost,70000000,-0.099376015,63043678.92444134,-0.22064108,0.09338008
536835,Amad Diallo,Right Winger,23.89596167008898,2026-06-03,3,2026-10-13,xgboost,45000000,-0.039164085,43237616.177648306,-0.20282285,0.20725155
538977,Georginio Rutter,Centre-Forward,24.12046543463381,2026-06-03,3,2026-10-13,xgboost,30000000,0.005260202,30157806.063070893,-0.17459191,0.24183169
540664,Dilane Bakwa,Right Winger,23.770020533880903,2026-06-03,3,2026-10-13,xgboost,28000000,-0.028670091,27197237.446904182,-0.22585525,0.2599378
540941,Mikkel Damsgaard,Attacking Midfield,25.916495550992472,2026-06-03,3,2026-10-13,xgboost,30000000,0.018074771,30542243.141680956,-0.18472382,0.29007274
541231,Sepp van den Berg,Centre-Back,24.451745379876797,2026-06-03,3,2026-10-13,xgboost,32000000,0.030770639,32984660.44664383,-0.16217484,0.2915042
542586,Illan Meslier,Goalkeeper,26.253251197809718,2026-06-03,3,2026-10-13,xgboost,8000000,-0.10619659,7150427.281856537,-0.2866571,0.2729015
543164,Rhys Norrington-Davies,Left-Back,27.09924709103354,2026-05-28,3,2026-10-07,xgboost,2500000,0.16141164,2903529.107570648,-0.14889163,0.49171066
543387,Cheick Doucouré,Defensive Midfield,26.401095140314855,2026-06-03,3,2026-10-13,xgboost,10000000,-0.15066148,8493385.165929794,-0.28955153,0.22896886
543499,Mohammed Kudus,Right Winger,25.83436002737851,2026-06-03,3,2026-10-13,xgboost,50000000,-0.092177376,45391131.192445755,-0.19965985,0.10930012
547039,Isaak Davies,Left Winger,24.62696783025325,2026-05-12,3,2026-09-21,xgboost,1000000,-0.01151665,988483.3497926593,-0.26760155,0.4217726
548729,Zeki Amdouni,Centre-Forward,25.49486652977413,2026-06-03,3,2026-10-13,xgboost,7000000,-0.14393416,5992460.876703262,-0.3024103,0.27095446
553875,Pedro Porro,Right-Back,26.72142368240931,2026-06-03,3,2026-10-13,xgboost,35000000,-0.08334299,32082995.288074017,-0.2245794,0.1219983
556385,Destiny Udogie,Left-Back,23.512662559890487,2026-06-03,3,2026-10-13,xgboost,30000000,-0.09722726,27083182.18588829,-0.24212413,0.17669083
557459,Micky van de Ven,Centre-Back,25.12251882272416,2026-06-03,3,2026-10-13,xgboost,50000000,-0.07762996,46118501.94633007,-0.22793524,0.16077347
559263,Fábio Carvalho,Attacking Midfield,23.759069130732374,2026-06-03,3,2026-10-13,xgboost,8000000,-0.1043992,7164806.425571442,-0.27146757,0.36175412
564529,Victor Kristiansen,Left-Back,23.446954140999317,2026-05-28,3,2026-10-07,xgboost,9000000,-0.12724768,7854770.913720131,-0.27612966,0.3484977
565093,Bart Verbruggen,Goalkeeper,23.79192334017796,2026-06-03,3,2026-10-13,xgboost,40000000,0.055973556,42238942.23570824,-0.16366304,0.29736
565822,Harvey Elliott,Attacking Midfield,23.16495550992471,2026-06-03,3,2026-10-13,xgboost,20000000,-0.09108926,18178214.728832245,-0.24132647,0.2590054
566799,James Trafford,Goalkeeper,23.64681724845996,2026-06-03,3,2026-10-13,xgboost,25000000,0.055218063,26380451.58237219,-0.23443265,0.3045054
566931,Xavi Simons,Attacking Midfield,23.11841204654346,2026-06-03,3,2026-10-13,xgboost,40000000,-0.08467246,36613101.66120529,-0.23586407,0.17708263
567576,Elliot Anderson,Central Midfield,23.572895277207394,2026-06-03,3,2026-10-13,xgboost,75000000,0.1832637,88744777.81355381,-0.058869757,0.30033764
568006,Dennis Cirkin,Left-Back,24.15879534565366,2026-06-03,3,2026-10-13,xgboost,6000000,-0.05337121,5679772.742092609,-0.28224164,0.4071569
568157,Yéremy Pino,Right Winger,23.619438740588638,2026-06-03,3,2026-10-13,xgboost,30000000,-0.044927873,28652163.818478584,-0.22576696,0.20719346
568177,Cole Palmer,Attacking Midfield,24.076659822039698,2026-06-03,3,2026-10-13,xgboost,100000000,-0.08089715,91910284.75761414,-0.21147412,0.103396475
568559,Radu Drăgușin,Centre-Back,24.32854209445585,2026-06-03,3,2026-10-13,xgboost,16000000,-0.09795087,14432786.107063293,-0.23807834,0.20114936
568693,Pape Matar Sarr,Central Midfield,23.718001368925393,2026-06-03,3,2026-10-13,xgboost,30000000,-0.064934134,28051975.965499878,-0.22803497,0.20216301
569663,Mathias Kvistgaarden,Centre-Forward,24.11772758384668,2026-05-28,3,2026-10-07,xgboost,6000000,-0.107293,5356241.98615551,-0.28129342,0.25620186
571743,Armando Broja,Centre-Forward,24.72826830937714,2026-06-03,3,2026-10-13,xgboost,5000000,-0.08779824,4561008.810997009,-0.298581,0.29423872
572265,Lorenzo Lucca,Centre-Forward,25.727583846680357,2026-06-03,3,2026-10-13,xgboost,20000000,-0.0024718693,19950562.613084912,-0.19534601,0.394207
576314,Jan Paul van Hecke,Centre-Back,25.984941820670773,2026-06-03,3,2026-10-13,xgboost,45000000,0.17468664,52860898.822546005,-0.048710823,0.35879666
578391,Rayan Aït-Nouri,Left-Back,24.99110198494182,2026-06-03,3,2026-10-13,xgboost,40000000,0.017492807,40699712.26155758,-0.19510719,0.27606654
578539,Chris Richards,Centre-Back,26.182067077344286,2026-06-03,3,2026-10-13,xgboost,28000000,0.13776417,31857396.78144455,-0.0704621,0.30763972
579295,Melker Widell,Central Midfield,24.10677618069815,2026-05-28,3,2026-10-07,xgboost,1800000,0.32393122,2383076.1909484863,-0.061250497,0.89293754
581672,Samuel Iling-Junior,Left Midfield,22.650239561943874,2026-05-29,3,2026-10-08,xgboost,6500000,-0.03563835,6268350.718542933,-0.2618741,0.5276272
583189,Anthony Elanga,Right Winger,24.10130047912389,2026-06-03,3,2026-10-13,xgboost,32000000,-0.089095846,29148932.933807373,-0.23188159,0.12756944
583199,James McAtee,Attacking Midfield,23.6249144421629,2026-06-03,3,2026-10-13,xgboost,18000000,-0.11578334,15915899.857878685,-0.22915772,0.21233457
583255,Antoine Semenyo,Right Winger,26.403832991101986,2026-06-03,3,2026-10-13,xgboost,80000000,0.036879577,82950366.13941193,-0.07587462,0.24655493
584769,Dwight McNeil,Left Winger,26.529774127310063,2026-06-03,3,2026-10-13,xgboost,18000000,-0.074542746,16658230.572938919,-0.24416164,0.19108787
585323,Filip Jørgensen,Goalkeeper,24.13141683778234,2026-06-03,3,2026-10-13,xgboost,15000000,0.043299865,15649497.974663973,-0.2366649,0.34683773
585550,Gavin Bazunu,Goalkeeper,24.265571526351813,2026-05-28,3,2026-10-07,xgboost,8000000,-0.07943704,7364503.6816596985,-0.27005735,0.25354773
585769,George Campbell,Centre-Back,24.930869267624914,2026-05-28,3,2026-10-07,xgboost,2000000,0.45102993,2902059.853076935,-0.05171964,0.993829
586834,Jesurun Rak-Sakyi,Right Winger,23.644079397672826,2026-05-28,3,2026-10-07,xgboost,6000000,0.119874574,6719247.445464134,-0.19831525,0.6402569
587222,Aune Heggebø,Centre-Forward,24.829568788501028,2026-05-28,3,2026-10-07,xgboost,7000000,0.039081603,7273571.223020554,-0.18746996,0.45600784
591949,Aaron Hickey,Right-Back,23.980835044490075,2026-06-03,3,2026-10-13,xgboost,16000000,0.061095253,16977524.042129517,-0.23739691,0.3284365
595809,Beto,Centre-Forward,28.33675564681725,2026-06-03,3,2026-10-13,xgboost,18000000,-0.082856335,16508585.974574089,-0.23441035,0.13791649
598577,Florian Wirtz,Attacking Midfield,23.085557837097877,2026-06-03,3,2026-10-13,xgboost,100000000,-0.06285027,93714973.33049774,-0.21695907,0.16093473
601883,Matheus Nunes,Right-Back,27.76728268309377,2026-06-03,3,2026-10-13,xgboost,50000000,0.022989998,51149499.882012606,-0.07496913,0.18922506
605184,Jean-Clair Todibo,Centre-Back,26.425735797399042,2026-06-03,3,2026-10-13,xgboost,22000000,-0.07362079,20380342.64743328,-0.24209797,0.1374973
605426,Melker Ellborg,Goalkeeper,23.033538672142367,2026-06-03,3,2026-10-13,xgboost,3000000,0.14727147,3441814.4077062607,-0.19413696,0.83630407
606718,Toti,Centre-Back,27.378507871321013,2026-06-03,3,2026-10-13,xgboost,18000000,-0.1718478,14906739.503145218,-0.24111402,0.08634303
607223,Rayan Cherki,Attacking Midfield,22.795345653661876,2026-06-03,3,2026-10-13,xgboost,90000000,0.18331233,106498109.40027237,-0.052571736,0.42769635
607224,Hannibal,Attacking Midfield,23.364818617385353,2026-06-03,3,2026-10-13,xgboost,15000000,-0.049802862,14252957.068383694,-0.18383463,0.27050966
607226,Loum Tchaouna,Right Winger,22.73511293634497,2026-06-03,3,2026-10-13,xgboost,13000000,-0.033489715,12564633.700996637,-0.23454413,0.30372614
608832,Merlin Röhl,Attacking Midfield,23.912388774811774,2026-06-03,3,2026-10-13,xgboost,16000000,0.057106897,16913710.355758667,-0.21633796,0.3779715
609556,William Osula,Centre-Forward,22.830937713894592,2026-06-03,3,2026-10-13,xgboost,28000000,0.28926653,36099462.74757385,-0.06962117,0.52229154
610581,Ali Al-Hamadi,Centre-Forward,24.197125256673512,2026-05-12,3,2026-09-21,xgboost,1500000,-0.027983222,1458025.1667648554,-0.28019956,0.37375462
610849,Liam Delap,Centre-Forward,23.315537303216974,2026-06-03,3,2026-10-13,xgboost,28000000,-0.08993384,25481852.412223816,-0.22948451,0.17125225
611793,James Hill,Centre-Back,24.39425051334702,2026-06-03,3,2026-10-13,xgboost,23000000,0.18820572,27328731.536865234,-0.048035957,0.5162625
612517,Bashir Humphreys,Centre-Back,23.21971252566735,2026-06-03,3,2026-10-13,xgboost,12000000,-0.063634194,11236389.66679573,-0.24278192,0.2802964
612749,Isaac Price,Central Midfield,22.6694045174538,2026-05-28,3,2026-10-07,xgboost,12000000,0.11665543,13399865.180253983,-0.071650766,0.5274003
614258,Levi Colwill,Centre-Back,23.266255989048595,2026-06-03,3,2026-10-13,xgboost,50000000,0.029369326,51468466.31541848,-0.21812454,0.3100886
615302,Mirko Topić,Defensive Midfield,25.305954825462013,2026-05-28,3,2026-10-07,xgboost,4000000,0.026999677,4107998.7064003944,-0.24396512,0.3467398
617018,Marko Stamenić,Central Midfield,24.268309377138944,2026-05-28,3,2026-10-07,xgboost,3000000,0.11424942,3342748.2694387436,-0.1970093,0.66826946
620322,Malo Gusto,Right-Back,23.041752224503764,2026-06-03,3,2026-10-13,xgboost,35000000,0.06734025,37356908.65665674,-0.18812859,0.35416716
621193,Kasey McAteer,Right Midfield,24.511978097193705,2026-05-28,3,2026-10-07,xgboost,10000000,-0.04538796,9546120.390295982,-0.24113552,0.34371865
623570,Iliman Ndiaye,Right Winger,26.24229979466119,2026-06-03,3,2026-10-13,xgboost,55000000,0.054277815,57985279.82085943,-0.057096675,0.26217112
624258,Conor Bradley,Right-Back,22.902121834360027,2026-06-03,3,2026-10-13,xgboost,25000000,-0.04791616,23802096.024155617,-0.24484375,0.27568018
624946,Rumarn Burrell,Centre-Forward,25.44558521560575,2026-05-28,3,2026-10-07,xgboost,6000000,0.16674596,7000475.764274597,-0.06858487,0.5753729
626474,Rubin Colwill,Attacking Midfield,24.041067761806982,2026-05-12,3,2026-09-21,xgboost,2000000,0.3922758,2784551.6204833984,-0.035329115,1.0424745
626724,João Pedro,Centre-Forward,24.684462696783026,2026-06-03,3,2026-10-13,xgboost,80000000,0.04100561,83280448.91357422,-0.06283047,0.2666891
627442,Benjamin Sesko,Centre-Forward,23.00889801505818,2026-06-03,3,2026-10-13,xgboost,75000000,0.10289961,82717470.82471848,-0.05906295,0.30715102
627626,Wilfried Gnonto,Right Winger,22.576317590691307,2026-06-03,3,2026-10-13,xgboost,16000000,-0.07159483,14854482.769966125,-0.23347971,0.2806915
628451,Roméo Lavia,Defensive Midfield,22.406570841889117,2026-06-03,3,2026-10-13,xgboost,22000000,-0.10240943,19746992.54333973,-0.24624422,0.19650586
633652,Calvin Ramsay,Right-Back,22.84188911704312,2026-06-03,3,2026-10-13,xgboost,1500000,0.23563908,1853458.620607853,-0.24953987,0.7727033
633992,Enzo Le Fée,Central Midfield,26.32991101984942,2026-06-03,3,2026-10-13,xgboost,28000000,0.08184318,30291609.10844803,-0.04313914,0.30357486
644401,Keane Lewis-Potter,Left Midfield,25.27583846680356,2026-06-03,3,2026-10-13,xgboost,25000000,0.0060601057,25151502.643711865,-0.1698351,0.31521255
645686,Lamare Bogarde,Defensive Midfield,22.409308692676248,2026-06-03,3,2026-10-13,xgboost,18000000,0.14434429,20598197.132349014,-0.057915602,0.4675506
646658,Aaron Ramsey,Attacking Midfield,23.34839151266256,2026-05-28,3,2026-10-07,xgboost,6000000,-0.059774145,5641355.127096176,-0.33516356,0.40041855
646750,Cristhian Mosquera,Centre-Back,21.932922655715263,2026-06-03,3,2026-10-13,xgboost,40000000,0.20786758,48314703.10688019,-0.072226174,0.3623044
646991,Robin Roefs,Goalkeeper,23.37577002053388,2026-06-03,3,2026-10-13,xgboost,28000000,0.093680024,30623040.676116943,-0.052624263,0.340461
648032,James Abankwah,Centre-Back,22.362765229295004,2026-05-28,3,2026-10-07,xgboost,3500000,0.49088004,5218080.148100853,-0.044463567,1.0242062
648195,Enzo Fernández,Central Midfield,25.374401095140314,2026-06-03,3,2026-10-13,xgboost,90000000,0.008961733,90806556.00875616,-0.16186953,0.24429774
654412,Abdoullah Ba,Right Midfield,22.84188911704312,2026-06-03,3,2026-10-13,xgboost,1500000,-0.0054029897,1491895.5154716969,-0.3061057,0.5943058
654539,Adrien Truffert,Left-Back,24.53388090349076,2026-06-03,3,2026-10-13,xgboost,30000000,0.097035795,32911073.863506317,-0.04579177,0.3235874
655488,Gabriel Martinelli,Left Winger,24.958247775496236,2026-06-03,3,2026-10-13,xgboost,45000000,0.005254276,45236442.42435694,-0.22632846,0.24832368
656316,Gabriel Slonina,Goalkeeper,22.050650239561943,2026-06-03,3,2026-10-13,xgboost,3000000,0.085809715,3257429.1452765465,-0.294855,0.6968905
659813,Piero Hincapié,Centre-Back,24.396988364134156,2026-06-03,3,2026-10-13,xgboost,50000000,0.030510448,51525522.39596844,-0.19556533,0.31199798
661053,Jarrad Branthwaite,Centre-Back,23.93429158110883,2026-06-03,3,2026-10-13,xgboost,40000000,-0.0461535,38153859.9729538,-0.24188851,0.19889107
661207,Oscar Bobb,Right Winger,22.89390828199863,2026-06-03,3,2026-10-13,xgboost,28000000,-0.08940684,25496608.465909958,-0.19235942,0.18032713
661253,Hector Kyprianou,Defensive Midfield,25.00205338809035,2026-05-28,3,2026-10-07,xgboost,1500000,0.54840964,2322614.461183548,-0.04726509,0.9990822
661427,David Møller Wolfe,Left-Back,24.112251882272417,2026-06-03,3,2026-10-13,xgboost,8000000,-0.0962408,7230073.571205139,-0.24438876,0.27716073
662744,Vicente Reyes,Goalkeeper,22.521560574948666,2026-05-28,3,2026-10-07,xgboost,350000,0.68469083,589641.7915821075,-0.1362297,1.4967893
667121,Rodrigo Gomes,Left Midfield,22.90759753593429,2026-06-03,3,2026-10-13,xgboost,15000000,0.07562352,16134352.795779705,-0.19626856,0.36966857
667287,Yasin Ayari,Central Midfield,22.65845311430527,2026-06-03,3,2026-10-13,xgboost,35000000,0.17777997,41222299.03936386,-0.06909811,0.38435268
667517,Jordan James,Central Midfield,21.90280629705681,2026-05-28,3,2026-10-07,xgboost,12000000,0.01571087,12188530.437648296,-0.18847957,0.5407452
668557,Maksym Taloverov,Centre-Back,25.913757700205338,2026-05-28,3,2026-10-07,xgboost,2000000,0.10263694,2205273.8815546036,-0.23340774,0.52795506
670717,Dário Essugo,Defensive Midfield,21.22108145106092,2026-06-03,3,2026-10-13,xgboost,15000000,-0.017955787,14730663.187801838,-0.23404978,0.3289812
670858,Lewis Hall,Left-Back,21.73305954825462,2026-06-03,3,2026-10-13,xgboost,40000000,0.16526178,46610471.01020813,-0.016992403,0.3824988
670882,Jamie Gittens,Left Winger,21.817932922655714,2026-06-03,3,2026-10-13,xgboost,30000000,-0.08718318,27384504.675865173,-0.22766636,0.21581155
673492,Morato,Centre-Back,24.92539356605065,2026-06-03,3,2026-10-13,xgboost,14000000,0.025356866,14354996.129870415,-0.20644684,0.3013879
674054,Leo Walta,Attacking Midfield,22.926762491444215,2026-05-28,3,2026-10-07,xgboost,3000000,0.13824514,3414735.406637192,-0.1982357,0.9186706
680531,Sam Silvera,Left Winger,25.587953456536617,2026-05-28,3,2026-10-07,xgboost,1500000,0.41120127,2116801.902651787,-0.04252479,0.8814496
683571,Tolu Arokodare,Centre-Forward,25.52498288843258,2026-06-03,3,2026-10-13,xgboost,20000000,-0.056140263,18877194.74732876,-0.22896132,0.16002758
683620,Antoni Milambo,Attacking Midfield,21.166324435318277,2026-06-03,3,2026-10-13,xgboost,15000000,-0.055142973,14172855.410724878,-0.2872013,0.31595472
684210,Jaidon Anthony,Left Winger,26.50513347022587,2026-06-03,3,2026-10-13,xgboost,20000000,0.08512287,21702457.36837387,-0.063427836,0.3344834
687626,Moisés Caicedo,Defensive Midfield,24.583162217659137,2026-06-03,3,2026-10-13,xgboost,100000000,-0.071160555,92883944.51141357,-0.18784298,0.119121276
689637,Chadi Riad,Centre-Back,22.962354551676935,2026-06-03,3,2026-10-13,xgboost,15000000,0.24459831,18668974.712491035,-0.08018555,0.44677424
696181,Romaine Mundle,Left Winger,23.110198494182068,2026-06-03,3,2026-10-13,xgboost,7000000,0.012184788,7085293.512791395,-0.22296193,0.50914735
696589,Tim Iroegbunam,Central Midfield,22.926762491444215,2026-06-03,3,2026-10-13,xgboost,18000000,0.12120798,20181743.681430817,-0.07156127,0.40974817
698164,Freddie Potts,Defensive Midfield,22.72416153319644,2026-06-03,3,2026-10-13,xgboost,10000000,0.030635396,10306353.960186243,-0.19368201,0.5737367
698415,José Córdoba,Centre-Back,24.982888432580424,2026-05-28,3,2026-10-07,xgboost,5000000,0.20716964,6035848.185420036,-0.07352708,0.5640787
698678,Hugo Bueno,Left-Back,23.707049965776864,2026-06-03,3,2026-10-13,xgboost,12000000,0.053909305,12646911.665797234,-0.180887,0.45102262
701021,Ruairi McConville,Centre-Back,21.073237508555785,2026-05-28,3,2026-10-07,xgboost,3000000,0.30872253,3926167.5775051117,0.014146556,1.0517393
701057,Rico Lewis,Right-Back,21.530458590006845,2026-06-03,3,2026-10-13,xgboost,28000000,-0.0695522,26052538.454532623,-0.2321991,0.3332102
706815,Harvey Davies,Goalkeeper,22.748802190280628,2026-06-03,3,2026-10-13,xgboost,500000,0.5421777,771088.8385772705,-0.15756117,1.290655
706968,Ji-sung Eom,Left Winger,24.05201916495551,2026-05-28,3,2026-10-07,xgboost,1800000,0.37680882,2478255.879878998,-0.053010076,0.96781576
708072,Nicolò Savona,Right-Back,23.208761122518823,2026-06-03,3,2026-10-13,xgboost,15000000,-0.08435124,13734731.376171112,-0.23720495,0.2712499
709726,Hugo Ekitiké,Centre-Forward,23.953456536618756,2026-06-03,3,2026-10-13,xgboost,80000000,-0.07916112,73667110.20469666,-0.19975822,0.13306192
711337,Evanilson,Centre-Forward,26.65845311430527,2026-06-03,3,2026-10-13,xgboost,35000000,-0.017576644,34384817.45310128,-0.18651778,0.2311123
711544,Jake O'Brien,Right-Back,25.05133470225873,2026-06-03,3,2026-10-13,xgboost,18000000,0.033193912,18597490.422427654,-0.16667438,0.3497414
711999,Lesley Ugochukwu,Defensive Midfield,22.187542778918548,2026-06-03,3,2026-10-13,xgboost,22000000,-0.0050306837,21889324.95843619,-0.19615014,0.27379334
715558,Marcelino Núñez,Central Midfield,26.239561943874058,2026-05-28,3,2026-10-07,xgboost,14000000,0.11595062,15623308.703303337,-0.082439944,0.4891924
716276,Yerson Mosquera,Centre-Back,25.086926762491444,2026-06-03,3,2026-10-13,xgboost,12000000,0.015037454,12180449.444800615,-0.1861279,0.35719737
717411,Yegor Yarmolyuk,Central Midfield,22.255989048596852,2026-06-03,3,2026-10-13,xgboost,32000000,0.07405637,34369803.90548706,-0.062850915,0.38514596
719673,Ben Gannon-Doak,Right Winger,20.55852156057495,2026-06-03,3,2026-10-13,xgboost,15000000,-0.01819375,14727093.754336238,-0.21648888,0.35607192
724536,Josh Keeley,Goalkeeper,22.986995208761122,2026-05-12,3,2026-09-21,xgboost,800000,0.5767385,1261390.781402588,-0.031977877,1.6138206
724540,Bosun Lawal,Centre-Back,22.99520876112252,2026-05-28,3,2026-10-07,xgboost,3000000,0.2847213,3854163.8553142548,-0.07183174,0.88195384
725912,Antonín Kinský,Goalkeeper,23.225188227241617,2026-06-03,3,2026-10-13,xgboost,15000000,0.1688722,17533083.111047745,-0.10225488,0.40494144
727089,Noah Sadiki,Central Midfield,21.45927446954141,2026-06-03,3,2026-10-13,xgboost,35000000,0.19165361,41707876.324653625,0.001028578,0.40010995
728679,Tomas Rigo,Central Midfield,23.901437371663246,2026-05-28,3,2026-10-07,xgboost,4000000,0.15249309,4609972.357749939,-0.19634409,0.64055437
730861,Milos Kerkez,Left-Back,22.570841889117045,2026-06-03,3,2026-10-13,xgboost,35000000,-0.041013427,33564530.05224466,-0.22535035,0.20616414
730893,Tyrick Mitchell,Left-Back,26.754277891854894,2026-06-03,3,2026-10-13,xgboost,25000000,-0.012945654,24676358.653232455,-0.20852403,0.29274493
731466,Teddy Sharman-Lowe,Goalkeeper,23.17864476386037,2026-06-03,3,2026-10-13,xgboost,500000,0.57078797,785393.9831256866,-0.12184546,1.3346369
733314,James Carragher,Centre-Back,23.498973305954827,2026-05-12,3,2026-09-21,xgboost,250000,0.87411505,468528.76245975494,-0.018539134,1.5190203
735570,João Gomes,Central Midfield,25.30321697467488,2026-06-03,3,2026-10-13,xgboost,40000000,0.062549345,42501973.80781174,-0.08431934,0.30200785
735571,Rodrigo Muniz,Centre-Forward,25.08145106091718,2026-06-03,3,2026-10-13,xgboost,20000000,-0.049077556,19018448.889255524,-0.24462922,0.2576898
739443,Igor Thiago,Centre-Forward,24.93634496919918,2026-06-03,3,2026-10-13,xgboost,65000000,0.12741716,73282115.53394794,-0.03201753,0.3363194
741229,Rocco Vata,Left Winger,21.1088295687885,2026-05-28,3,2026-10-07,xgboost,1800000,0.22073917,2197330.5076360703,-0.15161233,1.1326063
741238,Omari Hutchinson,Attacking Midfield,22.5927446954141,2026-06-03,3,2026-10-13,xgboost,30000000,0.041225553,31236766.576766968,-0.22716063,0.3089716
741257,Álex Jiménez,Right-Back,21.07049965776865,2026-06-03,3,2026-10-13,xgboost,22000000,0.17513137,25852890.04445076,-0.13862115,0.45623437
742770,Mohamed Touré,Centre-Forward,22.171115674195757,2026-05-28,3,2026-10-07,xgboost,8000000,0.24424726,9953978.061676025,-0.081668474,0.8455475
743384,Chemsdine Talbi,Right Winger,21.06776180698152,2026-06-03,3,2026-10-13,xgboost,25000000,0.09713445,27428361.21469736,-0.13927174,0.41658792
743413,Nico O'Reilly,Left-Back,21.201916495550993,2026-06-03,3,2026-10-13,xgboost,70000000,0.16296585,81407609.43293571,0.021780837,0.43593472
743498,Wilson Odobert,Left Winger,21.51129363449692,2026-06-03,3,2026-10-13,xgboost,18000000,-0.072041765,16703248.232603073,-0.21617404,0.29036036
743591,Savinho,Left Winger,22.146475017111566,2026-06-03,3,2026-10-13,xgboost,35000000,-0.077301055,32294463.06824684,-0.2261577,0.21651441
743600,Andrey Santos,Central Midfield,22.083504449007528,2026-06-03,3,2026-10-13,xgboost,40000000,-0.058610667,37655573.33827019,-0.20766777,0.2489928
744149,Adam Wharton,Defensive Midfield,22.321697467488022,2026-06-03,3,2026-10-13,xgboost,70000000,0.17863825,82504677.47449875,-0.06057891,0.34098217
745181,Soungoutou Magassa,Defensive Midfield,22.652977412731005,2026-06-03,3,2026-10-13,xgboost,17000000,0.035520762,17603852.957487106,-0.19492552,0.3677455
746833,Caleb Wiley,Left-Back,21.44558521560575,2026-06-03,3,2026-10-13,xgboost,8000000,0.23701188,9896095.037460327,-0.18584612,0.9204795
747009,Justin Devenny,Attacking Midfield,22.64476386036961,2026-06-03,3,2026-10-13,xgboost,12000000,0.06733037,12807964.414358139,-0.18917485,0.48771366
747951,Shea Charles,Defensive Midfield,22.559890485968516,2026-05-28,3,2026-10-07,xgboost,15000000,0.16937721,17540658.116340637,-0.08657902,0.5224946
748319,Carlos Alcaraz,Central Midfield,23.50718685831622,2026-06-03,3,2026-10-13,xgboost,15000000,0.0762033,16143049.523234367,-0.19679382,0.38228452
763079,Abdukodir Khusanov,Centre-Back,22.258726899383984,2026-06-03,3,2026-10-13,xgboost,50000000,0.23949511,61974755.6746006,-0.049758554,0.38359967
800176,André,Defensive Midfield,24.88158795345654,2026-06-03,3,2026-10-13,xgboost,25000000,-0.02122089,24469477.72987187,-0.18015869,0.25212836
801426,Tommy Conway,Centre-Forward,23.808350444900753,2026-05-28,3,2026-10-07,xgboost,14000000,0.18484014,16587761.998176575,-0.047618404,0.5054125
801734,Mathys Tel,Centre-Forward,21.100616016427104,2026-06-03,3,2026-10-13,xgboost,22000000,-0.046810064,20970178.581774235,-0.22551483,0.23783325
801989,Tammer Bany,Centre-Forward,22.60643394934976,2026-05-28,3,2026-10-07,xgboost,250000,0.52996594,382491.48428440094,-0.11937802,1.3770095
811779,Alejandro Garnacho,Left Winger,21.921971252566735,2026-06-03,3,2026-10-13,xgboost,28000000,-0.11388339,24811265.0513649,-0.24873374,0.22248253
817665,Pablo,Centre-Forward,22.417522245037645,2026-06-03,3,2026-10-13,xgboost,18000000,-0.03216533,17421024.061739445,-0.17844906,0.34266606
820374,Kobbie Mainoo,Central Midfield,21.12251882272416,2026-06-03,3,2026-10-13,xgboost,70000000,0.19821583,83875107.91420937,0.012415315,0.44035956
823231,Dango Ouattara,Right Winger,24.306639288158795,2026-06-03,3,2026-10-13,xgboost,35000000,0.05970684,37089739.42324519,-0.1762136,0.30251396
823486,Michael Kayode,Right-Back,21.897330595482547,2026-06-03,3,2026-10-13,xgboost,40000000,0.14966944,45986777.54402161,-0.02993316,0.37639347
829299,Max Weiß,Goalkeeper,21.965776865160848,2026-06-03,3,2026-10-13,xgboost,4000000,0.17015064,4680602.550506592,-0.20272839,0.80593735
837334,Joel Colwill,Attacking Midfield,21.53867214236824,2026-05-12,3,2026-09-21,xgboost,900000,0.64868903,1483820.128440857,0.05001719,1.8405288
842341,Maxime Estève,Centre-Back,24.021902806297057,2026-06-03,3,2026-10-13,xgboost,28000000,0.1301625,31644550.20427704,-0.08252831,0.30536073
843595,Max Alleyne,Centre-Back,20.867898699520875,2026-06-03,3,2026-10-13,xgboost,8000000,0.260191,10081527.948379517,-0.1486236,1.0029311
848509,Jackson Tchatchoua,Right-Back,24.71731690622861,2026-06-03,3,2026-10-13,xgboost,12000000,0.0010367018,12012440.422084183,-0.19985479,0.33170876
855256,Alex Scott,Central Midfield,22.784394250513348,2026-06-03,3,2026-10-13,xgboost,50000000,0.12486545,56243272.49825001,-0.03538906,0.3236087
859951,Ashley Phillips,Centre-Back,20.919917864476385,2026-05-28,3,2026-10-07,xgboost,7000000,0.385404,9697827.935218811,0.014501105,1.0099922
863741,Nathan Fraser,Centre-Forward,21.27583846680356,2026-06-03,3,2026-10-13,xgboost,600000,0.19357796,716146.7760801315,-0.22008404,1.2976024
864799,Stefan Bajcetic,Defensive Midfield,21.61259411362081,2026-06-03,3,2026-10-13,xgboost,4000000,0.06368024,4254720.956087112,-0.2829186,0.7228543
866246,Lucas Bergvall,Central Midfield,20.331279945242983,2026-06-03,3,2026-10-13,xgboost,35000000,-0.061334964,32853276.263922453,-0.17888008,0.27663514
866655,Tyler Dibling,Right Winger,20.290212183436,2026-06-03,3,2026-10-13,xgboost,17000000,-0.09540117,15378180.146217346,-0.24630797,0.27538025
867688,Jack Hinshelwood,Defensive Midfield,21.144421629021217,2026-06-03,3,2026-10-13,xgboost,28000000,0.28874716,36084920.52555084,0.010404772,0.48604026
874538,Ryan Trevitt,Central Midfield,23.16769336071184,2026-05-12,3,2026-09-21,xgboost,275000,0.6154994,444262.32874393463,-0.11053351,1.2787166
876631,Habib Diarra,Central Midfield,22.414784394250514,2026-06-03,3,2026-10-13,xgboost,35000000,0.13594645,39758125.841617584,-0.0655857,0.32994205
880245,Mateus Fernandes,Central Midfield,21.897330595482547,2026-06-03,3,2026-10-13,xgboost,50000000,0.14728542,57364270.83611488,-0.03741463,0.39655906
883539,Charlie Crew,Defensive Midfield,19.967145790554415,2026-06-03,3,2026-10-13,xgboost,150000,1.5250244,378753.662109375,0.027776277,2.283344
890721,Myles Lewis-Skelly,Left-Back,19.685147159479808,2026-06-03,3,2026-10-13,xgboost,45000000,0.14336558,51451450.958848,0.0062328842,0.5256161
897481,Eric da Silva Moreira,Right-Back,20.084873374401095,2026-06-03,3,2026-10-13,xgboost,800000,0.2469205,997536.3969802856,-0.230648,1.118699
900195,Kevin,Left Winger,23.411362080766597,2026-06-03,3,2026-10-13,xgboost,25000000,-0.05991116,23502220.9584713,-0.23477693,0.2324136
900601,Alex Murphy,Left-Back,21.93839835728953,2026-06-03,3,2026-10-13,xgboost,1500000,0.21393356,1820900.335907936,-0.19083808,1.0317298
903611,Nilson Angulo,Left Winger,22.95687885010267,2026-06-03,3,2026-10-13,xgboost,17000000,0.030530337,17519015.733152628,-0.18590824,0.377644
904802,Jorrel Hato,Left-Back,20.240930869267626,2026-06-03,3,2026-10-13,xgboost,40000000,0.22666818,49066727.16140747,-0.025516868,0.3991
906160,Saba Goglichidze,Centre-Back,21.921971252566735,2026-05-28,3,2026-10-07,xgboost,3500000,0.20526853,4218439.862132072,-0.19053413,0.9813842
910905,Mamadou Sarr,Centre-Back,20.761122518822724,2026-06-03,3,2026-10-13,xgboost,22000000,0.28722718,28318998.03876877,-0.12712355,0.6378827
911424,Tyler Fredricson,Centre-Back,21.27310061601643,2026-06-03,3,2026-10-13,xgboost,3000000,0.42166832,4265004.962682724,-0.14648029,1.171606
911736,Sverre Nypan,Central Midfield,19.45516769336071,2026-06-03,3,2026-10-13,xgboost,13000000,0.06354311,13826060.444116592,-0.2307585,0.59023964
912081,Jun-ho Bae,Attacking Midfield,22.767967145790553,2026-05-28,3,2026-10-07,xgboost,4000000,0.37143445,5485737.8005981445,-0.057191703,0.89160836
922462,Lewis Koumas,Left Winger,20.687200547570157,2026-05-28,3,2026-10-07,xgboost,4000000,0.2865021,5146008.372306824,-0.032641307,1.0143243
922563,Oliver Scarles,Left-Back,20.473648186173854,2026-06-03,3,2026-10-13,xgboost,10000000,0.08216169,10821616.873145103,-0.14400531,0.7845513
922693,Archie Gray,Defensive Midfield,20.227241615331966,2026-06-03,3,2026-10-13,xgboost,35000000,0.02509851,35878447.853028774,-0.15578377,0.34354842
922769,Lewis Miley,Central Midfield,20.09034907597536,2026-06-03,3,2026-10-13,xgboost,25000000,0.17244901,29311225.190758705,-0.13549174,0.47791114
923831,Leny Yoro,Centre-Back,20.553045859000683,2026-06-03,3,2026-10-13,xgboost,50000000,0.06092684,53046341.985464096,-0.13895726,0.3240225
926952,Patrick Dorgu,Left Winger,21.60164271047228,2026-06-03,3,2026-10-13,xgboost,35000000,0.10516069,38680624.179542065,-0.13987337,0.37805334
927768,Lucas Pires,Left-Back,25.193702943189596,2026-06-03,3,2026-10-13,xgboost,4000000,-0.02333258,3906669.6763038635,-0.25124684,0.3934665
933017,Zach Abbott,Centre-Back,20.057494866529773,2026-06-03,3,2026-10-13,xgboost,4000000,0.5096173,6038469.314575195,0.0034458693,1.0897974
936237,Yu Hirakawa,Right Winger,25.39630390143737,2026-05-28,3,2026-10-07,xgboost,1000000,0.27075693,1270756.9301128387,-0.16715655,0.96898574
936874,Tyrique George,Left Winger,20.32580424366872,2026-06-03,3,2026-10-13,xgboost,20000000,-0.045628246,19087435.081601143,-0.16094641,0.42190987
937840,Harrison Jones,Attacking Midfield,21.437371663244353,2026-06-03,3,2026-10-13,xgboost,150000,0.9546058,293190.87266921997,-0.036799137,2.0707166
937941,Thierno Barry,Centre-Forward,23.616700889801507,2026-06-03,3,2026-10-13,xgboost,30000000,0.0805922,32417766.004800797,-0.17925866,0.3164774
938146,Adam Aznou,Left-Back,20.00273785078713,2026-06-03,3,2026-10-13,xgboost,6000000,0.090710945,6544265.6725645065,-0.24828753,0.68784887
938158,Marc Guiu,Centre-Forward,20.410677618069816,2026-06-03,3,2026-10-13,xgboost,12000000,0.23329343,14799521.148204803,-0.14316976,0.6640429
942738,Milan Aleksic,Attacking Midfield,20.758384668035593,2026-06-03,3,2026-10-13,xgboost,700000,0.6484994,1153949.6004581451,-0.110000335,1.6281286
947411,Chris Rigg,Attacking Midfield,18.9596167008898,2026-06-03,3,2026-10-13,xgboost,25000000,0.21315324,30328831.07662201,-0.1346271,0.50470173
950091,Stefanos Tzimas,Centre-Forward,20.40520191649555,2026-06-03,3,2026-10-13,xgboost,18000000,-0.008314321,17850342.225283384,-0.22456181,0.4341064
955357,Junior Kroupi,Centre-Forward,19.94524298425736,2026-06-03,3,2026-10-13,xgboost,70000000,0.22993562,86095493.13783646,0.017782895,0.6372641
956920,Nestory Irankunda,Right Winger,20.295687885010267,2026-05-28,3,2026-10-07,xgboost,8000000,0.30791184,10463294.744491577,-0.0016456571,0.92571515
967346,Eliezer Mayenda,Centre-Forward,21.07049965776865,2026-06-03,3,2026-10-13,xgboost,16000000,0.001337826,16021405.216306448,-0.18485105,0.3852737
973085,Carlos Baleba,Defensive Midfield,22.414784394250514,2026-06-03,3,2026-10-13,xgboost,55000000,0.009644615,55530453.85051519,-0.18388537,0.26812106
983989,Facundo Buonanotte,Attacking Midfield,21.44284736481862,2026-06-03,3,2026-10-13,xgboost,12000000,-0.14708856,10234937.310218811,-0.29986078,0.4211941
984096,Jair Cunha,Centre-Back,21.240246406570844,2026-06-03,3,2026-10-13,xgboost,15000000,0.3622613,20433919.429779053,-0.009855078,0.5625667
987074,Dylan Lawlor,Centre-Back,20.358658453114305,2026-05-12,3,2026-09-21,xgboost,1800000,0.660762,2989371.621608734,0.029513579,1.2497821
989112,Veljko Milosavljevic,Centre-Back,18.93223819301848,2026-06-03,3,2026-10-13,xgboost,20000000,0.23952097,24790419.340133667,-0.12795147,0.51186234
994604,Matai Akinmboni,Centre-Back,19.627652292950035,2026-06-03,3,2026-10-13,xgboost,1000000,0.7990617,1799061.7156028748,-0.12943631,2.0523648
996897,Diego Gómez,Central Midfield,23.186858316221766,2026-06-03,3,2026-10-13,xgboost,25000000,0.09403121,27350780.181586742,-0.18145555,0.34238875
998101,Alex Tóth,Central Midfield,20.61054072553046,2026-06-03,3,2026-10-13,xgboost,12000000,0.113888696,13366664.350032806,-0.13914603,0.54426366
1004203,Keiber Lamadrid,Left Winger,22.54072553045859,2026-06-03,3,2026-10-13,xgboost,1200000,0.27316022,1527792.2630310059,-0.17786421,1.2753326
1004708,Josh Acheampong,Right-Back,20.079397672826833,2026-06-03,3,2026-10-13,xgboost,25000000,0.12985502,28246375.545859337,-0.13268341,0.5036529
1005583,Alysson,Right Winger,20.079397672826833,2026-06-03,3,2026-10-13,xgboost,10000000,0.18441644,11844164.431095123,-0.14022887,0.76895034
1005649,Murillo,Centre-Back,23.915126625598905,2026-06-03,3,2026-10-13,xgboost,50000000,0.018947752,50947387.60963082,-0.18634693,0.23794973
1005855,Ronan Kpakio,Right-Back,18.965092402464066,2026-05-12,3,2026-09-21,xgboost,1200000,0.7821425,2138571.02394104,0.0013707061,1.8267367
1006411,Jaydee Canvot,Centre-Back,19.8466803559206,2026-06-03,3,2026-10-13,xgboost,28000000,0.3107946,36702248.57330322,-0.0088623315,0.4832971
1007720,Tyler Bindon,Centre-Back,21.3305954825462,2026-05-28,3,2026-10-07,xgboost,3500000,0.48832184,5209126.442670822,0.017364748,1.1241026
1009658,Julio Soler,Left-Back,21.29226557152635,2026-06-03,3,2026-10-13,xgboost,8000000,0.15467761,9237420.916557312,-0.17220987,0.79965585
1011131,Josh King,Attacking Midfield,19.41409993155373,2026-06-03,3,2026-10-13,xgboost,25000000,0.28589952,32147487.998008728,0.0062171263,0.5241353
1011936,Kaye Furo,Centre-Forward,19.32101300479124,2026-06-03,3,2026-10-13,xgboost,8000000,0.121594615,8972756.922245026,-0.15051684,0.8736196
1012534,Yankuba Minteh,Right Winger,21.864476386036962,2026-06-03,3,2026-10-13,xgboost,45000000,0.18031907,53114358.1867218,-0.037830755,0.35826784
1012564,Rayan,Right Winger,19.83299110198494,2026-06-03,3,2026-10-13,xgboost,60000000,0.14411898,68647138.77439499,-0.003876008,0.4192567
1015619,Ahmed Abdullahi,Centre-Forward,21.95482546201232,2026-06-03,3,2026-10-13,xgboost,800000,0.20183511,961468.0886268616,-0.26095268,1.0097804
1020267,Dujuan Richards,Centre-Forward,20.54483230663929,2026-05-28,3,2026-10-07,xgboost,500000,0.37221348,686106.7414283752,-0.06706273,1.4806968
1042886,Chido Obi,Centre-Forward,18.510609171800137,2026-06-03,3,2026-10-13,xgboost,5000000,0.6940264,8470132.052898407,-0.15768938,1.5754157
1045123,Trey Nyoni,Central Midfield,18.926762491444215,2026-06-03,3,2026-10-13,xgboost,8000000,0.52778596,12222287.654876709,-0.0038280878,1.112517
1047257,Rio Cardines,Left-Back,19.923340177960302,2026-06-03,3,2026-10-13,xgboost,300000,1.7035363,811060.8816146851,-0.027829962,2.425191
1047261,Caleb Kporha,Right-Back,19.88501026694045,2026-06-03,3,2026-10-13,xgboost,1000000,0.7389307,1738930.7022094727,-0.13131288,1.8690106
1056993,Estêvão,Right Winger,19.110198494182068,2026-06-03,3,2026-10-13,xgboost,80000000,0.059653174,84772253.9305687,-0.13215399,0.39235365
1060087,Charalampos Kostoulas,Centre-Forward,19.01163586584531,2026-06-03,3,2026-10-13,xgboost,25000000,0.1383107,28457767.516374588,-0.12791525,0.48909268
1060740,Enso González,Left Winger,21.366187542778917,2026-06-03,3,2026-10-13,xgboost,2500000,-0.10246891,2243827.7304172516,-0.26015085,0.62039894
1063329,Andrés García,Right-Back,23.318275154004105,2026-06-03,3,2026-10-13,xgboost,6000000,0.057963453,6347780.719399452,-0.2510721,0.48542705
1069512,Jonah Kusi-Asare,Centre-Forward,18.915811088295687,2026-06-03,3,2026-10-13,xgboost,3000000,0.1608096,3482428.8189411163,-0.2650395,0.9543988
1078163,Ayden Heaven,Centre-Back,19.696098562628336,2026-06-03,3,2026-10-13,xgboost,30000000,0.24585213,37375563.83013725,0.018360987,0.5580058
1081995,Mohamadou Kanté,Defensive Midfield,20.700889801505816,2026-06-03,3,2026-10-13,xgboost,1000000,0.5869965,1586996.4957237244,0.0029770897,1.7237607
1086258,Souza,Left-Back,19.964407939767284,2026-06-03,3,2026-10-13,xgboost,12000000,0.027260015,12327120.177447796,-0.1476736,0.5217624
1086619,Giovanni Leoni,Centre-Back,19.449691991786448,2026-06-03,3,2026-10-13,xgboost,25000000,0.21755028,30438756.942749023,-0.15427296,0.43255416
1091562,Romelle Donovan,Right Winger,19.50718685831622,2026-06-03,3,2026-10-13,xgboost,3500000,0.5478885,5417609.810829163,-0.1415426,1.1747458
1107733,Harrison Armstrong,Central Midfield,19.370294318959616,2026-06-03,3,2026-10-13,xgboost,12000000,0.24210478,14905257.403850555,-0.13968088,0.6493348
1108466,Rio Ngumoha,Left Winger,17.760438056125942,2026-06-03,3,2026-10-13,xgboost,30000000,0.32297623,39689286.947250366,0.0054735285,0.65577745
1111589,El Hadji Malick Diouf,Left-Back,21.429158110882955,2026-06-03,3,2026-10-13,xgboost,28000000,0.12711987,31559356.331825256,-0.15705998,0.39400718
1124005,Christantus Uche,Centre-Forward,23.041752224503764,2026-06-03,3,2026-10-13,xgboost,12000000,-0.032182433,11613810.807466507,-0.24855167,0.38578078
1178758,Malick Yalcouyé,Central Midfield,20.522929500342233,2026-05-28,3,2026-10-07,xgboost,12000000,0.07460943,12895313.143730164,-0.21517313,0.5116477
1187629,Max Dowman,Right Winger,16.421629021218344,2026-06-03,3,2026-10-13,xgboost,30000000,0.6075999,48227997.42221832,0.012576351,0.7976556
1193867,Pedro Lima,Right-Back,19.923340177960302,2026-06-03,3,2026-10-13,xgboost,4000000,0.11435851,4457434.02838707,-0.2468256,0.7765389
1230661,Mateus Mané,Attacking Midfield,18.713210130047912,2026-06-03,3,2026-10-13,xgboost,20000000,0.48741525,29748305.082321167,-0.14963266,0.6299065
1283997,Diego León,Left-Back,19.16769336071184,2026-06-03,3,2026-10-13,xgboost,4000000,0.36265007,5450600.266456604,-0.1615402,1.0713978
1322090,Jocelin Ta Bi,Right Winger,21.311430527036276,2026-06-03,3,2026-10-13,xgboost,2500000,0.017574657,2543936.6418868303,-0.24520627,0.8045551
3333,James Milner,Central Midfield,40.41067761806981,2026-06-03,6,2027-02-11,xgboost,500000,-0.21926714,390366.42760038376,-0.49183744,0.016230768
14086,Ashley Young,Right-Back,40.40246406570842,2025-12-03,6,2026-08-12,xgboost,400000,-0.14672191,341311.23423576355,-0.4458929,0.011379018
16306,Casemiro,Defensive Midfield,34.275154004106774,2026-06-03,6,2027-02-11,xgboost,6000000,-0.21769778,4693813.294172287,-0.41529262,-0.0341613
29692,Lukasz Fabianski,Goalkeeper,41.125256673511295,2026-06-03,6,2027-02-11,xgboost,150000,-0.19347566,120978.65045070648,-0.43563372,0.022579458
29712,John Ruddy,Goalkeeper,39.60848733744011,2026-06-03,6,2027-02-11,xgboost,100000,-0.12547164,87452.83633470535,-0.3807575,0.07100044
33873,Asmir Begovic,Goalkeeper,38.455852156057496,2025-12-03,6,2026-08-12,xgboost,200000,-0.15513666,168972.66805171967,-0.36810344,0.017938964
34130,Tom Heaton,Goalkeeper,40.134154688569474,2026-06-03,6,2027-02-11,xgboost,100000,-0.14251311,85748.68887662888,-0.42329544,0.026489466
51471,Mateo Kovacic,Central Midfield,32.0766598220397,2026-06-03,6,2027-02-11,xgboost,10000000,-0.3051195,6948804.85534668,-0.43956858,-0.040774673
52570,Fraser Forster,Goalkeeper,38.21218343600274,2026-06-03,6,2027-02-11,xgboost,400000,-0.2645783,294168.6749458313,-0.43751645,0.02779127
61651,Jordan Henderson,Defensive Midfield,35.96167008898015,2026-06-03,6,2027-02-11,xgboost,1200000,-0.23973438,912318.742275238,-0.48900503,-0.016578931
61841,Adam Smith,Right-Back,35.096509240246405,2026-06-03,6,2027-02-11,xgboost,300000,-0.13421834,259734.4994544983,-0.3756558,0.016971845
63200,Ashley Barnes,Centre-Forward,36.591375770020534,2026-06-03,6,2027-02-11,xgboost,150000,0.0578955,158684.32503193617,-0.3759238,0.012202339
66100,Oriol Romeu,Defensive Midfield,34.19301848049281,2025-12-03,6,2026-08-12,xgboost,700000,-0.28322068,501745.52500247955,-0.49465626,0.022103734
67063,Danny Welbeck,Centre-Forward,35.51813826146475,2026-06-03,6,2027-02-11,xgboost,3000000,-0.28316027,2150519.1922187805,-0.44556245,-0.024291348
68390,Séamus Coleman,Right-Back,37.64271047227926,2026-06-03,6,2027-02-11,xgboost,200000,-0.16232193,167535.6149673462,-0.4007224,0.01604722
72476,Bernd Leno,Goalkeeper,34.247775496235455,2026-06-03,6,2027-02-11,xgboost,6000000,-0.2228181,4663091.361522675,-0.42095965,-0.028773546
73564,Jason Steele,Goalkeeper,35.79192334017796,2026-06-03,6,2027-02-11,xgboost,500000,-0.23624326,381878.3685564995,-0.48674288,0.020409778
74960,Martin Dúbravka,Goalkeeper,37.379876796714576,2026-06-03,6,2027-02-11,xgboost,500000,-0.113813564,443093.2179093361,-0.4930015,0.018103559
82873,Pascal Groß,Central Midfield,34.9678302532512,2026-06-03,6,2027-02-11,xgboost,2500000,-0.24522197,1886945.0688362122,-0.49310058,-0.006430404
85177,Nathaniel Clyne,Right-Back,35.162217659137575,2026-06-03,6,2027-02-11,xgboost,300000,-0.067634836,279709.54924821854,-0.38352042,0.016707767
85941,Stefan Ortega,Goalkeeper,33.57152635181382,2026-06-03,6,2027-02-11,xgboost,4000000,-0.29273826,2829046.9646453857,-0.4409197,-0.022835072
92571,Aaron Cresswell,Left-Back,35.96714579055441,2025-12-03,6,2026-08-12,xgboost,450000,-0.1538958,380746.8920946121,-0.38555765,0.0006267137
95424,Kyle Walker,Right-Back,36.016427104722794,2026-06-03,6,2027-02-11,xgboost,1500000,-0.303112,1045331.9996595383,-0.5215734,-0.019372962
95795,Václav Hladký,Goalkeeper,35.55099247091034,2026-06-03,6,2027-02-11,xgboost,150000,-0.17409392,123885.9124481678,-0.35053805,0.02403684
95810,Kieran Trippier,Right-Back,35.70431211498973,2026-06-03,6,2027-02-11,xgboost,1500000,-0.2960053,1055992.0370578766,-0.4982787,-0.01968602
95976,Alex McCarthy,Goalkeeper,36.0,2025-12-03,6,2026-08-12,xgboost,300000,-0.09473104,271580.6879103184,-0.36093053,0.013741187
99331,Jannik Vestergaard,Centre-Back,33.81519507186858,2026-05-28,6,2027-02-06,xgboost,1000000,-0.27022636,729773.6406326294,-0.5120573,-0.00495672
99397,Karl Darlow,Goalkeeper,35.65229295003422,2026-06-03,6,2027-02-11,xgboost,200000,-0.0023989852,199520.20295895636,-0.29986775,0.06651885
105470,Alisson,Goalkeeper,33.667351129363446,2026-06-03,6,2027-02-11,xgboost,15000000,-0.24790835,11281374.69291687,-0.39806083,-0.048007835
108354,Jordan Ayew,Centre-Forward,34.22861054072553,2025-12-03,6,2026-08-12,xgboost,1800000,-0.34565935,1177813.1783008575,-0.4859437,-0.02739255
108725,Chris Wood,Centre-Forward,34.48870636550308,2026-06-03,6,2027-02-11,xgboost,5000000,-0.3524315,3237842.470407486,-0.44932392,-0.024181584
110864,Sam Johnstone,Goalkeeper,33.190965092402465,2026-06-03,6,2027-02-11,xgboost,2000000,-0.32364693,1352706.1343193054,-0.5257557,-0.022700803
111051,Nampalys Mendy,Defensive Midfield,33.927446954141,2026-05-28,6,2027-02-06,xgboost,700000,-0.32544526,472188.3147954941,-0.49614194,-0.0013625786
111195,Joël Veltman,Right-Back,34.38193018480493,2026-06-03,6,2027-02-11,xgboost,1500000,-0.28725907,1069111.39190197,-0.50384253,-0.01640719
111455,Granit Xhaka,Defensive Midfield,33.68104038329911,2026-06-03,6,2027-02-11,xgboost,8000000,-0.23290467,6136762.619018555,-0.4060011,-0.045109432
111873,Emiliano Martínez,Goalkeeper,33.74948665297741,2026-06-03,6,2027-02-11,xgboost,12000000,-0.22709686,9274837.732315063,-0.39453396,-0.034984525
116648,Marcus Bettinelli,Goalkeeper,34.026009582477755,2026-06-03,6,2027-02-11,xgboost,300000,-0.16542634,250372.09689617157,-0.37512097,0.021546058
118534,Michael Keane,Centre-Back,33.39082819986311,2026-06-03,6,2027-02-11,xgboost,3000000,-0.22025518,2339234.4564199448,-0.40992644,-0.023944158
120629,Alphonse Areola,Goalkeeper,33.2621492128679,2026-06-03,6,2027-02-11,xgboost,4000000,-0.31833503,2726659.893989563,-0.45326608,-0.02274822
121254,Adam Davies,Goalkeeper,33.86173853524983,2026-05-28,6,2027-02-06,xgboost,200000,-0.1879317,162413.6596918106,-0.3777774,0.021874266
121324,John Egan,Centre-Back,33.60164271047228,2026-05-28,6,2027-02-06,xgboost,1000000,-0.25365332,746346.6823101044,-0.437976,-0.004638377
123275,Tom Cairney,Central Midfield,35.36755646817249,2026-06-03,6,2027-02-11,xgboost,500000,-0.20749561,396252.19255685806,-0.4805347,0.015803223
123536,Simon Moore,Goalkeeper,36.04106776180698,2026-06-03,6,2027-02-11,xgboost,75000,-0.17661832,61753.62579524517,-0.34969553,0.02032317
123682,Callum Wilson,Centre-Forward,34.26420260095825,2026-06-03,6,2027-02-11,xgboost,4000000,-0.32145223,2714191.0791397095,-0.46139953,-0.028411116
124884,Marco Bizot,Goalkeeper,35.233401779603014,2026-06-03,6,2027-02-11,xgboost,1500000,-0.2361887,1145716.9577479362,-0.4809206,-0.009450996
126600,Kenny McLean,Central Midfield,34.38466803559206,2026-05-28,6,2027-02-06,xgboost,400000,-0.23228371,307086.51542663574,-0.3945351,0.0094874455
126664,Lucas Digne,Left-Back,32.87063655030801,2026-06-03,6,2027-02-11,xgboost,6000000,-0.25521368,4468717.932701111,-0.40726954,-0.038437396
126665,Idrissa Gueye,Defensive Midfield,36.68446269678302,2026-06-03,6,2027-02-11,xgboost,500000,-0.14746483,426267.5866484642,-0.47379023,0.023658585
127181,Benjamin Lecomte,Goalkeeper,35.1047227926078,2026-06-03,6,2027-02-11,xgboost,800000,-0.2941546,564676.308631897,-0.4721343,0.013962427
127202,Matz Sels,Goalkeeper,34.26694045174538,2026-06-03,6,2027-02-11,xgboost,3500000,-0.2885596,2490041.4496660233,-0.40017986,-0.022433212
130164,Jordan Pickford,Goalkeeper,32.24093086926762,2026-06-03,6,2027-02-11,xgboost,13000000,-0.21118803,10254555.568099022,-0.38739288,-0.032379463
131978,Ross Barkley,Central Midfield,32.492813141683776,2026-06-03,6,2027-02-11,xgboost,4000000,-0.23045515,3078179.41904068,-0.4407364,-0.012065572
131996,Bertrand Traoré,Right Winger,30.740588637919235,2026-06-03,6,2027-02-11,xgboost,4000000,-0.19104727,3235810.935497284,-0.42033002,0.04899889
134270,Dan Burn,Centre-Back,34.06707734428473,2026-06-03,6,2027-02-11,xgboost,4000000,-0.2804087,2878365.159034729,-0.42306933,-0.024074929
134294,Danny Ings,Centre-Forward,33.36344969199179,2025-12-03,6,2026-08-12,xgboost,3500000,-0.3296474,2346234.1278791428,-0.47911218,-0.032307595
135343,Fabian Schär,Centre-Back,34.45311430527036,2026-06-03,6,2027-02-11,xgboost,4000000,-0.32267135,2709314.5847320557,-0.5051776,-0.024802525
136401,Daniel Bentley,Goalkeeper,32.889801505817935,2026-06-03,6,2027-02-11,xgboost,800000,-0.29072472,567420.220375061,-0.4616147,-0.0021727823
139208,Virgil van Dijk,Centre-Back,34.90485968514716,2026-06-03,6,2027-02-11,xgboost,15000000,-0.23571004,11464349.403977394,-0.42601523,-0.050992496
141573,George Saville,Central Midfield,32.94455852156057,2026-05-12,6,2027-01-21,xgboost,700000,-0.264285,515000.50127506256,-0.41672704,-0.010305907
142310,Willy Boly,Centre-Back,35.32922655715264,2026-06-03,6,2027-02-11,xgboost,300000,-0.1869336,243919.91794109344,-0.39628646,0.015505351
142389,Mark Gillespie,Goalkeeper,34.18480492813142,2026-06-03,6,2027-02-11,xgboost,100000,-0.17173289,82826.71123743057,-0.3866148,0.023251574
144028,Leandro Trossard,Left Winger,31.496235455167692,2026-06-03,6,2027-02-11,xgboost,18000000,-0.24538893,13582999.348640442,-0.35508853,-0.023629678
146310,Wataru Endo,Defensive Midfield,33.31143052703628,2026-06-03,6,2027-02-11,xgboost,4000000,-0.27934432,2882622.718811035,-0.43813938,-0.024468288
146509,Conor Townsend,Left-Back,32.7501711156742,2025-12-03,6,2026-08-12,xgboost,500000,-0.20016183,399919.0852046013,-0.4559093,0.006350864
148153,Lewis Dunk,Centre-Back,34.53251197809719,2026-06-03,6,2027-02-11,xgboost,3500000,-0.27573708,2534920.2305078506,-0.42998642,-0.026752776
148367,Christian Nørgaard,Defensive Midfield,32.23271731690623,2026-06-03,6,2027-02-11,xgboost,5000000,-0.28484857,3575757.145881653,-0.46091744,-0.017208835
148455,Mohamed Salah,Right Winger,33.96577686516085,2026-06-03,6,2027-02-11,xgboost,22000000,-0.30150628,15366861.820220947,-0.43032214,-0.064077005
156941,John Lundstram,Defensive Midfield,31.789185489390828,2025-12-03,6,2026-08-12,xgboost,2000000,-0.28644362,1427112.7581596375,-0.42832306,-0.019975174
157506,Jeffrey Schlupp,Left Midfield,32.94455852156057,2025-12-03,6,2026-08-12,xgboost,2000000,-0.31862837,1362743.2584762573,-0.45781374,-0.027167533
163744,Jack Stephens,Centre-Back,31.849418206707735,2025-12-03,6,2026-08-12,xgboost,1200000,-0.23028281,923660.6240272522,-0.45232192,-0.011109345
167268,Paddy McNair,Centre-Back,31.085557837097877,2026-05-28,6,2027-02-06,xgboost,1500000,-0.18236643,1226450.353860855,-0.43519756,0.062243566
171679,Matt Doherty,Right-Back,34.379192334017795,2026-06-03,6,2027-02-11,xgboost,1000000,-0.27233315,727666.8548583984,-0.5090256,-0.0062584174
173504,James Tarkowski,Centre-Back,33.53593429158111,2026-06-03,6,2027-02-11,xgboost,5000000,-0.20208721,3989563.9568567276,-0.43631178,-0.02260177
177476,Nathan Aké,Centre-Back,31.288158795345655,2026-06-03,6,2027-02-11,xgboost,12000000,-0.26132596,8864088.535308838,-0.4241101,-0.0052909045
177907,Harry Maguire,Centre-Back,33.24572210814511,2026-06-03,6,2027-02-11,xgboost,8000000,-0.23495096,6120392.322540283,-0.40854764,-0.050227568
181579,James Ward-Prowse,Central Midfield,31.586584531143053,2026-06-03,6,2027-02-11,xgboost,5000000,-0.34136358,3293182.1048259735,-0.45723426,-0.02643082
183288,Luke Shaw,Left-Back,30.89390828199863,2026-06-03,6,2027-02-11,xgboost,8000000,-0.16157746,6707380.294799805,-0.37790057,0.006375756
183318,Jamaal Lascelles,Centre-Back,32.0766598220397,2025-12-09,6,2026-08-18,xgboost,2000000,-0.33900696,1321986.0792160034,-0.49738565,-0.013666956
184528,Emil Krafth,Right-Back,31.835728952772072,2026-06-03,6,2027-02-11,xgboost,750000,-0.3043994,521700.4492878914,-0.4420633,0.013127673
184573,Victor Lindelöf,Centre-Back,31.87953456536619,2026-06-03,6,2027-02-11,xgboost,5000000,-0.25174496,3741275.2211093903,-0.4353822,-0.011581757
186186,Bobby De Cordova-Reid,Attacking Midfield,33.31416837782341,2026-05-28,6,2027-02-06,xgboost,700000,-0.28604782,499766.5286064148,-0.4610191,-0.004063274
186590,John Stones,Centre-Back,32.016427104722794,2026-06-03,6,2027-02-11,xgboost,12000000,-0.34183183,7898018.002510071,-0.4375929,-0.043623585
188077,Ryan Christie,Central Midfield,31.277207392197127,2026-06-03,6,2027-02-11,xgboost,8000000,-0.20096637,6392269.015312195,-0.38652757,0.0057517337
192080,Nick Pope,Goalkeeper,34.12183436002738,2026-06-03,6,2027-02-11,xgboost,5000000,-0.2694373,3652813.43460083,-0.44457474,-0.019846816
192279,Kepa Arrizabalaga,Goalkeeper,31.665982203969882,2026-06-03,6,2027-02-11,xgboost,5000000,-0.23876339,3806183.0401420593,-0.44376656,-0.00859113
192765,Ben Davies,Centre-Back,33.1088295687885,2026-06-03,6,2027-02-11,xgboost,3000000,-0.32328674,2030139.7740840912,-0.50789917,-0.028287891
193116,John McGinn,Central Midfield,31.6249144421629,2026-06-03,6,2027-02-11,xgboost,13000000,-0.24875855,9766138.792037964,-0.3794398,-0.032639936
194386,Alex Cairns,Goalkeeper,33.40999315537303,2026-06-03,6,2027-02-11,xgboost,50000,-0.063420735,46828.96323502064,-0.37284797,0.05777226
195633,Charlie Taylor,Left-Back,32.20807665982204,2025-12-03,6,2026-08-12,xgboost,2000000,-0.3169948,1366010.4274749756,-0.44116965,-0.027773945
196722,Remi Matthews,Goalkeeper,32.309377138945926,2026-06-03,6,2027-02-11,xgboost,200000,-0.14328024,171343.95241737366,-0.36506203,0.042437263
197642,Chuba Akpom,Centre-Forward,30.151950718685832,2025-12-03,6,2026-08-12,xgboost,6000000,-0.21787457,4692752.569913864,-0.42929587,0.06234708
199527,Jacob Murphy,Right Winger,31.27173169062286,2026-06-03,6,2027-02-11,xgboost,12000000,-0.20296976,9564362.88356781,-0.3658249,0.01304504
201574,Angus Gunn,Goalkeeper,30.362765229295004,2026-06-03,6,2027-02-11,xgboost,1000000,-0.15783884,842161.163687706,-0.44050503,0.10911498
203460,Jack Grealish,Left Winger,30.729637234770706,2026-06-03,6,2027-02-11,xgboost,20000000,-0.2215778,15568444.13280487,-0.42018342,0.008919843
204103,Adama Traoré,Right Winger,30.354551676933607,2026-06-03,6,2027-02-11,xgboost,6000000,-0.27070263,4375784.21831131,-0.4349989,0.037217617
206040,Raúl Jiménez,Centre-Forward,35.08008213552361,2026-06-03,6,2027-02-11,xgboost,3000000,-0.289066,2132802.039384842,-0.44463637,-0.025920868
206225,Isaac Hayden,Defensive Midfield,31.184120465434635,2026-05-28,6,2027-02-06,xgboost,400000,-0.18355228,326579.087972641,-0.40010974,0.09195365
206746,Kenny Tete,Right-Back,30.650239561943874,2026-06-03,6,2027-02-11,xgboost,8000000,-0.20525265,6357978.820800781,-0.37501052,0.02323052
207014,Will Hughes,Central Midfield,31.129363449691994,2026-06-03,6,2027-02-11,xgboost,5000000,-0.19373514,4031324.3120908737,-0.39147717,0.030171651
209212,Solly March,Right Winger,31.871321013004792,2026-06-03,6,2027-02-11,xgboost,1000000,-0.2701877,729812.2942447662,-0.49473017,0.024921382
212847,Adam Webster,Centre-Back,31.411362080766597,2026-06-03,6,2027-02-11,xgboost,3000000,-0.28208148,2153755.54561615,-0.47580096,0.0077956417
214666,Connor Roberts,Right-Back,30.694045174537987,2026-06-03,6,2027-02-11,xgboost,1500000,-0.24293932,1135591.0152196884,-0.46133727,0.05873716
215810,Tom King,Goalkeeper,31.236139630390145,2026-06-03,6,2027-02-11,xgboost,100000,-0.09551566,90448.43390583992,-0.34863663,0.095515676
215876,Ricardo Pereira,Right-Back,32.158795345653665,2025-12-03,6,2026-08-12,xgboost,3000000,-0.3058027,2082591.8912887573,-0.46872568,-0.021674607
226049,Freddie Woodman,Goalkeeper,29.248459958932237,2026-06-03,6,2027-02-11,xgboost,3000000,0.010715127,3032145.380973816,-0.3301355,0.194636
226973,Harrison Reed,Central Midfield,31.34839151266256,2026-06-03,6,2027-02-11,xgboost,2000000,-0.24446227,1511075.4668712616,-0.46051013,0.010715078
234803,Andrew Robertson,Left-Back,32.2299794661191,2026-06-03,6,2027-02-11,xgboost,7000000,-0.3221559,4744908.75005722,-0.4643732,-0.034212865
236490,Ola Aina,Right-Back,29.650924024640656,2026-06-03,6,2027-02-11,xgboost,18000000,-0.17960708,14767072.588205338,-0.3465584,0.04449145
236953,Sam Byram,Left-Back,32.71184120465435,2026-06-03,6,2027-02-11,xgboost,400000,-0.22883981,308464.07413482666,-0.45201346,0.009927304
240306,Bruno Fernandes,Attacking Midfield,31.734428473648187,2026-06-03,6,2027-02-11,xgboost,35000000,-0.22276083,27203371.077775955,-0.39659324,-0.051821567
240692,Reinildo Mandava,Left-Back,32.36413415468857,2026-06-03,6,2027-02-11,xgboost,4000000,-0.21548107,3138075.7093429565,-0.38962513,0.00028486352
241481,Jaïro Riedewald,Defensive Midfield,29.232032854209447,2025-12-03,6,2026-08-12,xgboost,1200000,-0.15619926,1012560.8861446381,-0.40515187,0.16617736
241641,Bernardo Silva,Attacking Midfield,31.813826146475016,2026-06-03,6,2027-02-11,xgboost,22000000,-0.22725533,17000382.751226425,-0.39150017,-0.05547822
242606,Josh Cullen,Central Midfield,30.154688569472963,2026-06-03,6,2027-02-11,xgboost,4000000,-0.23365356,3065385.7588768005,-0.45303378,0.06469589
242631,Alex Iwobi,Left Winger,30.083504449007528,2026-06-03,6,2027-02-11,xgboost,20000000,-0.17685072,16462985.575199127,-0.34698978,0.030346654
243591,Lawrence Vigouroux,Goalkeeper,32.5201916495551,2026-05-28,6,2027-02-06,xgboost,450000,-0.10430043,403064.80564177036,-0.32421535,0.10984074
245056,Saša Lukić,Central Midfield,29.804243668720055,2026-06-03,6,2027-02-11,xgboost,10000000,-0.16148472,8385152.816772461,-0.34708437,0.045648802
249089,Lewis Cook,Central Midfield,29.32785763175907,2026-06-03,6,2027-02-11,xgboost,11000000,-0.22229971,8554703.190922737,-0.39682084,0.066815786
249126,Harry Winks,Defensive Midfield,29.83436002737851,2025-12-03,6,2026-08-12,xgboost,7000000,-0.27816123,5052871.406078339,-0.45014465,0.03789266
249565,Youri Tielemans,Central Midfield,29.073237508555785,2026-06-03,6,2027-02-11,xgboost,30000000,-0.18586576,24424027.20451355,-0.33643487,0.045226075
249994,José Sá,Goalkeeper,33.374401095140314,2026-06-03,6,2027-02-11,xgboost,3500000,-0.30492252,2432771.176099777,-0.5031361,-0.026982294
250426,Adam Armstrong,Centre-Forward,29.308692676249144,2026-06-03,6,2027-02-11,xgboost,6000000,-0.2903764,4257741.630077362,-0.45096636,0.09423101
250478,Matt Targett,Left-Back,30.691307323750856,2026-05-28,6,2027-02-06,xgboost,3000000,-0.23118883,2306433.4988594055,-0.41119355,0.047528524
251106,Enes Ünal,Centre-Forward,29.065023956194388,2026-06-03,6,2027-02-11,xgboost,7000000,-0.15197764,5936156.4964056015,-0.39067283,0.09483537
251912,Semi Ajayi,Centre-Back,32.54757015742642,2026-05-28,6,2027-02-06,xgboost,700000,-0.27951938,504336.4346027374,-0.4344918,0.012408264
253677,Tyrone Mings,Centre-Back,33.223819301848046,2026-06-03,6,2027-02-11,xgboost,3000000,-0.2517524,2244742.7809238434,-0.4370466,-0.02359192
255788,Cameron Burgess,Centre-Back,30.600958247775495,2026-05-28,6,2027-02-06,xgboost,1500000,-0.16617748,1250733.7778806686,-0.38140875,0.064294435
256178,Joe Gomez,Centre-Back,29.02943189596167,2026-06-03,6,2027-02-11,xgboost,13000000,-0.22998558,10010187.461972237,-0.4275257,0.06635344
257455,João Palhinha,Defensive Midfield,30.902121834360027,2026-06-03,6,2027-02-11,xgboost,15000000,-0.2517476,11223785.877227783,-0.3983772,0.008780855
258004,Rúben Dias,Centre-Back,29.05407255304586,2026-06-03,6,2027-02-11,xgboost,55000000,-0.16473635,45939501.002430916,-0.3168926,0.030084409
258216,Kasey Palmer,Attacking Midfield,29.503080082135522,2026-05-12,6,2027-01-21,xgboost,900000,-0.123907916,788482.8753769398,-0.32156646,0.16766937
258878,Tosin Adarabioyo,Centre-Back,28.689938398357288,2026-06-03,6,2027-02-11,xgboost,16000000,-0.190409,12953455.924987793,-0.35128742,0.108999446
258889,Dominic Solanke,Centre-Forward,28.71731690622861,2026-06-03,6,2027-02-11,xgboost,28000000,-0.22166277,21793442.30890274,-0.3749417,0.079545885
258919,Dean Henderson,Goalkeeper,29.22655715263518,2026-06-03,6,2027-02-11,xgboost,28000000,-0.03192182,27106189.07213211,-0.21783657,0.13802521
260827,Joachim Andersen,Centre-Back,30.00684462696783,2026-06-03,6,2027-02-11,xgboost,20000000,-0.15831587,16833682.656288147,-0.34548026,0.040381175
262226,Timothy Castagne,Right-Back,30.494182067077343,2026-06-03,6,2027-02-11,xgboost,8000000,-0.19699866,6424010.753631592,-0.37960443,0.027989335
262300,Ryan Manning,Left-Back,29.95208761122519,2026-05-28,6,2027-02-06,xgboost,2800000,-0.10791272,2497844.386100769,-0.33892274,0.14642535
262749,David Raya,Goalkeeper,30.715947980835043,2026-06-03,6,2027-02-11,xgboost,30000000,-0.16596532,25021040.439605713,-0.32388276,0.0038664234
262980,Jefferson Lerma,Defensive Midfield,31.60574948665298,2026-06-03,6,2027-02-11,xgboost,6000000,-0.2602213,4438672.184944153,-0.4131071,-0.028832536
263236,Kevin Danso,Centre-Back,27.704312114989733,2026-06-03,6,2027-02-11,xgboost,20000000,-0.080397315,18392053.693532944,-0.2662327,0.2022989
270171,Vitaly Janelt,Defensive Midfield,28.06570841889117,2026-06-03,6,2027-02-11,xgboost,16000000,-0.101449035,14376815.438270569,-0.31651616,0.16239516
272622,Issa Diop,Centre-Back,29.39630390143737,2026-06-03,6,2027-02-11,xgboost,8000000,-0.19556151,6435507.893562317,-0.40687844,0.06756974
273742,Viktor Johansson,Goalkeeper,27.701574264202602,2026-05-28,6,2027-02-06,xgboost,12000000,-0.05096511,11388418.659567833,-0.23503426,0.27181685
277033,David Brooks,Right Winger,28.903490759753595,2026-06-03,6,2027-02-11,xgboost,12000000,-0.22930084,9248389.899730682,-0.40196943,0.09232779
279455,Harry Wilson,Right Winger,29.19917864476386,2026-06-03,6,2027-02-11,xgboost,25000000,-0.049832437,23754189.07031417,-0.2052833,0.15749355
282939,Luke O'Nien,Centre-Back,31.531827515400412,2026-06-03,6,2027-02-11,xgboost,700000,-0.21634299,548559.9100589752,-0.45063385,0.035223328
283628,Tomáš Souček,Defensive Midfield,31.263518138261464,2026-06-03,6,2027-02-11,xgboost,10000000,-0.23116742,7688325.792551041,-0.40885296,-0.0077705784
284320,Dion Charles,Centre-Forward,30.595482546201232,2026-05-12,6,2027-01-21,xgboost,500000,-0.17225346,413873.2701539993,-0.3702705,0.09594939
284857,Marc Cucurella,Left-Back,27.865845311430526,2026-06-03,6,2027-02-11,xgboost,50000000,-0.057251602,47137419.87943649,-0.18186744,0.15137193
286047,Guglielmo Vicario,Goalkeeper,29.65366187542779,2026-06-03,6,2027-02-11,xgboost,18000000,-0.21715745,14091165.840625763,-0.37231782,0.039298486
288323,Marcus Harness,Attacking Midfield,29.754962354551676,2025-11-26,6,2026-08-04,xgboost,750000,-0.050112616,712415.5377969146,-0.3091566,0.17348851
292246,Hee-chan Hwang,Centre-Forward,30.351813826146476,2026-06-03,6,2027-02-11,xgboost,6000000,-0.28971067,4261735.97574234,-0.45295206,0.04037621
293194,Borna Sosa,Left-Back,28.36413415468857,2026-06-03,6,2027-02-11,xgboost,3000000,-0.13413739,2597587.823867798,-0.34707722,0.23294358
293213,Amir Hadziahmetovic,Defensive Midfield,29.22108145106092,2026-05-28,6,2027-02-06,xgboost,4000000,-0.11624863,3535005.4800510406,-0.27810296,0.13772443
293281,Jacob Bruun Larsen,Left Winger,27.704312114989733,2026-06-03,6,2027-02-11,xgboost,4000000,-0.1689061,3324375.629425049,-0.35910583,0.25019428
294057,James Maddison,Attacking Midfield,29.52498288843258,2026-06-03,6,2027-02-11,xgboost,20000000,-0.29064018,14187196.493148804,-0.42363,0.0332822
295313,Taiwo Awoniyi,Centre-Forward,28.80766598220397,2026-06-03,6,2027-02-11,xgboost,8000000,-0.2059038,6352769.613265991,-0.40325007,0.09476043
296582,Max O'Leary,Goalkeeper,29.6290212183436,2026-05-28,6,2027-02-06,xgboost,2000000,-0.03141449,1937171.0196137428,-0.30829543,0.3404346
296802,Walter Benítez,Goalkeeper,33.36892539356605,2026-06-03,6,2027-02-11,xgboost,4000000,-0.25856254,2965749.8598098755,-0.43069312,-0.012348452
296978,Liam Cullen,Attacking Midfield,27.096509240246405,2026-05-28,6,2027-02-06,xgboost,3200000,0.107165284,3542928.910255432,-0.16434401,0.4615028
297212,Joe Rodon,Centre-Back,28.61327857631759,2026-06-03,6,2027-02-11,xgboost,18000000,0.01078865,18194195.70453465,-0.1549916,0.2987116
297257,Mikey Johnston,Left Winger,27.107460643394933,2026-05-28,6,2027-02-06,xgboost,4000000,-0.02756435,3889742.597937584,-0.22588016,0.3884024
298091,Harry Souttar,Centre-Back,27.11567419575633,2025-12-03,6,2026-08-12,xgboost,6000000,-0.07475037,5551497.772336006,-0.30075142,0.27879253
298477,Oli McBurnie,Centre-Forward,29.49760438056126,2025-12-03,6,2026-08-12,xgboost,2500000,-0.17202331,2069941.721856594,-0.4259277,0.10334767
306024,Dominic Calvert-Lewin,Centre-Forward,29.215605749486652,2026-06-03,6,2027-02-11,xgboost,22000000,-0.107733406,19629865.065217018,-0.26915917,0.10802835
309400,Kai Havertz,Centre-Forward,26.978781656399725,2026-06-03,6,2027-02-11,xgboost,55000000,-0.033576563,53153289.034962654,-0.20638296,0.22125699
314241,Josh Laurent,Central Midfield,31.077344284736483,2026-06-03,6,2027-02-11,xgboost,1500000,-0.17975481,1230367.787182331,-0.40170464,0.047832996
314288,Lukas Nmecha,Centre-Forward,27.468856947296374,2026-06-03,6,2027-02-11,xgboost,10000000,-0.023723656,9762763.436883688,-0.22564359,0.31244388
314367,Marcus Edwards,Right Winger,27.498973305954827,2026-06-03,6,2027-02-11,xgboost,6000000,-0.16901478,4985911.309719086,-0.36335227,0.23698129
314875,Jarrod Bowen,Right Winger,29.451060917180012,2026-06-03,6,2027-02-11,xgboost,30000000,-0.18257876,24522637.277841568,-0.36501557,0.007926644
315145,Azor Matusiwa,Defensive Midfield,27.600273785078713,2025-12-03,6,2026-08-12,xgboost,11000000,-0.066217735,10271604.910492897,-0.2565511,0.25562784
315858,Gianluigi Donnarumma,Goalkeeper,27.26899383983573,2026-06-03,6,2027-02-11,xgboost,45000000,-0.010996371,44505163.32406551,-0.17102149,0.21625413
316264,Martin Ødegaard,Attacking Midfield,27.460643394934976,2026-06-03,6,2027-02-11,xgboost,65000000,-0.1121148,57712537.86981106,-0.27119708,0.18583062
318508,Olivier Boscagli,Centre-Back,28.539356605065024,2026-06-03,6,2027-02-11,xgboost,15000000,-0.11018509,13347223.699092865,-0.28196627,0.16408223
319301,Daniel James,Right Winger,28.56125941136208,2026-06-03,6,2027-02-11,xgboost,10000000,-0.21180536,7881946.414709091,-0.38624093,0.12719421
319859,Mathias Jensen,Central Midfield,30.420260095824776,2026-06-03,6,2027-02-11,xgboost,10000000,-0.16665451,8333454.877138138,-0.37585846,0.031596523
321247,Emiliano Buendía,Left Winger,29.437371663244353,2026-06-03,6,2027-02-11,xgboost,16000000,-0.170008,13279871.940612793,-0.33696023,0.04983379
324358,Ollie Watkins,Centre-Forward,30.425735797399042,2026-06-03,6,2027-02-11,xgboost,25000000,-0.16821788,20794552.93715,-0.35836926,0.012045388
325443,Viktor Gyökeres,Centre-Forward,27.99726214921287,2026-06-03,6,2027-02-11,xgboost,65000000,-0.07022114,60435625.836253166,-0.19203341,0.14867018
326031,Matthijs de Ligt,Centre-Back,26.809034907597535,2026-06-03,6,2027-02-11,xgboost,30000000,-0.15383568,25384929.478168488,-0.35263237,0.1531047
328658,Kristoffer Ajer,Centre-Back,28.128678986995208,2026-06-03,6,2027-02-11,xgboost,18000000,-0.03630969,17346425.592899323,-0.20771751,0.20883733
330659,Justin Kluivert,Attacking Midfield,27.080082135523615,2026-06-03,6,2027-02-11,xgboost,25000000,-0.15536834,21115791.42510891,-0.33431962,0.18263954
331726,Tammy Abraham,Centre-Forward,28.66803559206023,2026-06-03,6,2027-02-11,xgboost,18000000,-0.19511057,14488009.661436081,-0.3768107,0.11067395
332705,Tyler Adams,Defensive Midfield,27.299110198494184,2026-06-03,6,2027-02-11,xgboost,25000000,-0.007925263,24801868.433132768,-0.19527736,0.23181866
333014,Sander Berge,Defensive Midfield,28.298425735797398,2026-06-03,6,2027-02-11,xgboost,25000000,-0.024990294,24375242.64678359,-0.18951897,0.1884795
333241,Joelinton,Central Midfield,29.801505817932924,2026-06-03,6,2027-02-11,xgboost,25000000,-0.18077585,20480603.724718094,-0.34827727,0.017823074
335721,Ben White,Right-Back,28.65160848733744,2026-06-03,6,2027-02-11,xgboost,30000000,-0.11192883,26642135.15818119,-0.303385,0.12097108
336077,Altay Bayındır,Goalkeeper,28.136892539356605,2026-06-03,6,2027-02-11,xgboost,5000000,-0.13431266,4328436.702489853,-0.35958433,0.22069879
338424,Mikel Merino,Central Midfield,29.946611909650922,2026-06-03,6,2027-02-11,xgboost,25000000,-0.20166679,19958330.31833172,-0.38513398,0.019826131
338629,Sebastiaan Bornauw,Centre-Back,27.200547570157426,2026-06-03,6,2027-02-11,xgboost,8000000,-0.047148537,7622811.704874039,-0.2413629,0.2999817
339340,Tyrell Malacia,Left-Back,26.795345653661876,2026-06-03,6,2027-02-11,xgboost,4000000,-0.07393612,3704255.521297455,-0.39189938,0.2803296
339556,Rico Henry,Left-Back,28.903490759753595,2026-06-03,6,2027-02-11,xgboost,13000000,-0.2180854,10164889.886975288,-0.38804045,0.088606186
340310,Marc Bola,Left-Back,27.983572895277206,2025-12-03,6,2026-08-12,xgboost,1500000,0.054959703,1582439.5548552275,-0.25612897,0.38295662
340321,Josh Dasilva,Central Midfield,27.61122518822724,2026-06-03,6,2027-02-11,xgboost,1500000,-0.08053625,1379195.6305503845,-0.38649306,0.378282
340324,Eddie Nketiah,Centre-Forward,27.01163586584531,2026-06-03,6,2027-02-11,xgboost,10000000,-0.14868619,8513138.145208359,-0.37999418,0.20576434
340325,Reiss Nelson,Left Winger,26.480492813141684,2026-06-03,6,2027-02-11,xgboost,8000000,-0.15534934,6757205.247879028,-0.3786448,0.22997555
340328,Stephy Mavididi,Left Winger,27.509924709103355,2025-12-03,6,2026-08-12,xgboost,8000000,-0.13193595,6944512.367248535,-0.34976685,0.19629644
340329,Joe Willock,Central Midfield,26.78713210130048,2026-06-03,6,2027-02-11,xgboost,14000000,-0.14580238,11958766.69883728,-0.35246244,0.1957118
340456,Noussair Mazraoui,Right-Back,28.550308008213552,2026-06-03,6,2027-02-11,xgboost,18000000,-0.18861473,14604934.930801392,-0.35399312,0.113271296
340918,Caoimhín Kelleher,Goalkeeper,27.526351813826146,2026-06-03,6,2027-02-11,xgboost,28000000,0.044704124,29251715.48128128,-0.118655354,0.266599
340990,Alfie Jones,Centre-Back,28.637919233401778,2026-05-28,6,2027-02-06,xgboost,6000000,-0.034035336,5795787.982642651,-0.2545551,0.27823022
341051,Kyle Walker-Peters,Right-Back,29.138945927446954,2026-06-03,6,2027-02-11,xgboost,12000000,-0.22694105,9276707.410812378,-0.37203136,0.0642929
341092,Federico Chiesa,Right Winger,28.605065023956193,2026-06-03,6,2027-02-11,xgboost,13000000,-0.19185959,10505825.355648994,-0.36983255,0.12472384
341501,Hamza Choudhury,Defensive Midfield,28.654346338124572,2026-05-28,6,2027-02-06,xgboost,4000000,-0.20705412,3171783.50687027,-0.3939247,0.17718285
342046,Axel Tuanzebe,Centre-Back,28.550308008213552,2026-06-03,6,2027-02-11,xgboost,5000000,-0.13286322,4335683.882236481,-0.30657828,0.21340749
344069,Anton Stach,Defensive Midfield,27.548254620123203,2026-06-03,6,2027-02-11,xgboost,28000000,0.031652167,28886260.6883049,-0.13803528,0.26756608
345911,Ladislav Krejci,Centre-Back,27.121149897330596,2026-06-03,6,2027-02-11,xgboost,22000000,-0.043525863,21042431.004345417,-0.21291286,0.24080329
346314,Trevoh Chalobah,Centre-Back,26.913073237508556,2026-06-03,6,2027-02-11,xgboost,40000000,-0.05883324,37646670.3414917,-0.16972116,0.25649852
346483,Mason Mount,Attacking Midfield,27.394934976043807,2026-06-03,6,2027-02-11,xgboost,25000000,-0.16716835,20820791.27430916,-0.36664966,0.16964707
346707,Sean Longstaff,Central Midfield,28.591375770020534,2026-06-03,6,2027-02-11,xgboost,15000000,-0.1503841,12744238.525629044,-0.314037,0.11536216
346890,Noah Okafor,Left Winger,26.026009582477755,2026-06-03,6,2027-02-11,xgboost,25000000,0.12882234,28220558.539032936,-0.13500021,0.49237165
348026,Nordi Mukiele,Right-Back,28.58590006844627,2026-06-03,6,2027-02-11,xgboost,16000000,-0.11323453,14188247.561454773,-0.2724526,0.13187823
349066,Alexander Isak,Centre-Forward,26.699520876112253,2026-06-03,6,2027-02-11,xgboost,85000000,-0.18978651,68868146.76225185,-0.35371798,0.12997219
349701,Antonee Robinson,Left-Back,28.8186173853525,2026-06-03,6,2027-02-11,xgboost,22000000,-0.2045179,17500606.179237366,-0.3375736,0.06694816
351749,Kalvin Phillips,Defensive Midfield,30.48596851471595,2026-05-28,6,2027-02-06,xgboost,2500000,-0.18189134,2045271.6574072838,-0.47117174,0.09223818
352041,Lucas Perri,Goalkeeper,28.479123887748116,2026-06-03,6,2027-02-11,xgboost,10000000,-0.17018032,8298196.792602539,-0.34127995,0.13180971
353032,Omar Alderete,Centre-Back,29.43463381245722,2026-06-03,6,2027-02-11,xgboost,13000000,-0.16654037,10834975.197911263,-0.32260808,0.056830384
353775,David Akintola,Right Winger,29.88911704312115,2025-12-03,6,2026-08-12,xgboost,1200000,-0.0012969653,1198443.6416532844,-0.3100889,0.3838242
354362,Rodrigo Bentancur,Defensive Midfield,28.93908281998631,2026-06-03,6,2027-02-11,xgboost,20000000,-0.21570162,15685967.50497818,-0.34558964,0.06766925
355915,Cristian Romero,Centre-Back,28.10130047912389,2026-06-03,6,2027-02-11,xgboost,45000000,-0.17427605,37157577.57425308,-0.3160204,0.12140823
356141,Daichi Kamada,Attacking Midfield,29.82614647501711,2026-06-03,6,2027-02-11,xgboost,10000000,-0.1653189,8346810.936927795,-0.35192502,0.044014573
357119,Ibrahima Konaté,Centre-Back,27.025325119780973,2026-06-03,6,2027-02-11,xgboost,45000000,-0.0847411,41186650.46989918,-0.27844286,0.14939658
357147,Diogo Dalot,Right-Back,27.211498973305954,2026-06-03,6,2027-02-11,xgboost,30000000,-0.07855071,27643478.66177559,-0.2025959,0.19499844
357162,Florentino,Defensive Midfield,26.78986995208761,2026-06-03,6,2027-02-11,xgboost,16000000,-0.15648878,13496179.580688477,-0.32202637,0.20124201
357565,Rodri,Defensive Midfield,29.946611909650922,2026-06-03,6,2027-02-11,xgboost,50000000,-0.2632446,36837770.04480362,-0.3943689,0.0030957863
357656,Jayson Molumby,Central Midfield,26.809034907597535,2026-05-28,6,2027-02-06,xgboost,3500000,0.09844048,3844541.6912436485,-0.15343551,0.4619363
357658,Mark Travers,Goalkeeper,27.044490075290895,2026-06-03,6,2027-02-11,xgboost,3000000,-0.11026652,2669200.4352808,-0.3398235,0.35060138
357662,Declan Rice,Central Midfield,27.38398357289528,2026-06-03,6,2027-02-11,xgboost,120000000,-0.013323823,118401141.24119282,-0.16919287,0.19960825
359199,Andy Fisher,Goalkeeper,27.805612594113622,2025-12-03,6,2026-08-12,xgboost,600000,-0.07247417,556515.4999494553,-0.29262233,0.36253753
361093,Sven Botman,Centre-Back,26.390143737166323,2026-06-03,6,2027-02-11,xgboost,35000000,-0.042174514,33523891.996592283,-0.2273252,0.17888075
362108,Gabriel Gudmundsson,Left-Back,27.096509240246405,2026-06-03,6,2027-02-11,xgboost,20000000,-0.022397464,19552050.717175007,-0.1851466,0.24482656
363205,Gabriel Jesus,Centre-Forward,29.166324435318277,2026-06-03,6,2027-02-11,xgboost,17000000,-0.19289479,13720788.62786293,-0.39300364,0.062149506
363901,Nik Tzanev,Goalkeeper,29.38261464750171,2026-05-12,6,2027-01-21,xgboost,100000,0.63945925,163945.9252357483,-0.17690383,0.618651
365108,Dan Ndoye,Right Winger,25.60438056125941,2026-06-03,6,2027-02-11,xgboost,32000000,-0.12036289,28148387.43209839,-0.32348326,0.22609079
369316,Ferdi Kadıoğlu,Left-Back,26.65571526351814,2026-06-03,6,2027-02-11,xgboost,35000000,0.05077906,36777267.08352566,-0.109428495,0.3207912
369962,Joël Piroe,Centre-Forward,26.836413415468858,2026-06-03,6,2027-02-11,xgboost,10000000,-0.18489443,8151055.723428726,-0.36337638,0.2060721
371013,Ivor Pandur,Goalkeeper,26.17385352498289,2026-05-28,6,2027-02-06,xgboost,4500000,0.14485234,5151835.530996323,-0.15495197,0.65494746
371851,Jaka Bijol,Centre-Back,27.32375085557837,2026-06-03,6,2027-02-11,xgboost,20000000,0.026853168,20537063.367664814,-0.14672525,0.28013
375885,Ibrahim Sangaré,Defensive Midfield,28.501026694045173,2026-06-03,6,2027-02-11,xgboost,20000000,-0.13500631,17299873.82888794,-0.3071125,0.115325764
378710,Richarlison,Centre-Forward,29.065023956194388,2026-06-03,6,2027-02-11,xgboost,25000000,-0.19372164,20156959.07175541,-0.35504678,0.050855536
380350,Igor Julio,Centre-Back,28.317590691307323,2026-06-03,6,2027-02-11,xgboost,10000000,-0.23044716,7695528.417825699,-0.37031186,0.13950273
380744,Egil Selvik,Goalkeeper,28.826830937713893,2026-05-28,6,2027-02-06,xgboost,1500000,0.09216435,1638246.5288043022,-0.20772067,0.45705745
381753,Ilia Gruev,Defensive Midfield,26.075290896646134,2026-06-03,6,2027-02-11,xgboost,12000000,-0.05164329,11380280.524492264,-0.21918117,0.28685412
381963,Mike Tresor,Attacking Midfield,27.017111567419576,2026-06-03,6,2027-02-11,xgboost,2000000,-0.16574012,1668519.765138626,-0.39179984,0.35798717
385848,George Edmundson,Centre-Back,28.301163586584533,2025-12-03,6,2026-08-12,xgboost,750000,0.023319406,767489.5548261702,-0.24719764,0.34132844
386047,Axel Disasi,Centre-Back,28.229979466119097,2026-06-03,6,2027-02-11,xgboost,15000000,-0.13854682,12921797.633171082,-0.30578092,0.15791738
387626,Leon Bailey,Right Winger,28.815879534565365,2026-06-03,6,2027-02-11,xgboost,14000000,-0.22129129,10901921.957731247,-0.39967066,0.08036063
388165,Yoane Wissa,Centre-Forward,29.746748802190282,2026-06-03,6,2027-02-11,xgboost,25000000,-0.24362989,18909252.80749798,-0.39382115,0.011558286
391005,Mads Roerslev,Right-Back,26.926762491444215,2026-05-28,6,2027-02-06,xgboost,4000000,-0.1525379,3389848.4110832214,-0.389031,0.29217732
392179,Hjalmar Ekdal,Centre-Back,27.616700889801507,2026-06-03,6,2027-02-11,xgboost,5000000,-0.09259291,4537035.450339317,-0.32382834,0.2682486
392591,Chiedozie Ogbene,Right Winger,29.073237508555785,2026-05-28,6,2027-02-06,xgboost,4000000,-0.20012952,3199481.9045066833,-0.392238,0.12666006
392757,Marc Guéhi,Centre-Back,25.88911704312115,2026-06-03,6,2027-02-11,xgboost,70000000,0.00970554,70679387.78549433,-0.15527305,0.22883117
392765,Emile Smith Rowe,Attacking Midfield,25.848049281314168,2026-06-03,6,2027-02-11,xgboost,20000000,-0.08952154,18209569.15616989,-0.30003017,0.19885807
392768,Callum Hudson-Odoi,Left Winger,25.568788501026695,2026-06-03,6,2027-02-11,xgboost,30000000,-0.038148146,28855555.61631918,-0.22744374,0.2498409
392770,Angel Gomes,Attacking Midfield,25.754962354551676,2026-06-03,6,2027-02-11,xgboost,10000000,-0.20484915,7951508.462429047,-0.34201849,0.21604924
392771,Ethan Ampadu,Defensive Midfield,25.71663244353183,2026-06-03,6,2027-02-11,xgboost,30000000,0.07037018,32111105.47184944,-0.115229666,0.3895528
392775,Ryan Sessegnon,Left-Back,26.04243668720055,2026-06-03,6,2027-02-11,xgboost,22000000,0.047258087,23039677.903056145,-0.17751028,0.2685753
393323,Brenden Aaronson,Attacking Midfield,25.61259411362081,2026-06-03,6,2027-02-11,xgboost,22000000,0.08690135,23911829.739809036,-0.1463502,0.41799042
394327,Boubacar Kamara,Defensive Midfield,26.527036276522928,2026-06-03,6,2027-02-11,xgboost,40000000,-0.02828062,38868775.218725204,-0.20539223,0.23863564
396174,Jimmy Dunne,Right-Back,28.605065023956193,2026-05-28,6,2027-02-06,xgboost,5000000,-0.04220371,4788981.452584267,-0.26340866,0.3127587
397033,Sandro Tonali,Defensive Midfield,26.069815195071868,2026-06-03,6,2027-02-11,xgboost,80000000,-0.049944606,76004431.5457344,-0.18361995,0.218367
398065,Harvey Barnes,Left Winger,28.48186173853525,2026-06-03,6,2027-02-11,xgboost,32000000,-0.061756052,30023806.33354187,-0.2145578,0.14679736
399262,Fraser Murray,Left Midfield,26.55715263518138,2025-11-26,6,2026-08-04,xgboost,400000,0.19939789,479759.156703949,-0.14929754,0.8826836
399434,Marcus Tavernier,Attacking Midfield,27.200547570157426,2026-06-03,6,2027-02-11,xgboost,25000000,0.017414292,25435357.308015227,-0.117454365,0.26108208
399776,Pau Torres,Centre-Back,29.377138945927445,2026-06-03,6,2027-02-11,xgboost,20000000,-0.19935396,16012920.73726654,-0.3489249,0.06434851
400536,Mads Hermansen,Goalkeeper,25.894592744695416,2026-06-03,6,2027-02-11,xgboost,15000000,-0.08478922,13728161.752223969,-0.25293607,0.2039854
401173,Jadon Sancho,Left Winger,26.190280629705683,2026-06-03,6,2027-02-11,xgboost,18000000,-0.1515718,15271707.683801651,-0.3678725,0.20195061
401320,Dara O'Shea,Centre-Back,27.23340177960301,2026-05-28,6,2027-02-06,xgboost,16000000,-0.03776216,15395805.418491364,-0.21268925,0.25161612
401922,Samuel Chukwueze,Right Winger,27.033538672142367,2026-06-03,6,2027-02-11,xgboost,18000000,0.040673826,18732128.866016865,-0.15880245,0.37772897
403151,Robert Sánchez,Goalkeeper,28.539356605065024,2026-06-03,6,2027-02-11,xgboost,22000000,-0.05128375,20871757.484972477,-0.21154451,0.14554405
403898,Jordan Beyer,Centre-Back,26.039698836413415,2026-06-03,6,2027-02-11,xgboost,1500000,-0.06733251,1399001.2295544147,-0.39070794,0.3995126
404842,Vitaliy Mykolenko,Left-Back,27.014373716632445,2026-06-03,6,2027-02-11,xgboost,25000000,-0.023174228,24420644.296333194,-0.19284518,0.18707252
406556,Tom McGill,Goalkeeper,26.190280629705683,2026-06-03,6,2027-02-11,xgboost,500000,0.06138008,530690.0404393673,-0.24073428,0.5007337
406634,Matt O'Riley,Central Midfield,25.530458590006845,2026-06-03,6,2027-02-11,xgboost,18000000,-0.09044096,16372062.742710114,-0.30921358,0.30032328
406635,Phil Foden,Attacking Midfield,26.015058179329227,2026-06-03,6,2027-02-11,xgboost,70000000,-0.12800854,61039401.88884735,-0.3065569,0.1558237
406638,Oliver Skipp,Defensive Midfield,25.21286789869952,2025-12-03,6,2026-08-12,xgboost,7000000,-0.09718103,6319732.792675495,-0.36704105,0.34004152
408872,Paul Smyth,Right Winger,28.711841204654345,2026-05-28,6,2027-02-06,xgboost,800000,0.2009242,960739.3622398376,-0.20144919,0.82977176
410225,Ismaïla Sarr,Right Winger,28.268309377138944,2026-06-03,6,2027-02-11,xgboost,40000000,0.008195704,40327828.15396786,-0.16230796,0.25314876
410425,Yves Bissouma,Defensive Midfield,29.75770020533881,2026-06-03,6,2027-02-11,xgboost,10000000,-0.27419883,7258011.698722839,-0.42310232,0.03316117
410708,Pascal Struijk,Centre-Back,26.811772758384667,2026-06-03,6,2027-02-11,xgboost,22000000,-0.030032804,21339278.306812048,-0.17593805,0.26151165
411537,Zian Flemming,Centre-Forward,27.838466803559207,2026-06-03,6,2027-02-11,xgboost,12000000,-0.082692586,11007688.969373703,-0.23725015,0.23545088
412616,Giorgi Chakvetadze,Attacking Midfield,26.746064339493497,2026-05-28,6,2027-02-06,xgboost,3500000,-0.10713899,3125013.530254364,-0.3230309,0.29850656
413039,Bryan Mbeumo,Right Winger,26.822724161533195,2026-06-03,6,2027-02-11,xgboost,75000000,-0.08558812,68580891.00569487,-0.21664903,0.13744773
413220,James Justin,Right-Back,28.27378507871321,2026-06-03,6,2027-02-11,xgboost,12000000,-0.045382813,11455406.248569489,-0.25232264,0.17433798
413403,Ezri Konsa,Centre-Back,28.61054072553046,2026-06-03,6,2027-02-11,xgboost,40000000,-0.07125957,37149617.075920105,-0.18948707,0.17857902
413507,Nikola Milenković,Centre-Back,28.640657084188913,2026-06-03,6,2027-02-11,xgboost,28000000,-0.109409526,24936533.272266388,-0.29571944,0.08289253
415381,Mats Wieffer,Right-Back,26.546201232032853,2026-06-03,6,2027-02-11,xgboost,25000000,-0.026864493,24328387.6683563,-0.22447667,0.190689
415912,Konstantinos Mavropanos,Centre-Back,28.476386036960985,2026-06-03,6,2027-02-11,xgboost,18000000,-0.025814619,17535336.85952425,-0.20940025,0.24925466
415970,Joe Worrall,Centre-Back,29.39356605065024,2026-06-03,6,2027-02-11,xgboost,2000000,-0.20819752,1583604.9616336823,-0.467057,0.14206292
418560,Erling Haaland,Centre-Forward,25.867214236824093,2026-06-03,6,2027-02-11,xgboost,200000000,0.0048162206,200963244.1215217,-0.15969269,0.20877807
420002,Jean-Philippe Mateta,Centre-Forward,28.930869267624914,2026-06-03,6,2027-02-11,xgboost,30000000,-0.20451984,23864404.85715866,-0.3374336,0.05575761
420210,Lutsharel Geertruida,Right-Back,25.87542778918549,2026-06-03,6,2027-02-11,xgboost,20000000,0.006403984,20128079.680725932,-0.19558638,0.26391757
420243,Jurriën Timber,Right-Back,24.960985626283367,2026-06-03,6,2027-02-11,xgboost,70000000,0.018805536,71316387.48571277,-0.17036091,0.25984326
420808,George Hirst,Centre-Forward,27.279945242984258,2026-05-28,6,2027-02-06,xgboost,10000000,0.053567745,10535677.447915077,-0.18614645,0.55641836
423440,Martín Zubimendi,Defensive Midfield,27.33196440793977,2026-06-03,6,2027-02-11,xgboost,75000000,-0.08011458,68991406.44818544,-0.20714568,0.1353297
424015,Nathan Patterson,Right-Back,24.629705681040384,2026-06-03,6,2027-02-11,xgboost,10000000,-0.011990723,9880092.767998576,-0.2542131,0.4070346
425334,Matty Cash,Right-Back,28.82135523613963,2026-06-03,6,2027-02-11,xgboost,22000000,-0.062880285,20616633.728146553,-0.23522127,0.11214883
425902,Ryan Yates,Central Midfield,28.531143052703626,2026-06-03,6,2027-02-11,xgboost,7000000,-0.20921354,5535505.220293999,-0.36307094,0.14036213
427568,Aaron Ramsdale,Goalkeeper,28.05475701574264,2026-06-03,6,2027-02-11,xgboost,12000000,-0.08134477,11023862.779140472,-0.29426914,0.1976063
428016,Brandon Austin,Goalkeeper,27.40041067761807,2026-06-03,6,2027-02-11,xgboost,500000,0.05415999,527079.9957215786,-0.25580055,0.4897905
428061,Riley McGree,Central Midfield,27.567419575633128,2026-05-28,6,2027-02-06,xgboost,3500000,0.13599817,3975993.610918522,-0.1910483,0.5809028
429014,Morgan Gibbs-White,Attacking Midfield,26.349075975359344,2026-06-03,6,2027-02-11,xgboost,70000000,0.047842395,73348967.61924028,-0.11642595,0.31936815
429070,Vladan Kovacevic,Goalkeeper,27.64681724845996,2025-12-03,6,2026-08-12,xgboost,2500000,0.056458604,2641146.508976817,-0.2336156,0.5085014
429915,Maxim De Cuyper,Left-Back,25.44558521560575,2026-06-03,6,2027-02-11,xgboost,22000000,0.013873961,22305227.138102055,-0.19785959,0.28947246
429983,Jørgen Strand Larsen,Centre-Forward,26.321697467488022,2026-06-03,6,2027-02-11,xgboost,40000000,-0.12756366,34897453.78494263,-0.28248456,0.14588639
431755,Dejan Kulusevski,Attacking Midfield,26.105407255304584,2026-06-03,6,2027-02-11,xgboost,17000000,-0.048415776,16176931.80218339,-0.388574,0.24408236
432164,Igor Jesus,Centre-Forward,25.267624914442163,2026-06-03,6,2027-02-11,xgboost,25000000,0.09204218,27301054.447889328,-0.118385404,0.37459007
432914,John Victor,Goalkeeper,30.302532511978097,2026-06-03,6,2027-02-11,xgboost,5000000,-0.21709098,3914545.103907585,-0.41633993,0.06975484
433177,Bukayo Saka,Right Winger,24.7419575633128,2026-06-03,6,2027-02-11,xgboost,110000000,-0.092714794,99801372.66218662,-0.28641063,0.23402986
433188,Curtis Jones,Central Midfield,25.338809034907598,2026-06-03,6,2027-02-11,xgboost,35000000,-0.07488642,32378975.339233875,-0.21833609,0.25633812
433991,Ethan Galbraith,Central Midfield,25.045859000684462,2026-05-28,6,2027-02-06,xgboost,2500000,0.39191535,3479788.37788105,-0.13840874,1.1162331
434223,Adam Idah,Centre-Forward,25.28952772073922,2026-05-28,6,2027-02-06,xgboost,4500000,-0.06822795,4192974.239587784,-0.3256077,0.40785298
434224,Maxence Lacroix,Centre-Back,26.157426420260094,2026-06-03,6,2027-02-11,xgboost,50000000,0.060714483,53035724.16305542,-0.11884176,0.43661413
434675,Cody Gakpo,Left Winger,27.07460643394935,2026-06-03,6,2027-02-11,xgboost,60000000,-0.12911096,52253342.270851135,-0.27395546,0.15112852
435062,Callum Styles,Left-Back,26.168377823408623,2026-05-28,6,2027-02-06,xgboost,3000000,0.13309506,3399285.167455673,-0.15253921,0.5584941
435338,Gabriel,Centre-Back,28.45448323066393,2026-06-03,6,2027-02-11,xgboost,75000000,-0.030694544,72697909.17634964,-0.1858531,0.16372745
435648,Joshua Zirkzee,Centre-Forward,25.032169746748803,2026-06-03,6,2027-02-11,xgboost,20000000,-0.10604121,17879175.84180832,-0.33932963,0.2881591
438001,Santiago Bueno,Centre-Back,27.564681724845997,2026-06-03,6,2027-02-11,xgboost,10000000,-0.027261691,9727383.088320494,-0.2263671,0.2431935
442248,Ethan Pinnock,Centre-Back,33.01300479123888,2026-06-03,6,2027-02-11,xgboost,3000000,-0.3274851,2017544.6569919586,-0.45789805,-0.02612648
445939,Omar Marmoush,Centre-Forward,27.318275154004105,2026-06-03,6,2027-02-11,xgboost,50000000,-0.18670523,40664738.41667175,-0.3339195,0.15864019
447661,Douglas Luiz,Central Midfield,28.0684462696783,2026-06-03,6,2027-02-11,xgboost,18000000,-0.17143328,14914200.872182846,-0.37419465,0.15018822
447995,Ross Stewart,Centre-Forward,29.39630390143737,2025-12-03,6,2026-08-12,xgboost,2800000,-0.18714705,2275988.256931305,-0.42087397,0.13980058
450050,Jean-Ricner Bellegarde,Central Midfield,27.93429158110883,2026-06-03,6,2027-02-11,xgboost,16000000,-0.13790067,13793589.353561401,-0.28406888,0.15472338
451276,Dominik Szoboszlai,Attacking Midfield,25.60438056125941,2026-06-03,6,2027-02-11,xgboost,100000000,-0.01927324,98072675.98807812,-0.17046858,0.24101552
454576,Róbert Boženík,Centre-Forward,26.524298425735797,2026-05-28,6,2027-02-06,xgboost,2500000,-0.09473142,2263171.449303627,-0.33145893,0.38199547
455661,Nick Woltemade,Centre-Forward,24.298425735797398,2026-06-03,6,2027-02-11,xgboost,55000000,-0.10847398,49033931.15848303,-0.30593175,0.23499164
456292,Ellery Balcombe,Goalkeeper,26.633812457221083,2026-06-03,6,2027-02-11,xgboost,400000,0.15068837,460275.3460407257,-0.1775385,0.66149014
458178,Jack Taylor,Central Midfield,27.928815879534564,2026-05-28,6,2027-02-06,xgboost,3000000,-0.032512356,2902462.9332125187,-0.25779173,0.38762736
460939,Tijjani Reijnders,Central Midfield,27.8466803559206,2026-06-03,6,2027-02-11,xgboost,50000000,-0.14644223,42677888.27419281,-0.305424,0.12597018
461883,Calvin Bassey,Centre-Back,26.42299794661191,2026-06-03,6,2027-02-11,xgboost,28000000,-0.0019978085,27944061.363115907,-0.17732994,0.21981238
463603,Benoît Badiashile,Centre-Back,25.188227241615333,2026-06-03,6,2027-02-11,xgboost,15000000,-0.084401526,13733977.116644382,-0.34279475,0.2840305
463605,Bafodé Diakité,Centre-Back,25.404517453798768,2026-06-03,6,2027-02-11,xgboost,25000000,-0.104667716,22383307.106792927,-0.32890877,0.23552124
464599,Nicolas Madsen,Central Midfield,25.713894592744694,2025-12-03,6,2026-08-12,xgboost,3500000,0.028226627,3598793.194629252,-0.20453939,0.43306547
465555,Djordje Petrovic,Goalkeeper,26.652977412731005,2026-06-03,6,2027-02-11,xgboost,28000000,0.012480358,28349450.014531612,-0.17009686,0.21993539
465717,Jayden Bogle,Right-Back,25.8507871321013,2026-06-03,6,2027-02-11,xgboost,15000000,0.094274916,16414123.736321926,-0.1123898,0.4978207
466805,Nico González,Defensive Midfield,24.413415468856947,2026-06-03,6,2027-02-11,xgboost,40000000,-0.06466707,37413317.26312637,-0.2751261,0.24039133
467623,Lyle Foster,Centre-Forward,25.746748802190282,2026-06-03,6,2027-02-11,xgboost,8000000,-0.13151905,6947847.604751587,-0.35318813,0.21917544
468002,Ben Johnson,Right-Back,25.859000684462696,2025-12-03,6,2026-08-12,xgboost,7000000,-0.15310946,5928233.772516251,-0.35219422,0.23908626
468066,Jens Cajuste,Defensive Midfield,26.316221765913756,2025-12-03,6,2026-08-12,xgboost,8000000,-0.12308852,7015291.86964035,-0.33497608,0.20438693
468198,Joe Aribo,Central Midfield,29.8507871321013,2026-05-28,6,2027-02-06,xgboost,1800000,-0.22420554,1396430.030465126,-0.48178077,0.08186854
468539,Daniel Peretz,Goalkeeper,25.880903490759753,2026-05-28,6,2027-02-06,xgboost,4000000,-0.024183052,3903267.7933573723,-0.23463833,0.46707702
469050,Nathan Collins,Centre-Back,25.09240246406571,2026-06-03,6,2027-02-11,xgboost,30000000,-0.037580896,28872573.114931583,-0.19437331,0.2475408
469781,Marcos Senesi,Centre-Back,29.065023956194388,2026-06-03,6,2027-02-11,xgboost,25000000,0.019146193,25478654.820472002,-0.15247743,0.19094469
470607,Brennan Johnson,Right Winger,25.02943189596167,2026-06-03,6,2027-02-11,xgboost,30000000,-0.0900762,27297713.980078697,-0.31215733,0.22593746
472423,Reece James,Right-Back,26.48596851471595,2026-06-03,6,2027-02-11,xgboost,60000000,-0.10531476,53681114.31598663,-0.22528358,0.18799593
473050,Kevin Schade,Left Winger,24.514715947980836,2026-06-03,6,2027-02-11,xgboost,35000000,0.03254834,36139191.8361187,-0.15685047,0.29698303
473169,Brian Brobbey,Centre-Forward,24.334017796030118,2026-06-03,6,2027-02-11,xgboost,30000000,0.092447184,32773415.52078724,-0.12535773,0.40619934
474701,Crysencio Summerville,Left Winger,24.591375770020534,2026-06-03,6,2027-02-11,xgboost,35000000,0.047720224,36670207.82828331,-0.12388671,0.38032368
475188,Kiernan Dewsbury-Hall,Central Midfield,27.73990417522245,2026-06-03,6,2027-02-11,xgboost,35000000,-0.00025569735,34991050.59279828,-0.13558699,0.23656039
475411,Wesley Fofana,Centre-Back,25.45927446954141,2026-06-03,6,2027-02-11,xgboost,28000000,-0.035021022,27019411.385059357,-0.24722737,0.2290766
475416,Sorba Thomas,Left Winger,27.33744010951403,2026-05-28,6,2027-02-06,xgboost,14000000,0.12952907,15813407.03368187,-0.17211375,0.5612573
475959,Josko Gvardiol,Centre-Back,24.358658453114305,2026-06-03,6,2027-02-11,xgboost,70000000,-0.044865645,66859404.81722355,-0.23246911,0.22574306
476701,Manuel Ugarte,Defensive Midfield,25.144421629021217,2026-06-03,6,2027-02-11,xgboost,25000000,-0.09095297,22726175.747811794,-0.33609322,0.23947656
477758,Aaron Wan-Bissaka,Right-Back,28.517453798767967,2026-06-03,6,2027-02-11,xgboost,15000000,-0.23166123,11525081.545114517,-0.384861,0.10507065
478573,Ryan Gravenberch,Defensive Midfield,24.04928131416838,2026-06-03,6,2027-02-11,xgboost,80000000,-0.03914042,76868766.54624939,-0.25615788,0.22216818
479999,Eberechi Eze,Attacking Midfield,27.928815879534564,2026-06-03,6,2027-02-11,xgboost,65000000,-0.026823893,63256446.942687035,-0.14527032,0.20710698
480723,Finn Azaz,Attacking Midfield,25.71937029431896,2026-05-28,6,2027-02-06,xgboost,20000000,0.0029421705,20058843.409642577,-0.16823371,0.34677687
480762,Lisandro Martínez,Centre-Back,28.372347707049965,2026-06-03,6,2027-02-11,xgboost,40000000,-0.12821332,34871467.35191345,-0.27816537,0.13862747
480987,Chris Mepham,Centre-Back,28.55852156057495,2026-05-28,6,2027-02-06,xgboost,3000000,-0.14273094,2571807.1907758713,-0.3669551,0.2259488
481675,Christos Mandas,Goalkeeper,24.709103353867214,2026-06-03,6,2027-02-11,xgboost,8000000,-0.08000536,7359957.098960876,-0.32705212,0.41214097
482836,David Strelec,Centre-Forward,25.14715947980835,2026-05-28,6,2027-02-06,xgboost,8000000,0.08363473,8669077.813625336,-0.1774892,0.44141915
483348,Djed Spence,Left-Back,25.815195071868583,2026-06-03,6,2027-02-11,xgboost,30000000,-0.10250114,26924965.82865715,-0.20604469,0.21264124
484547,Jeremie Frimpong,Right-Back,25.478439425051334,2026-06-03,6,2027-02-11,xgboost,35000000,-0.08079596,32172141.447663307,-0.2507603,0.23413949
485583,Ki-Jana Hoever,Right-Back,24.355920602327174,2026-05-28,6,2027-02-06,xgboost,3500000,-0.051575717,3319484.991952777,-0.34286657,0.45413825
485585,Ian Maatsen,Left-Back,24.23271731690623,2026-06-03,6,2027-02-11,xgboost,30000000,-0.04391575,28682527.542114258,-0.20010896,0.26425454
485706,Amadou Onana,Defensive Midfield,24.79671457905544,2026-06-03,6,2027-02-11,xgboost,45000000,-0.07410033,41665485.12876034,-0.2296886,0.2380677
486049,Jérémy Doku,Left Winger,24.019164955509925,2026-06-03,6,2027-02-11,xgboost,75000000,0.08352533,81264399.73711967,-0.116850436,0.35293472
487465,Pedro Neto,Right Winger,26.234086242299796,2026-06-03,6,2027-02-11,xgboost,60000000,-0.020556066,58766636.02888584,-0.17512819,0.21037899
487969,Randal Kolo Muani,Centre-Forward,27.49349760438056,2026-06-03,6,2027-02-11,xgboost,20000000,-0.13262199,17347560.226917267,-0.30648604,0.20690471
488362,Conor Gallagher,Central Midfield,26.321697467488022,2026-06-03,6,2027-02-11,xgboost,32000000,-0.106161796,28602822.54219055,-0.32638112,0.2224601
488755,Jakov Medic,Centre-Back,27.238877481177276,2025-12-03,6,2026-08-12,xgboost,2000000,0.09556247,2191124.9458789825,-0.22425649,0.68555665
488935,Hákon Valdimarsson,Goalkeeper,24.637919233401778,2026-06-03,6,2027-02-11,xgboost,2500000,0.1362939,2840734.7574830055,-0.2100902,0.62667286
489359,Ao Tanaka,Central Midfield,27.72895277207392,2026-06-03,6,2027-02-11,xgboost,13000000,0.07131205,13927056.61803484,-0.1772485,0.4830893
493003,Daniel Muñoz,Right-Back,30.02053388090349,2026-06-03,6,2027-02-11,xgboost,22000000,-0.17389755,18174253.910779953,-0.34978205,0.026028033
494237,Wilson Isidor,Centre-Forward,25.765913757700204,2026-06-03,6,2027-02-11,xgboost,18000000,0.010282892,18185092.052444816,-0.20297748,0.2819669
494880,Jorge Cuenca,Centre-Back,26.543463381245722,2026-06-03,6,2027-02-11,xgboost,8000000,-0.012364163,7901086.695492268,-0.2216895,0.30228838
495666,William Saliba,Centre-Back,25.193702943189596,2026-06-03,6,2027-02-11,xgboost,100000000,0.06609655,106609655.17163277,-0.110406876,0.33274263
496659,Ben Cabango,Centre-Back,25.99315537303217,2026-05-28,6,2027-02-06,xgboost,9000000,-0.040496547,8635531.079024076,-0.25705898,0.2652733
497291,Nicolás Domínguez,Central Midfield,27.9315537303217,2026-06-03,6,2027-02-11,xgboost,15000000,-0.11216615,13317507.728934288,-0.2967147,0.1586013
500689,Evann Guessand,Right Winger,24.922655715263517,2026-06-03,6,2027-02-11,xgboost,25000000,-0.10816438,22295890.56223631,-0.31835905,0.26461828
501743,Koki Saito,Left Winger,24.79671457905544,2026-05-28,6,2027-02-06,xgboost,3200000,0.012551218,3240163.8984680176,-0.24677646,0.45221317
502676,Giorgi Mamardashvili,Goalkeeper,25.675564681724847,2026-06-03,6,2027-02-11,xgboost,28000000,-0.026810708,27249300.189316273,-0.21271794,0.2965185
502821,Riccardo Calafiori,Left-Back,24.041067761806982,2026-06-03,6,2027-02-11,xgboost,55000000,0.04786863,57632774.747908115,-0.12470533,0.2970397
503679,Rhys Williams,Centre-Back,25.32785763175907,2026-06-03,6,2027-02-11,xgboost,500000,0.117519535,558759.767562151,-0.27447796,0.6300751
503680,Neco Williams,Left-Back,25.138945927446954,2026-06-03,6,2027-02-11,xgboost,28000000,0.096998036,30715945.00541687,-0.10720863,0.3165459
503686,Dan Ballard,Centre-Back,26.69678302532512,2026-06-03,6,2027-02-11,xgboost,20000000,-0.00452579,19909484.200179577,-0.17843626,0.2672575
503733,Anthony Gordon,Left Winger,25.270362765229294,2026-06-03,6,2027-02-11,xgboost,65000000,0.025106367,66631913.83704543,-0.14075108,0.26439866
503743,Morgan Rogers,Attacking Midfield,23.854893908281998,2026-06-03,6,2027-02-11,xgboost,90000000,0.08848657,97963791.0425663,-0.10282415,0.34029078
503749,Jacob Ramsey,Central Midfield,25.01574264202601,2026-06-03,6,2027-02-11,xgboost,35000000,-0.028116748,34015913.82920742,-0.23176135,0.23935999
503883,Senne Lammens,Goalkeeper,23.906913073237508,2026-06-03,6,2027-02-11,xgboost,35000000,0.10484032,38669411.316514015,-0.10802343,0.38597628
503977,Taylor Harwood-Bellis,Centre-Back,23.84120465434634,2025-12-03,6,2026-08-12,xgboost,20000000,-0.014242665,19715146.70178294,-0.2982874,0.2859554
503981,Tino Livramento,Right-Back,23.5564681724846,2026-06-03,6,2027-02-11,xgboost,45000000,0.06350981,47857941.31457806,-0.14187197,0.3372511
503987,Noni Madueke,Right Winger,24.23271731690623,2026-06-03,6,2027-02-11,xgboost,50000000,-0.011393463,49430326.83804631,-0.20185511,0.2856925
503990,Nathan Wood,Centre-Back,23.509924709103355,2025-12-03,6,2026-08-12,xgboost,4000000,0.014629838,4058519.3522274494,-0.2516163,0.47891656
504849,Kaoru Mitoma,Left Winger,29.037645448323065,2026-06-03,6,2027-02-11,xgboost,22000000,-0.22523202,17044895.55954933,-0.35684195,0.056464426
505194,Luke Thomas,Left-Back,24.48186173853525,2025-12-03,6,2026-08-12,xgboost,6000000,-0.030393893,5817636.642605066,-0.27064097,0.42317885
505219,James Garner,Defensive Midfield,25.22381930184805,2026-06-03,6,2027-02-11,xgboost,45000000,0.119626515,50383193.15761328,-0.10596673,0.49075294
506189,Flynn Downes,Defensive Midfield,26.869267624914443,2025-12-03,6,2026-08-12,xgboost,12000000,-0.15711188,10114657.402038574,-0.32282037,0.18854253
506942,Zan Vipotnik,Centre-Forward,24.194387405886378,2026-05-28,6,2027-02-06,xgboost,22000000,0.23359154,27139013.916254044,-0.13608104,0.69198114
513968,Aidan Morris,Central Midfield,24.528405201916495,2026-05-28,6,2027-02-06,xgboost,10000000,0.1368539,11368539.035320282,-0.14713123,0.5567788
514285,Quilindschy Hartman,Left-Back,24.550308008213552,2026-06-03,6,2027-02-11,xgboost,16000000,-0.07082533,14866794.70539093,-0.28905353,0.30016255
515544,Trai Hume,Right-Back,24.210814510609172,2026-06-03,6,2027-02-11,xgboost,22000000,0.015701862,22345440.965145826,-0.16158038,0.37027135
516407,Bojan Radulović,Centre-Forward,25.911019849418206,2025-11-26,6,2026-08-04,xgboost,800000,-0.021489708,782808.2337975502,-0.2986843,0.51950747
517894,Matheus Cunha,Centre-Forward,27.019849418206707,2026-06-03,6,2027-02-11,xgboost,75000000,0.0016704709,75125285.3195183,-0.14396574,0.21894176
520624,Bruno Guimarães,Central Midfield,28.54483230663929,2026-06-03,6,2027-02-11,xgboost,70000000,-0.13118544,60817019.045352936,-0.27844593,0.06912413
520651,Jensen Weir,Central Midfield,23.81930184804928,2025-11-26,6,2026-08-04,xgboost,375000,0.32861763,498231.6121459007,-0.13948315,1.0864239
521964,Malick Thiaw,Centre-Back,24.8186173853525,2026-06-03,6,2027-02-11,xgboost,45000000,0.0032397476,45145788.642112166,-0.16916525,0.28768808
522784,Taty Castellanos,Centre-Forward,27.665982203969882,2026-06-03,6,2027-02-11,xgboost,28000000,-0.088904105,25510685.056447983,-0.25455186,0.2126135
524285,Luca Netz,Left-Back,23.052703627652292,2026-06-03,6,2027-02-11,xgboost,8000000,0.044690866,8357526.928186417,-0.22261272,0.64098614
525247,Maximilian Kilman,Centre-Back,29.02943189596167,2026-06-03,6,2027-02-11,xgboost,13000000,-0.25815985,9643922.001123428,-0.41441098,0.06711814
528892,Harry Clarke,Right-Back,24.75564681724846,2025-12-03,6,2026-08-12,xgboost,4000000,-0.07603143,3695874.273777008,-0.32364044,0.41634393
532776,Amine Adli,Left Winger,26.064339493497606,2026-06-03,6,2027-02-11,xgboost,20000000,-0.0069323936,19861352.127045393,-0.20629822,0.24765018
532858,Jérémy Petris,Right-Back,27.8466803559206,2025-12-03,6,2026-08-12,xgboost,2000000,-0.03288648,1934227.041900158,-0.28812605,0.3423829
533662,Cameron Archer,Centre-Forward,23.983572895277206,2025-12-03,6,2026-08-12,xgboost,10000000,-0.109892376,8901076.24232769,-0.34620968,0.38504738
534033,Alexis Mac Allister,Central Midfield,27.44147843942505,2026-06-03,6,2027-02-11,xgboost,70000000,-0.1423339,60036627.3522377,-0.28999108,0.13700736
535834,Eliot Matazo,Central Midfield,23.797399041752225,2025-12-03,6,2026-08-12,xgboost,2000000,0.114554696,2229109.3915700912,-0.20068562,0.68278223
536835,Amad Diallo,Right Winger,23.89596167008898,2026-06-03,6,2027-02-11,xgboost,45000000,-0.060367327,42283470.27674317,-0.2646623,0.2689359
538963,Ruben Roosken,Left-Back,25.73579739904175,2025-11-26,6,2026-08-04,xgboost,700000,0.2468534,872797.3774075508,-0.1435378,0.9215075
538977,Georginio Rutter,Centre-Forward,24.12046543463381,2026-06-03,6,2027-02-11,xgboost,30000000,-0.058592405,28242227.844893932,-0.19585347,0.25727463
540664,Dilane Bakwa,Right Winger,23.770020533880903,2026-06-03,6,2027-02-11,xgboost,28000000,-0.074420616,25916222.751140594,-0.25652084,0.2673242
540941,Mikkel Damsgaard,Attacking Midfield,25.916495550992472,2026-06-03,6,2027-02-11,xgboost,30000000,-0.00434749,29869575.295597315,-0.1747545,0.22401841
541231,Sepp van den Berg,Centre-Back,24.451745379876797,2026-06-03,6,2027-02-11,xgboost,32000000,0.00086140644,32027565.006166697,-0.16931003,0.30179214
542586,Illan Meslier,Goalkeeper,26.253251197809718,2026-06-03,6,2027-02-11,xgboost,8000000,-0.15991348,6720692.157745361,-0.37840515,0.24431637
543164,Rhys Norrington-Davies,Left-Back,27.09924709103354,2026-05-28,6,2027-02-06,xgboost,2500000,0.12584235,2814605.8693528175,-0.20788014,0.4760467
543387,Cheick Doucouré,Defensive Midfield,26.401095140314855,2026-06-03,6,2027-02-11,xgboost,10000000,-0.17651522,8234847.784042358,-0.3762825,0.22257805
543499,Mohammed Kudus,Right Winger,25.83436002737851,2026-06-03,6,2027-02-11,xgboost,50000000,-0.1256207,43718965.35158157,-0.26497892,0.1655448
547039,Isaak Davies,Left Winger,24.62696783025325,2026-05-12,6,2027-01-21,xgboost,1000000,-0.002206616,997793.3838963509,-0.3198713,0.7166464
548729,Zeki Amdouni,Centre-Forward,25.49486652977413,2026-06-03,6,2027-02-11,xgboost,7000000,-0.16621538,5836492.374539375,-0.36778644,0.36901772
553875,Pedro Porro,Right-Back,26.72142368240931,2026-06-03,6,2027-02-11,xgboost,35000000,-0.09693318,31607338.74887228,-0.29411978,0.1670581
556385,Destiny Udogie,Left-Back,23.512662559890487,2026-06-03,6,2027-02-11,xgboost,30000000,-0.106479675,26805609.76266861,-0.3278709,0.2914413
557459,Micky van de Ven,Centre-Back,25.12251882272416,2026-06-03,6,2027-02-11,xgboost,50000000,-0.06275624,46862187.98160553,-0.30293015,0.2239817
559263,Fábio Carvalho,Attacking Midfield,23.759069130732374,2026-06-03,6,2027-02-11,xgboost,8000000,-0.08682069,7305434.465408325,-0.35646686,0.44669053
559794,Jack Clarke,Left Winger,25.026694045174537,2025-12-03,6,2026-08-12,xgboost,15000000,-0.05606349,14159047.62223363,-0.21497476,0.3024895
564529,Victor Kristiansen,Left-Back,23.446954140999317,2026-05-28,6,2027-02-06,xgboost,9000000,-0.09543019,8141128.309071064,-0.35973942,0.48528248
565093,Bart Verbruggen,Goalkeeper,23.79192334017796,2026-06-03,6,2027-02-11,xgboost,40000000,0.0071392385,40285569.54115629,-0.16695066,0.30767506
565822,Harvey Elliott,Attacking Midfield,23.16495550992471,2026-06-03,6,2027-02-11,xgboost,20000000,-0.091036454,18179270.923137665,-0.33839938,0.38873717
566799,James Trafford,Goalkeeper,23.64681724845996,2026-06-03,6,2027-02-11,xgboost,25000000,-0.010448608,24738784.809596837,-0.24519403,0.30483177
566931,Xavi Simons,Attacking Midfield,23.11841204654346,2026-06-03,6,2027-02-11,xgboost,40000000,-0.09031179,36387528.47909927,-0.31976438,0.2724182
567576,Elliot Anderson,Central Midfield,23.572895277207394,2026-06-03,6,2027-02-11,xgboost,75000000,0.14789702,86092276.49867535,-0.10362421,0.44121194
568006,Dennis Cirkin,Left-Back,24.15879534565366,2026-06-03,6,2027-02-11,xgboost,6000000,-0.06735309,5595881.447196007,-0.3330389,0.44715875
568157,Yéremy Pino,Right Winger,23.619438740588638,2026-06-03,6,2027-02-11,xgboost,30000000,-0.044033922,28678982.332348824,-0.29129723,0.25446585
568177,Cole Palmer,Attacking Midfield,24.076659822039698,2026-06-03,6,2027-02-11,xgboost,100000000,-0.12748997,87251003.08656693,-0.29973483,0.21885659
568559,Radu Drăgușin,Centre-Back,24.32854209445585,2026-06-03,6,2027-02-11,xgboost,16000000,-0.14784725,13634443.998336792,-0.33551016,0.2989589
568693,Pape Matar Sarr,Central Midfield,23.718001368925393,2026-06-03,6,2027-02-11,xgboost,30000000,-0.07488569,27753429.33833599,-0.26880375,0.2873555
569663,Mathias Kvistgaarden,Centre-Forward,24.11772758384668,2026-05-28,6,2027-02-06,xgboost,6000000,-0.0760231,5543861.389160156,-0.35221374,0.44476622
571743,Armando Broja,Centre-Forward,24.72826830937714,2026-06-03,6,2027-02-11,xgboost,5000000,-0.10110055,4494497.254490852,-0.3967663,0.4022115
572265,Lorenzo Lucca,Centre-Forward,25.727583846680357,2026-06-03,6,2027-02-11,xgboost,20000000,-0.03028952,19394209.60843563,-0.23413458,0.36286598
576314,Jan Paul van Hecke,Centre-Back,25.984941820670773,2026-06-03,6,2027-02-11,xgboost,45000000,0.10568517,49755832.51565695,-0.10885722,0.4626826
578391,Rayan Aït-Nouri,Left-Back,24.99110198494182,2026-06-03,6,2027-02-11,xgboost,40000000,-0.021244034,39150238.63315582,-0.20660917,0.27610716
578539,Chris Richards,Centre-Back,26.182067077344286,2026-06-03,6,2027-02-11,xgboost,28000000,0.05856864,29639921.963214874,-0.11472327,0.28248644
579295,Melker Widell,Central Midfield,24.10677618069815,2026-05-28,6,2027-02-06,xgboost,1800000,0.21905208,2194293.737411499,-0.14246167,0.7395724
581672,Samuel Iling-Junior,Left Midfield,22.650239561943874,2026-05-29,6,2027-02-07,xgboost,6500000,-0.056746896,6131145.173683763,-0.32994163,0.5480096
581675,Harvey Vale,Right Midfield,22.22861054072553,2025-12-03,6,2026-08-12,xgboost,1500000,0.04911878,1573678.1693995,-0.24306706,0.79053843
582078,Will Dennis,Goalkeeper,25.415468856947296,2025-12-09,6,2026-08-18,xgboost,350000,0.14447542,400566.3953721523,-0.13823962,0.8981326
583189,Anthony Elanga,Right Winger,24.10130047912389,2026-06-03,6,2027-02-11,xgboost,32000000,-0.106704056,28585470.19958496,-0.34234646,0.24633302
583199,James McAtee,Attacking Midfield,23.6249144421629,2026-06-03,6,2027-02-11,xgboost,18000000,-0.119510494,15848811.104893684,-0.32737446,0.30871478
583255,Antoine Semenyo,Right Winger,26.403832991101986,2026-06-03,6,2027-02-11,xgboost,80000000,0.015625244,81250019.52052116,-0.15575394,0.21424711
584769,Dwight McNeil,Left Winger,26.529774127310063,2026-06-03,6,2027-02-11,xgboost,18000000,-0.12169326,15809521.302580833,-0.32440808,0.1927432
585323,Filip Jørgensen,Goalkeeper,24.13141683778234,2026-06-03,6,2027-02-11,xgboost,15000000,-0.03142596,14528610.594570637,-0.24667035,0.31727153
585550,Gavin Bazunu,Goalkeeper,24.265571526351813,2026-05-28,6,2027-02-06,xgboost,8000000,-0.07393578,7408513.784408569,-0.33591238,0.43232718
585769,George Campbell,Centre-Back,24.930869267624914,2026-05-28,6,2027-02-06,xgboost,2000000,0.34011933,2680238.664150238,-0.13731492,1.0899698
586834,Jesurun Rak-Sakyi,Right Winger,23.644079397672826,2026-05-28,6,2027-02-06,xgboost,6000000,0.03840482,6230428.911745548,-0.20922641,0.5500094
587002,Myles Peart-Harris,Attacking Midfield,23.225188227241617,2025-12-09,6,2026-08-18,xgboost,900000,0.012028192,910825.3729529679,-0.23924766,0.86221564
587222,Aune Heggebø,Centre-Forward,24.829568788501028,2026-05-28,6,2027-02-06,xgboost,7000000,0.031743746,7222206.223756075,-0.21281976,0.47293857
587298,Pelle Mattsson,Central Midfield,24.331279945242983,2025-12-03,6,2026-08-12,xgboost,3000000,0.10095175,3302855.260670185,-0.2116426,0.5912159
591949,Aaron Hickey,Right-Back,23.980835044490075,2026-06-03,6,2027-02-11,xgboost,16000000,-0.028791653,15539333.552122116,-0.25944877,0.30289647
595809,Beto,Centre-Forward,28.33675564681725,2026-06-03,6,2027-02-11,xgboost,18000000,-0.08853654,16406342.312693596,-0.2930661,0.13944142
596446,Leif Davis,Left-Back,25.924709103353866,2025-12-03,6,2026-08-12,xgboost,20000000,-0.1372112,17255775.928497314,-0.31302452,0.20780423
598577,Florian Wirtz,Attacking Midfield,23.085557837097877,2026-06-03,6,2027-02-11,xgboost,100000000,-0.06546019,93453980.98230362,-0.2816887,0.2348388
601883,Matheus Nunes,Right-Back,27.76728268309377,2026-06-03,6,2027-02-11,xgboost,50000000,0.0057160608,50285803.03769559,-0.124474116,0.2246959
605184,Jean-Clair Todibo,Centre-Back,26.425735797399042,2026-06-03,6,2027-02-11,xgboost,22000000,-0.07630605,20321266.84486866,-0.26925725,0.1747482
605426,Melker Ellborg,Goalkeeper,23.033538672142367,2026-06-03,6,2027-02-11,xgboost,3000000,0.07746018,3232380.5317282677,-0.2184082,0.63925296
606718,Toti,Centre-Back,27.378507871321013,2026-06-03,6,2027-02-11,xgboost,18000000,-0.17941545,14770521.90899849,-0.33445242,0.19179326
607223,Rayan Cherki,Attacking Midfield,22.795345653661876,2026-06-03,6,2027-02-11,xgboost,90000000,0.1938248,107444231.80818558,-0.10652029,0.5688875
607224,Hannibal,Attacking Midfield,23.364818617385353,2026-06-03,6,2027-02-11,xgboost,15000000,-0.09957124,13506431.356072426,-0.24366428,0.32119444
607226,Loum Tchaouna,Right Winger,22.73511293634497,2026-06-03,6,2027-02-11,xgboost,13000000,-0.06595997,12142520.420253277,-0.3149115,0.330769
608832,Merlin Röhl,Attacking Midfield,23.912388774811774,2026-06-03,6,2027-02-11,xgboost,16000000,-0.034707755,15444675.922393799,-0.23432751,0.3264562
609556,William Osula,Centre-Forward,22.830937713894592,2026-06-03,6,2027-02-11,xgboost,28000000,0.28284806,35919745.683670044,-0.12772186,0.7185628
610581,Ali Al-Hamadi,Centre-Forward,24.197125256673512,2026-05-12,6,2027-01-21,xgboost,1500000,-0.038238063,1442642.904818058,-0.3392378,0.5636395
610849,Liam Delap,Centre-Forward,23.315537303216974,2026-06-03,6,2027-02-11,xgboost,28000000,-0.11104195,24890825.45042038,-0.32103717,0.27118474
611793,James Hill,Centre-Back,24.39425051334702,2026-06-03,6,2027-02-11,xgboost,23000000,0.21688929,27988453.716039658,-0.10903564,0.74817973
612517,Bashir Humphreys,Centre-Back,23.21971252566735,2026-06-03,6,2027-02-11,xgboost,12000000,-0.054105002,11350739.97080326,-0.31551635,0.41836336
612749,Isaac Price,Central Midfield,22.6694045174538,2026-05-28,6,2027-02-06,xgboost,12000000,0.1359286,13631143.21231842,-0.14562775,0.6109028
614258,Levi Colwill,Centre-Back,23.266255989048595,2026-06-03,6,2027-02-11,xgboost,50000000,-0.058965344,47051732.800900936,-0.22087064,0.32503107
615302,Mirko Topić,Defensive Midfield,25.305954825462013,2026-05-28,6,2027-02-06,xgboost,4000000,-0.04579228,3816830.87348938,-0.31320766,0.40204084
617018,Marko Stamenić,Central Midfield,24.268309377138944,2026-05-28,6,2027-02-06,xgboost,3000000,0.049596004,3148788.0125641823,-0.2068068,0.56330717
618402,Ziyad Larkeche,Left-Back,23.20602327173169,2025-12-03,6,2026-08-12,xgboost,800000,0.42939603,1143516.8266296387,-0.12844148,1.8061137
620322,Malo Gusto,Right-Back,23.041752224503764,2026-06-03,6,2027-02-11,xgboost,35000000,0.03555886,36244560.12621522,-0.16378397,0.35963532
621193,Kasey McAteer,Right Midfield,24.511978097193705,2026-05-28,6,2027-02-06,xgboost,10000000,-0.056283053,9437169.469892979,-0.26339144,0.4215179
623570,Iliman Ndiaye,Right Winger,26.24229979466119,2026-06-03,6,2027-02-11,xgboost,55000000,0.02961045,56628574.71965253,-0.11003509,0.2645349
624258,Conor Bradley,Right-Back,22.902121834360027,2026-06-03,6,2027-02-11,xgboost,25000000,-0.058518026,23537049.34939742,-0.31469426,0.32459557
624946,Rumarn Burrell,Centre-Forward,25.44558521560575,2026-05-28,6,2027-02-06,xgboost,6000000,0.16442628,6986557.692289352,-0.15718606,0.598938
626474,Rubin Colwill,Attacking Midfield,24.041067761806982,2026-05-12,6,2027-01-21,xgboost,2000000,0.2690983,2538196.623325348,-0.14291438,0.97850716
626724,João Pedro,Centre-Forward,24.684462696783026,2026-06-03,6,2027-02-11,xgboost,80000000,0.026961371,82156909.70420837,-0.13298872,0.28224954
627442,Benjamin Sesko,Centre-Forward,23.00889801505818,2026-06-03,6,2027-02-11,xgboost,75000000,0.06847651,80135738.47711086,-0.12941982,0.3787201
627626,Wilfried Gnonto,Right Winger,22.576317590691307,2026-06-03,6,2027-02-11,xgboost,16000000,-0.1160315,14143496.036529541,-0.3220029,0.3391173
628451,Roméo Lavia,Defensive Midfield,22.406570841889117,2026-06-03,6,2027-02-11,xgboost,22000000,-0.10405746,19710735.857486725,-0.3500823,0.32429412
633306,Iván Azón,Centre-Forward,22.94318959616701,2025-12-03,6,2026-08-12,xgboost,3000000,0.13575056,3407251.685857773,-0.22728454,0.85320306
633652,Calvin Ramsay,Right-Back,22.84188911704312,2026-06-03,6,2027-02-11,xgboost,1500000,0.04276097,1564141.4523124695,-0.26658547,0.61195016
633992,Enzo Le Fée,Central Midfield,26.32991101984942,2026-06-03,6,2027-02-11,xgboost,28000000,0.055557873,29555620.446801186,-0.1053275,0.27356216
644401,Keane Lewis-Potter,Left Midfield,25.27583846680356,2026-06-03,6,2027-02-11,xgboost,25000000,-0.0018526138,24953684.65606589,-0.18054189,0.29400286
645686,Lamare Bogarde,Defensive Midfield,22.409308692676248,2026-06-03,6,2027-02-11,xgboost,18000000,0.115428254,20077708.572149277,-0.13991006,0.5573109
646658,Aaron Ramsey,Attacking Midfield,23.34839151266256,2026-05-28,6,2027-02-06,xgboost,6000000,-0.07332858,5560028.538107872,-0.36707315,0.4903488
646750,Cristhian Mosquera,Centre-Back,21.932922655715263,2026-06-03,6,2027-02-11,xgboost,40000000,0.09654464,43861785.53104401,-0.13407728,0.43122587
646991,Robin Roefs,Goalkeeper,23.37577002053388,2026-06-03,6,2027-02-11,xgboost,28000000,0.10238486,30866776.019334793,-0.10820615,0.37100154
648032,James Abankwah,Centre-Back,22.362765229295004,2026-05-28,6,2027-02-06,xgboost,3500000,0.4475611,5066463.798284531,-0.12903431,1.3301592
648195,Enzo Fernández,Central Midfield,25.374401095140314,2026-06-03,6,2027-02-11,xgboost,90000000,-0.02985174,87313343.37964654,-0.17008352,0.25219965
654253,Toby Collyer,Defensive Midfield,21.916495550992472,2025-12-03,6,2026-08-12,xgboost,5000000,0.048766565,5243832.82288909,-0.20941131,0.800939
654412,Abdoullah Ba,Right Midfield,22.84188911704312,2026-06-03,6,2027-02-11,xgboost,1500000,-0.044287108,1433569.3381726742,-0.3493117,0.6041226
654539,Adrien Truffert,Left-Back,24.53388090349076,2026-06-03,6,2027-02-11,xgboost,30000000,0.10539503,33161850.795149803,-0.10777711,0.39149514
655488,Gabriel Martinelli,Left Winger,24.958247775496236,2026-06-03,6,2027-02-11,xgboost,45000000,-0.06367284,42134722.17321396,-0.25206986,0.2603776
656316,Gabriel Slonina,Goalkeeper,22.050650239561943,2026-06-03,6,2027-02-11,xgboost,3000000,-0.0150853135,2954744.0595924854,-0.35978913,0.7000768
659813,Piero Hincapié,Centre-Back,24.396988364134156,2026-06-03,6,2027-02-11,xgboost,50000000,0.008129241,50406462.04724908,-0.1886655,0.32950068
661053,Jarrad Branthwaite,Centre-Back,23.93429158110883,2026-06-03,6,2027-02-11,xgboost,40000000,-0.09607595,36156961.9178772,-0.3148983,0.27448654
661207,Oscar Bobb,Right Winger,22.89390828199863,2026-06-03,6,2027-02-11,xgboost,28000000,-0.083472624,25662766.51620865,-0.27189776,0.26840836
661253,Hector Kyprianou,Defensive Midfield,25.00205338809035,2026-05-28,6,2027-02-06,xgboost,1500000,0.41021806,2115327.090024948,-0.13725881,1.2777458
661427,David Møller Wolfe,Left-Back,24.112251882272417,2026-06-03,6,2027-02-11,xgboost,8000000,-0.113955244,7088358.044624329,-0.33137545,0.38246885
662744,Vicente Reyes,Goalkeeper,22.521560574948666,2026-05-28,6,2027-02-06,xgboost,350000,0.2565776,439802.1638393402,-0.12394102,1.2311941
665390,Jaden Philogene,Left Winger,23.81656399726215,2025-12-03,6,2026-08-12,xgboost,18000000,0.06312268,19136208.280920982,-0.15034105,0.37254632
667121,Rodrigo Gomes,Left Midfield,22.90759753593429,2026-06-03,6,2027-02-11,xgboost,15000000,0.02923638,15438545.70016265,-0.20858975,0.34937042
667287,Yasin Ayari,Central Midfield,22.65845311430527,2026-06-03,6,2027-02-11,xgboost,35000000,0.11092372,38882330.283522606,-0.1181498,0.4285768
667517,Jordan James,Central Midfield,21.90280629705681,2026-05-28,6,2027-02-06,xgboost,12000000,0.013454848,12161458.175629377,-0.22060464,0.59920174
668557,Maksym Taloverov,Centre-Back,25.913757700205338,2026-05-28,6,2027-02-06,xgboost,2000000,0.039261315,2078522.6300358772,-0.2505701,0.4219907
669366,Tom Cannon,Centre-Forward,22.93223819301848,2025-12-03,6,2026-08-12,xgboost,8000000,-0.029666876,7762664.9886369705,-0.3110083,0.4718218
670717,Dário Essugo,Defensive Midfield,21.22108145106092,2026-06-03,6,2027-02-11,xgboost,15000000,-0.0704259,13943611.532449722,-0.3225221,0.37381166
670848,Divin Mubama,Centre-Forward,21.10609171800137,2025-12-03,6,2026-08-12,xgboost,6000000,0.5277263,9166357.75566101,-0.13530867,1.5116351
670858,Lewis Hall,Left-Back,21.73305954825462,2026-06-03,6,2027-02-11,xgboost,40000000,0.08896074,43558429.479599,-0.09504773,0.4742699
670882,Jamie Gittens,Left Winger,21.817932922655714,2026-06-03,6,2027-02-11,xgboost,30000000,-0.11953582,26413925.43911934,-0.32578218,0.3348623
673492,Morato,Centre-Back,24.92539356605065,2026-06-03,6,2027-02-11,xgboost,14000000,-0.02977215,13583189.90841508,-0.21652006,0.2938583
674054,Leo Walta,Attacking Midfield,22.926762491444215,2026-05-28,6,2027-02-06,xgboost,3000000,0.12692854,3380785.6142520905,-0.2117001,0.87152326
680531,Sam Silvera,Left Winger,25.587953456536617,2026-05-28,6,2027-02-06,xgboost,1500000,0.30870014,1963050.216436386,-0.15057263,1.0319552
680806,Samuel Edozie,Left Winger,22.847364818617386,2025-12-03,6,2026-08-12,xgboost,5000000,-0.023123292,4884383.538737893,-0.32187372,0.5958466
683571,Tolu Arokodare,Centre-Forward,25.52498288843258,2026-06-03,6,2027-02-11,xgboost,20000000,-0.08778828,18244234.4725132,-0.3185778,0.2479871
683620,Antoni Milambo,Attacking Midfield,21.166324435318277,2026-06-03,6,2027-02-11,xgboost,15000000,-0.12634888,13104766.756296158,-0.3344454,0.30545196
684210,Jaidon Anthony,Left Winger,26.50513347022587,2026-06-03,6,2027-02-11,xgboost,20000000,0.015761005,20315220.095217228,-0.13200402,0.3043217
687626,Moisés Caicedo,Defensive Midfield,24.583162217659137,2026-06-03,6,2027-02-11,xgboost,100000000,-0.059278063,94072193.65239143,-0.23521386,0.2179734
689637,Chadi Riad,Centre-Back,22.962354551676935,2026-06-03,6,2027-02-11,xgboost,15000000,0.11154267,16673140.078783035,-0.1496546,0.53594303
693095,Jacob Greaves,Centre-Back,25.22381930184805,2025-12-03,6,2026-08-12,xgboost,16000000,-0.08826265,14587797.64175415,-0.311918,0.2594815
696181,Romaine Mundle,Left Winger,23.110198494182068,2026-06-03,6,2027-02-11,xgboost,7000000,-0.012279491,6914043.56341809,-0.31029838,0.54932266
696589,Tim Iroegbunam,Central Midfield,22.926762491444215,2026-06-03,6,2027-02-11,xgboost,18000000,0.11500008,20070001.378655434,-0.13209273,0.46281606
698164,Freddie Potts,Defensive Midfield,22.72416153319644,2026-06-03,6,2027-02-11,xgboost,10000000,0.015891897,10158918.965607882,-0.21720363,0.57682556
698415,José Córdoba,Centre-Back,24.982888432580424,2026-05-28,6,2027-02-06,xgboost,5000000,0.14205027,5710251.331329346,-0.14662023,0.52752554
698678,Hugo Bueno,Left-Back,23.707049965776864,2026-06-03,6,2027-02-11,xgboost,12000000,0.01305441,12156652.919948101,-0.1839471,0.4739617
701021,Ruairi McConville,Centre-Back,21.073237508555785,2026-05-28,6,2027-02-06,xgboost,3000000,0.31311142,3939334.273338318,-0.120538406,1.1086764
701057,Rico Lewis,Right-Back,21.530458590006845,2026-06-03,6,2027-02-11,xgboost,28000000,-0.09667936,25292977.929115295,-0.31871864,0.4079666
706815,Harvey Davies,Goalkeeper,22.748802190280628,2026-06-03,6,2027-02-11,xgboost,500000,0.20035343,600176.714360714,-0.17982863,1.1747394
706968,Ji-sung Eom,Left Winger,24.05201916495551,2026-05-28,6,2027-02-06,xgboost,1800000,0.2820243,2307643.7294483185,-0.13936436,1.0038028
708072,Nicolò Savona,Right-Back,23.208761122518823,2026-06-03,6,2027-02-11,xgboost,15000000,-0.09364367,13595344.90853548,-0.32892716,0.32983884
709726,Hugo Ekitiké,Centre-Forward,23.953456536618756,2026-06-03,6,2027-02-11,xgboost,80000000,-0.10805844,71355324.9835968,-0.28367975,0.22625354
711337,Evanilson,Centre-Forward,26.65845311430527,2026-06-03,6,2027-02-11,xgboost,35000000,-0.068217516,32612386.94190979,-0.18871081,0.18315679
711544,Jake O'Brien,Right-Back,25.05133470225873,2026-06-03,6,2027-02-11,xgboost,18000000,0.025808088,18464545.592665672,-0.16655086,0.31915778
711999,Lesley Ugochukwu,Defensive Midfield,22.187542778918548,2026-06-03,6,2027-02-11,xgboost,22000000,-0.007883658,21826559.530571103,-0.28536737,0.2945327
714458,Ben Nelson,Centre-Back,21.711156741957563,2025-12-03,6,2026-08-12,xgboost,600000,0.534247,920548.1886863708,-0.102705374,2.1165192
715558,Marcelino Núñez,Central Midfield,26.239561943874058,2026-05-28,6,2027-02-06,xgboost,14000000,0.061497014,14860958.196222782,-0.16915588,0.50202954
716276,Yerson Mosquera,Centre-Back,25.086926762491444,2026-06-03,6,2027-02-11,xgboost,12000000,-0.019839464,11761926.43493414,-0.19470908,0.4099666
717411,Yegor Yarmolyuk,Central Midfield,22.255989048596852,2026-06-03,6,2027-02-11,xgboost,32000000,0.052484065,33679490.089416504,-0.13385591,0.4614533
719673,Ben Gannon-Doak,Right Winger,20.55852156057495,2026-06-03,6,2027-02-11,xgboost,15000000,-0.042077385,14368839.226663113,-0.27086842,0.40562057
724536,Josh Keeley,Goalkeeper,22.986995208761122,2026-05-12,6,2027-01-21,xgboost,800000,0.41329595,1130636.7635726929,-0.12650658,1.6093295
724540,Bosun Lawal,Centre-Back,22.99520876112252,2026-05-28,6,2027-02-06,xgboost,3000000,0.21676119,3650283.560156822,-0.14237358,0.6895364
725912,Antonín Kinský,Goalkeeper,23.225188227241617,2026-06-03,6,2027-02-11,xgboost,15000000,0.053989656,15809844.844043255,-0.15562823,0.4351753
727023,Shayden Morris,Right Winger,23.66050650239562,2025-11-26,6,2026-08-04,xgboost,1000000,0.40313417,1403134.1671943665,-0.20807847,1.3514497
727089,Noah Sadiki,Central Midfield,21.45927446954141,2026-06-03,6,2027-02-11,xgboost,35000000,0.15947273,40581545.68076134,-0.0766607,0.53762203
728679,Tomas Rigo,Central Midfield,23.901437371663246,2026-05-28,6,2027-02-06,xgboost,4000000,0.039906953,4159627.8101205826,-0.20700432,0.5097148
729264,Welington,Left-Back,24.78576317590691,2025-12-03,6,2026-08-12,xgboost,3000000,0.0063899937,3019169.981125742,-0.21448915,0.5192779
730861,Milos Kerkez,Left-Back,22.570841889117045,2026-06-03,6,2027-02-11,xgboost,35000000,-0.03587082,33744521.29006386,-0.28537977,0.2664987
730893,Tyrick Mitchell,Left-Back,26.754277891854894,2026-06-03,6,2027-02-11,xgboost,25000000,-0.01994178,24501455.48209548,-0.19515496,0.19801545
731466,Teddy Sharman-Lowe,Goalkeeper,23.17864476386037,2026-06-03,6,2027-02-11,xgboost,500000,0.3429863,671493.1428432465,-0.17317353,1.4628474
732165,Ronnie Edwards,Centre-Back,22.68583162217659,2025-12-03,6,2026-08-12,xgboost,3800000,-0.017986907,3731649.7545689344,-0.2272498,0.62297255
733314,James Carragher,Centre-Back,23.498973305954827,2026-05-12,6,2027-01-21,xgboost,250000,0.52063787,380159.467458725,-0.080958664,1.488261
735570,João Gomes,Central Midfield,25.30321697467488,2026-06-03,6,2027-02-11,xgboost,40000000,0.010982219,40439288.76519203,-0.12411719,0.3421818
735571,Rodrigo Muniz,Centre-Forward,25.08145106091718,2026-06-03,6,2027-02-11,xgboost,20000000,-0.088647686,18227046.28109932,-0.32148436,0.30450866
739443,Igor Thiago,Centre-Forward,24.93634496919918,2026-06-03,6,2027-02-11,xgboost,65000000,0.1286428,73361781.83555603,-0.10292714,0.47352785
741229,Rocco Vata,Left Winger,21.1088295687885,2026-05-28,6,2027-02-06,xgboost,1800000,0.16952923,2105152.612924576,-0.19493008,1.1730931
741238,Omari Hutchinson,Attacking Midfield,22.5927446954141,2026-06-03,6,2027-02-11,xgboost,30000000,-0.018522581,29444322.56743312,-0.22417475,0.29019946
741257,Álex Jiménez,Right-Back,21.07049965776865,2026-06-03,6,2027-02-11,xgboost,22000000,0.07101781,23562391.80266857,-0.16486622,0.5273324
741267,Sam Curtis,Right-Back,20.005475701574266,2025-12-03,6,2026-08-12,xgboost,175000,1.3447245,410326.7937898636,0.013672028,4.573986
742770,Mohamed Touré,Centre-Forward,22.171115674195757,2026-05-28,6,2027-02-06,xgboost,8000000,0.30336896,10426951.64680481,-0.16283455,1.1908077
743384,Chemsdine Talbi,Right Winger,21.06776180698152,2026-06-03,6,2027-02-11,xgboost,25000000,0.056512233,26412805.821746588,-0.17491831,0.4399894
743413,Nico O'Reilly,Left-Back,21.201916495550993,2026-06-03,6,2027-02-11,xgboost,70000000,0.24442537,87109775.99024773,-0.06529382,0.70417815
743498,Wilson Odobert,Left Winger,21.51129363449692,2026-06-03,6,2027-02-11,xgboost,18000000,-0.08743354,16426196.292042732,-0.31905493,0.3663797
743591,Savinho,Left Winger,22.146475017111566,2026-06-03,6,2027-02-11,xgboost,35000000,-0.100128405,31495505.832135677,-0.31855637,0.32450777
743600,Andrey Santos,Central Midfield,22.083504449007528,2026-06-03,6,2027-02-11,xgboost,40000000,-0.0889054,36443783.938884735,-0.29702726,0.36884692
744149,Adam Wharton,Defensive Midfield,22.321697467488022,2026-06-03,6,2027-02-11,xgboost,70000000,0.104091205,77286384.32919979,-0.10974317,0.40808403
745181,Soungoutou Magassa,Defensive Midfield,22.652977412731005,2026-06-03,6,2027-02-11,xgboost,17000000,-0.0021656267,16963184.345513582,-0.21211983,0.3423369
746833,Caleb Wiley,Left-Back,21.44558521560575,2026-06-03,6,2027-02-11,xgboost,8000000,0.05775799,8462063.908576965,-0.21344616,0.83404714
747009,Justin Devenny,Attacking Midfield,22.64476386036961,2026-06-03,6,2027-02-11,xgboost,12000000,0.009135404,12109624.844044447,-0.2086483,0.52290756
747951,Shea Charles,Defensive Midfield,22.559890485968516,2026-05-28,6,2027-02-06,xgboost,15000000,0.109987445,16649811.677634716,-0.1551173,0.59455603
748319,Carlos Alcaraz,Central Midfield,23.50718685831622,2026-06-03,6,2027-02-11,xgboost,15000000,0.0126735205,15190102.807246149,-0.2062133,0.34395513
763079,Abdukodir Khusanov,Centre-Back,22.258726899383984,2026-06-03,6,2027-02-11,xgboost,50000000,0.18494654,59247326.85089111,-0.12231972,0.5778331
800176,André,Defensive Midfield,24.88158795345654,2026-06-03,6,2027-02-11,xgboost,25000000,-0.06392477,23401880.82307577,-0.20019913,0.25780174
800925,Oscar Schwartau,Attacking Midfield,19.548254620123203,2025-12-03,6,2026-08-12,xgboost,3500000,0.22674535,4293608.732521534,-0.09300019,0.8961759
801426,Tommy Conway,Centre-Forward,23.808350444900753,2026-05-28,6,2027-02-06,xgboost,14000000,0.2020977,16829367.78664589,-0.14330329,0.66407263
801734,Mathys Tel,Centre-Forward,21.100616016427104,2026-06-03,6,2027-02-11,xgboost,22000000,-0.09340667,19945053.26449871,-0.3385208,0.32011464
801989,Tammer Bany,Centre-Forward,22.60643394934976,2026-05-28,6,2027-02-06,xgboost,250000,0.3496447,337411.17268800735,-0.112110525,1.3815101
804219,Léo Scienza,Attacking Midfield,27.222450376454482,2025-12-03,6,2026-08-12,xgboost,9000000,-0.05959031,8463687.2112751,-0.24856712,0.2871014
811779,Alejandro Garnacho,Left Winger,21.921971252566735,2026-06-03,6,2027-02-11,xgboost,28000000,-0.108882904,24951278.686523438,-0.35014805,0.31529868
817665,Pablo,Centre-Forward,22.417522245037645,2026-06-03,6,2027-02-11,xgboost,18000000,-0.06122943,16897870.257496834,-0.22615053,0.37096417
820374,Kobbie Mainoo,Central Midfield,21.12251882272416,2026-06-03,6,2027-02-11,xgboost,70000000,0.2114587,84802108.8540554,-0.082749926,0.6943671
823231,Dango Ouattara,Right Winger,24.306639288158795,2026-06-03,6,2027-02-11,xgboost,35000000,0.025669409,35898429.31367457,-0.16975412,0.29637596
823486,Michael Kayode,Right-Back,21.897330595482547,2026-06-03,6,2027-02-11,xgboost,40000000,0.11396631,44558652.341365814,-0.106891885,0.48282978
829299,Max Weiß,Goalkeeper,21.965776865160848,2026-06-03,6,2027-02-11,xgboost,4000000,0.04763487,4190539.4792556763,-0.21725324,0.7413858
837334,Joel Colwill,Attacking Midfield,21.53867214236824,2026-05-12,6,2027-01-21,xgboost,900000,0.39317825,1253860.428929329,-0.105418906,1.8209289
842341,Maxime Estève,Centre-Back,24.021902806297057,2026-06-03,6,2027-02-11,xgboost,28000000,0.11467638,31210938.60268593,-0.120018326,0.32857615
843595,Max Alleyne,Centre-Back,20.867898699520875,2026-06-03,6,2027-02-11,xgboost,8000000,0.20381182,9630494.594573975,-0.20365494,1.1445825
845321,Kaelan Casey,Centre-Back,21.097878165639973,2025-12-03,6,2026-08-12,xgboost,1000000,0.4966207,1496620.7146644592,-0.19355898,2.2920196
848509,Jackson Tchatchoua,Right-Back,24.71731690622861,2026-06-03,6,2027-02-11,xgboost,12000000,-0.017098542,11794817.492365837,-0.20557262,0.3673775
855256,Alex Scott,Central Midfield,22.784394250513348,2026-06-03,6,2027-02-11,xgboost,50000000,0.11016164,55508081.98750019,-0.09851002,0.4725532
859951,Ashley Phillips,Centre-Back,20.919917864476385,2026-05-28,6,2027-02-06,xgboost,7000000,0.43969858,10077890.038490295,-0.108148254,1.4635532
863741,Nathan Fraser,Centre-Forward,21.27583846680356,2026-06-03,6,2027-02-11,xgboost,600000,0.11559088,669354.5266985893,-0.25039336,1.2305528
864121,Abdul Fatawu,Right Winger,21.738535249828885,2025-12-03,6,2026-08-12,xgboost,20000000,0.10016742,22003348.469734192,-0.13487053,0.45913917
864799,Stefan Bajcetic,Defensive Midfield,21.61259411362081,2026-06-03,6,2027-02-11,xgboost,4000000,-0.035507977,3857968.0919647217,-0.37420872,0.8141627
866246,Lucas Bergvall,Central Midfield,20.331279945242983,2026-06-03,6,2027-02-11,xgboost,35000000,-0.077352256,32292671.05460167,-0.30839545,0.30281982
866655,Tyler Dibling,Right Winger,20.290212183436,2026-06-03,6,2027-02-11,xgboost,17000000,-0.09737673,15344595.648348331,-0.35457245,0.36616793
867688,Jack Hinshelwood,Defensive Midfield,21.144421629021217,2026-06-03,6,2027-02-11,xgboost,28000000,0.22932647,34421141.20721817,-0.08573136,0.5850867
874538,Ryan Trevitt,Central Midfield,23.16769336071184,2026-05-12,6,2027-01-21,xgboost,275000,0.32664433,364827.19108462334,-0.11316657,1.1985146
876631,Habib Diarra,Central Midfield,22.414784394250514,2026-06-03,6,2027-02-11,xgboost,35000000,0.0637114,37229898.907244205,-0.12967099,0.3442137
880245,Mateus Fernandes,Central Midfield,21.897330595482547,2026-06-03,6,2027-02-11,xgboost,50000000,0.20706397,60353198.647499084,-0.10988595,0.6047376
883539,Charlie Crew,Defensive Midfield,19.967145790554415,2026-06-03,6,2027-02-11,xgboost,150000,0.7150232,257253.4829378128,-0.05730226,3.2208068
890721,Myles Lewis-Skelly,Left-Back,19.685147159479808,2026-06-03,6,2027-02-11,xgboost,45000000,0.090772875,49084779.35940027,-0.08504608,0.68454266
897481,Eric da Silva Moreira,Right-Back,20.084873374401095,2026-06-03,6,2027-02-11,xgboost,800000,0.060854692,848683.7536096573,-0.30215582,1.4244839
900195,Kevin,Left Winger,23.411362080766597,2026-06-03,6,2027-02-11,xgboost,25000000,-0.062751316,23431217.11164713,-0.3185529,0.2766771
900601,Alex Murphy,Left-Back,21.93839835728953,2026-06-03,6,2027-02-11,xgboost,1500000,0.19695348,1795430.213212967,-0.21715234,1.2928967
902021,Kuryu Matsuki,Attacking Midfield,22.595482546201232,2025-12-03,6,2026-08-12,xgboost,2400000,0.1600744,2784178.5550117493,-0.22009633,0.95704293
903611,Nilson Angulo,Left Winger,22.95687885010267,2026-06-03,6,2027-02-11,xgboost,17000000,-0.027500598,16532489.838078618,-0.21719117,0.3763988
904802,Jorrel Hato,Left-Back,20.240930869267626,2026-06-03,6,2027-02-11,xgboost,40000000,0.095916174,43836646.97408676,-0.09463986,0.45358685
906160,Saba Goglichidze,Centre-Back,21.921971252566735,2026-05-28,6,2027-02-06,xgboost,3500000,0.19296221,4175367.7502274513,-0.20702422,1.2754061
910905,Mamadou Sarr,Centre-Back,20.761122518822724,2026-06-03,6,2027-02-11,xgboost,22000000,0.1611651,25545632.272958755,-0.19827613,0.75014687
911424,Tyler Fredricson,Centre-Back,21.27310061601643,2026-06-03,6,2027-02-11,xgboost,3000000,0.41840369,4255211.055278778,-0.20378694,1.5749421
911736,Sverre Nypan,Central Midfield,19.45516769336071,2026-06-03,6,2027-02-11,xgboost,13000000,0.07481267,13972564.74941969,-0.30393246,0.40711746
912081,Jun-ho Bae,Attacking Midfield,22.767967145790553,2026-05-28,6,2027-02-06,xgboost,4000000,0.28302124,5132084.965705872,-0.1352804,0.89308584
922462,Lewis Koumas,Left Winger,20.687200547570157,2026-05-28,6,2027-02-06,xgboost,4000000,0.35933864,5437354.564666748,-0.14686735,1.3814445
922563,Oliver Scarles,Left-Back,20.473648186173854,2026-06-03,6,2027-02-11,xgboost,10000000,0.03276205,10327620.506286621,-0.19589342,0.8857481
922693,Archie Gray,Defensive Midfield,20.227241615331966,2026-06-03,6,2027-02-11,xgboost,35000000,-0.015583963,34454561.290331185,-0.18302242,0.3150643
922698,Ishé Samuels-Smith,Left-Back,19.496235455167692,2025-12-03,6,2026-08-12,xgboost,700000,0.7444302,1221101.1290550232,-0.1646654,3.8322756
922769,Lewis Miley,Central Midfield,20.09034907597536,2026-06-03,6,2027-02-11,xgboost,25000000,0.058089312,26452232.80414939,-0.16028771,0.52866656
923831,Leny Yoro,Centre-Back,20.553045859000683,2026-06-03,6,2027-02-11,xgboost,50000000,-0.04529761,47735119.42476034,-0.18441375,0.34189284
924850,Bobby Wales,Centre-Forward,20.44626967830253,2025-12-03,6,2026-08-12,xgboost,400000,0.5219023,608760.929107666,-0.13990021,2.4531069
926135,Omari Kellyman,Attacking Midfield,20.197125256673512,2025-11-26,6,2026-08-04,xgboost,1500000,0.2833333,1924999.9523162842,-0.18380907,1.4332145
926952,Patrick Dorgu,Left Winger,21.60164271047228,2026-06-03,6,2027-02-11,xgboost,35000000,0.017848551,35624699.29456711,-0.18295504,0.41105923
927768,Lucas Pires,Left-Back,25.193702943189596,2026-06-03,6,2027-02-11,xgboost,4000000,-0.07138845,3714446.187019348,-0.3239634,0.37967157
933017,Zach Abbott,Centre-Back,20.057494866529773,2026-06-03,6,2027-02-11,xgboost,4000000,0.4250374,5700149.655342102,-0.08932969,1.3768411
936237,Yu Hirakawa,Right Winger,25.39630390143737,2026-05-28,6,2027-02-06,xgboost,1000000,0.26130432,1261304.3189048767,-0.20974839,1.1366841
936842,Michael Golding,Central Midfield,19.531827515400412,2025-12-03,6,2026-08-12,xgboost,2000000,0.05666798,2113335.959613323,-0.18675007,0.94320077
936874,Tyrique George,Left Winger,20.32580424366872,2026-06-03,6,2027-02-11,xgboost,20000000,-0.049382992,19012340.158224106,-0.25364396,0.45191592
937840,Harrison Jones,Attacking Midfield,21.437371663244353,2026-06-03,6,2027-02-11,xgboost,150000,0.48242036,222363.05326223373,-0.08419334,2.0970657
937941,Thierno Barry,Centre-Forward,23.616700889801507,2026-06-03,6,2027-02-11,xgboost,30000000,0.037759345,31132780.350744724,-0.18319842,0.30312172
938146,Adam Aznou,Left-Back,20.00273785078713,2026-06-03,6,2027-02-11,xgboost,6000000,-0.05993628,5640382.312238216,-0.32238823,0.5919584
938158,Marc Guiu,Centre-Forward,20.410677618069816,2026-06-03,6,2027-02-11,xgboost,12000000,0.07178593,12861431.121826172,-0.18144003,0.6789688
942738,Milan Aleksic,Attacking Midfield,20.758384668035593,2026-06-03,6,2027-02-11,xgboost,700000,0.21653374,851573.6147761345,-0.19885081,1.8781304
943549,Mark O'Mahony,Centre-Forward,20.865160848733744,2025-11-26,6,2026-08-04,xgboost,450000,0.5305363,688741.3322925568,-0.1435373,2.5774512
947411,Chris Rigg,Attacking Midfield,18.9596167008898,2026-06-03,6,2027-02-11,xgboost,25000000,0.05107243,26276810.746639967,-0.16102126,0.48568842
950091,Stefanos Tzimas,Centre-Forward,20.40520191649555,2026-06-03,6,2027-02-11,xgboost,18000000,0.019471366,18350484.58725214,-0.31938308,0.5129648
955357,Junior Kroupi,Centre-Forward,19.94524298425736,2026-06-03,6,2027-02-11,xgboost,70000000,0.2272048,85904335.97564697,-0.070681244,0.91157216
956920,Nestory Irankunda,Right Winger,20.295687885010267,2026-05-28,6,2027-02-06,xgboost,8000000,0.32995576,10639646.053314209,-0.090184696,0.98783463
967346,Eliezer Mayenda,Centre-Forward,21.07049965776865,2026-06-03,6,2027-02-11,xgboost,16000000,-0.025557108,15591086.268424988,-0.29166734,0.39404213
973085,Carlos Baleba,Defensive Midfield,22.414784394250514,2026-06-03,6,2027-02-11,xgboost,55000000,-0.064746834,51438924.11142588,-0.20029311,0.2926548
983702,Jacob Wright,Defensive Midfield,20.199863107460644,2025-12-03,6,2026-08-12,xgboost,2500000,0.16909288,2922732.1967482567,-0.18408568,1.0513023
983989,Facundo Buonanotte,Attacking Midfield,21.44284736481862,2026-06-03,6,2027-02-11,xgboost,12000000,-0.12271985,10527361.84000969,-0.35490212,0.5611761
984096,Jair Cunha,Centre-Back,21.240246406570844,2026-06-03,6,2027-02-11,xgboost,15000000,0.12296081,16844412.200152874,-0.11516492,0.5945597
987074,Dylan Lawlor,Centre-Back,20.358658453114305,2026-05-12,6,2027-01-21,xgboost,1800000,0.5626266,2812727.8804779053,-0.07114056,1.7727875
989112,Veljko Milosavljevic,Centre-Back,18.93223819301848,2026-06-03,6,2027-02-11,xgboost,20000000,0.013432842,20268656.834959984,-0.17244159,0.46927035
994604,Matai Akinmboni,Centre-Back,19.627652292950035,2026-06-03,6,2027-02-11,xgboost,1000000,0.2879902,1287990.2124404907,-0.17342304,1.979716
996897,Diego Gómez,Central Midfield,23.186858316221766,2026-06-03,6,2027-02-11,xgboost,25000000,0.05613125,26403281.278908253,-0.16547538,0.33867463
998101,Alex Tóth,Central Midfield,20.61054072553046,2026-06-03,6,2027-02-11,xgboost,12000000,0.0012801297,12015361.555851996,-0.1999857,0.6099864
1004203,Keiber Lamadrid,Left Winger,22.54072553045859,2026-06-03,6,2027-02-11,xgboost,1200000,0.31090355,1573084.2590332031,-0.21874058,1.2557994
1004708,Josh Acheampong,Right-Back,20.079397672826833,2026-06-03,6,2027-02-11,xgboost,25000000,0.032251786,25806294.661015272,-0.16780978,0.5431702
1005583,Alysson,Right Winger,20.079397672826833,2026-06-03,6,2027-02-11,xgboost,10000000,0.08996568,10899656.787514687,-0.18954535,0.8872736
1005649,Murillo,Centre-Back,23.915126625598905,2026-06-03,6,2027-02-11,xgboost,50000000,-0.070879295,46456035.22658348,-0.19350669,0.25599882
1005855,Ronan Kpakio,Right-Back,18.965092402464066,2026-05-12,6,2027-01-21,xgboost,1200000,0.50621533,1807458.4007263184,-0.08589244,1.9595324
1006411,Jaydee Canvot,Centre-Back,19.8466803559206,2026-06-03,6,2027-02-11,xgboost,28000000,0.17515825,32904430.9258461,-0.08460634,0.57461184
1007720,Tyler Bindon,Centre-Back,21.3305954825462,2026-05-28,6,2027-02-06,xgboost,3500000,0.5601466,5460512.99571991,-0.10264383,1.5013038
1009658,Julio Soler,Left-Back,21.29226557152635,2026-06-03,6,2027-02-11,xgboost,8000000,0.054440834,8435526.669025421,-0.20366476,0.7324412
1011131,Josh King,Attacking Midfield,19.41409993155373,2026-06-03,6,2027-02-11,xgboost,25000000,0.1453773,28634432.330727577,-0.07537214,0.6132617
1011936,Kaye Furo,Centre-Forward,19.32101300479124,2026-06-03,6,2027-02-11,xgboost,8000000,0.10361229,8828898.310661316,-0.19230683,0.8931155
1012534,Yankuba Minteh,Right Winger,21.864476386036962,2026-06-03,6,2027-02-11,xgboost,45000000,0.11607796,50223508.179187775,-0.100086786,0.39263046
1012564,Rayan,Right Winger,19.83299110198494,2026-06-03,6,2027-02-11,xgboost,60000000,0.14751574,68850944.63825226,-0.12633832,0.7177929
1015619,Ahmed Abdullahi,Centre-Forward,21.95482546201232,2026-06-03,6,2027-02-11,xgboost,800000,-0.0037175508,797025.959379971,-0.32078397,0.91517115
1020267,Dujuan Richards,Centre-Forward,20.54483230663929,2026-05-28,6,2027-02-06,xgboost,500000,0.49152282,745761.4094018936,-0.16566986,2.252937
1041532,Djibril Soumaré,Defensive Midfield,22.90485968514716,2025-12-03,6,2026-08-12,xgboost,1500000,0.263148,1894722.0146656036,-0.20864789,1.08729
1042886,Chido Obi,Centre-Forward,18.510609171800137,2026-06-03,6,2027-02-11,xgboost,5000000,0.15261146,5763057.321310043,-0.16856731,1.1665522
1045123,Trey Nyoni,Central Midfield,18.926762491444215,2026-06-03,6,2027-02-11,xgboost,8000000,0.5849248,12679398.536682129,-0.0699118,1.6054255
1045124,Jay Robinson,Left Winger,18.72142368240931,2025-12-03,6,2026-08-12,xgboost,8000000,0.24231505,9938520.431518555,-0.13106053,1.3822091
1047257,Rio Cardines,Left-Back,19.923340177960302,2026-06-03,6,2027-02-11,xgboost,300000,0.6270571,488117.1226501465,-0.085785314,3.0868084
1047261,Caleb Kporha,Right-Back,19.88501026694045,2026-06-03,6,2027-02-11,xgboost,1000000,0.3396074,1339607.3877811432,-0.1760466,2.1861575
1056993,Estêvão,Right Winger,19.110198494182068,2026-06-03,6,2027-02-11,xgboost,80000000,-0.06394842,74884126.18637085,-0.17727843,0.34927556
1060087,Charalampos Kostoulas,Centre-Forward,19.01163586584531,2026-06-03,6,2027-02-11,xgboost,25000000,-0.0059947367,24850131.58293441,-0.17198889,0.40906414
1060740,Enso González,Left Winger,21.366187542778917,2026-06-03,6,2027-02-11,xgboost,2500000,-0.026636576,2433408.5593000054,-0.3310697,0.722721
1063329,Andrés García,Right-Back,23.318275154004105,2026-06-03,6,2027-02-11,xgboost,6000000,0.018120894,6108725.365251303,-0.31779298,0.48692653
1069512,Jonah Kusi-Asare,Centre-Forward,18.915811088295687,2026-06-03,6,2027-02-11,xgboost,3000000,0.07951833,3238554.999232292,-0.33097726,0.99912316
1078163,Ayden Heaven,Centre-Back,19.696098562628336,2026-06-03,6,2027-02-11,xgboost,30000000,0.2676817,38030450.64210892,-0.07105312,0.83687305
1081995,Mohamadou Kanté,Defensive Midfield,20.700889801505816,2026-06-03,6,2027-02-11,xgboost,1000000,0.6848526,1684852.6000976562,-0.08922301,2.73449
1086258,Souza,Left-Back,19.964407939767284,2026-06-03,6,2027-02-11,xgboost,12000000,-0.09062893,10912452.846765518,-0.20218736,0.581664
1086619,Giovanni Leoni,Centre-Back,19.449691991786448,2026-06-03,6,2027-02-11,xgboost,25000000,0.0034861886,25087154.714856297,-0.1800888,0.34899667
1091562,Romelle Donovan,Right Winger,19.50718685831622,2026-06-03,6,2027-02-11,xgboost,3500000,0.16763642,4086727.485060692,-0.18098369,0.96683484
1107733,Harrison Armstrong,Central Midfield,19.370294318959616,2026-06-03,6,2027-02-11,xgboost,12000000,0.1215663,13458795.636892319,-0.18434417,0.7037274
1108466,Rio Ngumoha,Left Winger,17.760438056125942,2026-06-03,6,2027-02-11,xgboost,30000000,0.33323672,39997101.7241478,-0.062649325,1.1650274
1111589,El Hadji Malick Diouf,Left-Back,21.429158110882955,2026-06-03,6,2027-02-11,xgboost,28000000,0.023649914,28662197.59732485,-0.16838935,0.35358998
1124005,Christantus Uche,Centre-Forward,23.041752224503764,2026-06-03,6,2027-02-11,xgboost,12000000,-0.05071002,11391479.775309563,-0.3242042,0.46377027
1178758,Malick Yalcouyé,Central Midfield,20.522929500342233,2026-05-28,6,2027-02-06,xgboost,12000000,0.00048912934,12005869.552027434,-0.2394243,0.6090495
1187629,Max Dowman,Right Winger,16.421629021218344,2026-06-03,6,2027-02-11,xgboost,30000000,0.3486209,40458626.74713135,-0.05781683,1.1906374
1193867,Pedro Lima,Right-Back,19.923340177960302,2026-06-03,6,2027-02-11,xgboost,4000000,-0.12724958,3491001.6655921936,-0.31199995,0.77320874
1230661,Mateus Mané,Attacking Midfield,18.713210130047912,2026-06-03,6,2027-02-11,xgboost,20000000,0.06791366,21358273.178339005,-0.16774434,0.62870777
1283997,Diego León,Left-Back,19.16769336071184,2026-06-03,6,2027-02-11,xgboost,4000000,0.0500871,4200348.407030106,-0.18420109,0.78685063
1322090,Jocelin Ta Bi,Right Winger,21.311430527036276,2026-06-03,6,2027-02-11,xgboost,2500000,-0.012589003,2468527.4926014245,-0.32326254,0.78410906
3333,James Milner,Central Midfield,40.41067761806981,2026-06-03,9,2027-06-21,xgboost,500000,-0.29634598,351827.010512352,-0.52338797,0.015467677
14086,Ashley Young,Right-Back,40.40246406570842,2025-12-03,9,2026-12-22,xgboost,400000,-0.18913059,324347.76425361633,-0.52591485,0.016043458
16306,Casemiro,Defensive Midfield,34.275154004106774,2026-06-03,9,2027-06-21,xgboost,6000000,-0.3902203,3658678.114414215,-0.54720163,-0.09863792
29692,Lukasz Fabianski,Goalkeeper,41.125256673511295,2026-06-03,9,2027-06-21,xgboost,150000,-0.26692724,109960.91365814209,-0.49766046,0.0391683
29712,John Ruddy,Goalkeeper,39.60848733744011,2026-06-03,9,2027-06-21,xgboost,100000,-0.19541855,80458.14484357834,-0.45528096,0.082002155
33873,Asmir Begovic,Goalkeeper,38.455852156057496,2025-12-03,9,2026-12-22,xgboost,200000,-0.16869196,166261.60740852356,-0.477306,0.04993244
34130,Tom Heaton,Goalkeeper,40.134154688569474,2026-06-03,9,2027-06-21,xgboost,100000,-0.21895711,78104.28887605667,-0.46022144,0.06695224
51471,Mateo Kovacic,Central Midfield,32.0766598220397,2026-06-03,9,2027-06-21,xgboost,10000000,-0.4042735,5957264.9002075195,-0.56339014,-0.089310735
52570,Fraser Forster,Goalkeeper,38.21218343600274,2026-06-03,9,2027-06-21,xgboost,400000,-0.2262176,309512.9609107971,-0.4816367,0.046675097
61651,Jordan Henderson,Defensive Midfield,35.96167008898015,2026-06-03,9,2027-06-21,xgboost,1200000,-0.3456359,785236.930847168,-0.54498494,-0.05698597
61841,Adam Smith,Right-Back,35.096509240246405,2026-06-03,9,2027-06-21,xgboost,300000,-0.2166827,234995.18930912018,-0.45551503,0.026653286
63200,Ashley Barnes,Centre-Forward,36.591375770020534,2026-06-03,9,2027-06-21,xgboost,150000,-0.19427297,120859.05522108078,-0.46697792,0.021559346
66100,Oriol Romeu,Defensive Midfield,34.19301848049281,2025-12-03,9,2026-12-22,xgboost,700000,-0.3213507,475054.5144081116,-0.5594658,0.027292829
67063,Danny Welbeck,Centre-Forward,35.51813826146475,2026-06-03,9,2027-06-21,xgboost,3000000,-0.37922838,1862314.8500919342,-0.55350333,-0.06718591
68390,Séamus Coleman,Right-Back,37.64271047227926,2026-06-03,9,2027-06-21,xgboost,200000,-0.23094268,153811.46371364594,-0.4893642,0.024107145
72476,Bernd Leno,Goalkeeper,34.247775496235455,2026-06-03,9,2027-06-21,xgboost,6000000,-0.4297071,3421757.3404312134,-0.5279184,-0.08129023
73564,Jason Steele,Goalkeeper,35.79192334017796,2026-06-03,9,2027-06-21,xgboost,500000,-0.32330197,338349.01452064514,-0.49867398,0.019443497
74960,Martin Dúbravka,Goalkeeper,37.379876796714576,2026-06-03,9,2027-06-21,xgboost,500000,-0.2886142,355692.89326667786,-0.4905498,0.024665184
82873,Pascal Groß,Central Midfield,34.9678302532512,2026-06-03,9,2027-06-21,xgboost,2500000,-0.326277,1684307.5305223465,-0.55965763,-0.02510871
85177,Nathaniel Clyne,Right-Back,35.162217659137575,2026-06-03,9,2027-06-21,xgboost,300000,-0.21511489,235465.53254127502,-0.4598545,0.017385967
85941,Stefan Ortega,Goalkeeper,33.57152635181382,2026-06-03,9,2027-06-21,xgboost,4000000,-0.4670118,2131952.7626037598,-0.574199,-0.04503272
92571,Aaron Cresswell,Left-Back,35.96714579055441,2025-12-03,9,2026-12-22,xgboost,450000,-0.23240812,345416.34544730186,-0.46722236,-0.007058104
95424,Kyle Walker,Right-Back,36.016427104722794,2026-06-03,9,2027-06-21,xgboost,1500000,-0.43438247,848426.2973070145,-0.55741554,-0.05908431
95795,Václav Hladký,Goalkeeper,35.55099247091034,2026-06-03,9,2027-06-21,xgboost,150000,-0.26730156,109904.76608276367,-0.44976455,0.036184374
95810,Kieran Trippier,Right-Back,35.70431211498973,2026-06-03,9,2027-06-21,xgboost,1500000,-0.4207617,868857.4433326721,-0.5398419,-0.062418785
95976,Alex McCarthy,Goalkeeper,36.0,2025-12-03,9,2026-12-22,xgboost,300000,-0.16034564,251896.30687236786,-0.42878124,0.035047263
99331,Jannik Vestergaard,Centre-Back,33.81519507186858,2026-05-28,9,2027-06-18,xgboost,1000000,-0.3406832,659316.8079853058,-0.55190194,-0.016049875
99397,Karl Darlow,Goalkeeper,35.65229295003422,2026-06-03,9,2027-06-21,xgboost,200000,-0.11806459,176387.0820403099,-0.40652657,0.07991391
105470,Alisson,Goalkeeper,33.667351129363446,2026-06-03,9,2027-06-21,xgboost,15000000,-0.44018197,8397270.441055298,-0.52833456,-0.10858129
108354,Jordan Ayew,Centre-Forward,34.22861054072553,2025-12-03,9,2026-12-22,xgboost,1800000,-0.4370827,1013251.1258125305,-0.5860604,-0.07622532
108725,Chris Wood,Centre-Forward,34.48870636550308,2026-06-03,9,2027-06-21,xgboost,5000000,-0.45758763,2712061.8522167206,-0.56712884,-0.0645425
110864,Sam Johnstone,Goalkeeper,33.190965092402465,2026-06-03,9,2027-06-21,xgboost,2000000,-0.3508148,1298370.4209327698,-0.5798204,-0.036390923
111051,Nampalys Mendy,Defensive Midfield,33.927446954141,2026-05-28,9,2027-06-18,xgboost,700000,-0.39901754,420687.7201795578,-0.5554949,-0.01426074
111195,Joël Veltman,Right-Back,34.38193018480493,2026-06-03,9,2027-06-21,xgboost,1500000,-0.41832483,872512.7577781677,-0.5536115,-0.06637871
111455,Granit Xhaka,Defensive Midfield,33.68104038329911,2026-06-03,9,2027-06-21,xgboost,8000000,-0.44185764,4465138.912200928,-0.54395086,-0.11079627
111873,Emiliano Martínez,Goalkeeper,33.74948665297741,2026-06-03,9,2027-06-21,xgboost,12000000,-0.4502378,6597146.272659302,-0.5340946,-0.095761396
116648,Marcus Bettinelli,Goalkeeper,34.026009582477755,2026-06-03,9,2027-06-21,xgboost,300000,-0.2099155,237025.348842144,-0.4260092,0.036297265
118534,Michael Keane,Centre-Back,33.39082819986311,2026-06-03,9,2027-06-21,xgboost,3000000,-0.3439336,1968199.1636753082,-0.53460294,-0.07449646
120629,Alphonse Areola,Goalkeeper,33.2621492128679,2026-06-03,9,2027-06-21,xgboost,4000000,-0.36999947,2520002.1266937256,-0.56823313,-0.0306203
121254,Adam Davies,Goalkeeper,33.86173853524983,2026-05-28,9,2027-06-18,xgboost,200000,-0.24041227,151917.54698753357,-0.43392703,0.03351705
121324,John Egan,Centre-Back,33.60164271047228,2026-05-28,9,2027-06-18,xgboost,1000000,-0.343316,656684.011220932,-0.549191,-0.017607475
123275,Tom Cairney,Central Midfield,35.36755646817249,2026-06-03,9,2027-06-21,xgboost,500000,-0.30025658,349871.7099428177,-0.50275064,0.009393969
123536,Simon Moore,Goalkeeper,36.04106776180698,2026-06-03,9,2027-06-21,xgboost,75000,-0.316643,51251.77502632141,-0.42035398,0.05442928
123682,Callum Wilson,Centre-Forward,34.26420260095825,2026-06-03,9,2027-06-21,xgboost,4000000,-0.48837915,2046483.3974838257,-0.59796816,-0.06981877
124884,Marco Bizot,Goalkeeper,35.233401779603014,2026-06-03,9,2027-06-21,xgboost,1500000,-0.38416904,923746.4368343353,-0.5608436,-0.055928104
126600,Kenny McLean,Central Midfield,34.38466803559206,2026-05-28,9,2027-06-18,xgboost,400000,-0.31829312,272682.75022506714,-0.47220618,0.0013469281
126664,Lucas Digne,Left-Back,32.87063655030801,2026-06-03,9,2027-06-21,xgboost,6000000,-0.41389313,3516641.1995887756,-0.5416272,-0.095681176
126665,Idrissa Gueye,Defensive Midfield,36.68446269678302,2026-06-03,9,2027-06-21,xgboost,500000,-0.20706135,396469.3248271942,-0.49015918,0.012500987
127181,Benjamin Lecomte,Goalkeeper,35.1047227926078,2026-06-03,9,2027-06-21,xgboost,800000,-0.4262094,459032.4878692627,-0.54409224,0.011166231
127202,Matz Sels,Goalkeeper,34.26694045174538,2026-06-03,9,2027-06-21,xgboost,3500000,-0.40193588,2093224.436044693,-0.53702587,-0.061722126
130164,Jordan Pickford,Goalkeeper,32.24093086926762,2026-06-03,9,2027-06-21,xgboost,13000000,-0.33265528,8675481.349229813,-0.5100004,-0.055893783
131978,Ross Barkley,Central Midfield,32.492813141683776,2026-06-03,9,2027-06-21,xgboost,4000000,-0.38491362,2460345.506668091,-0.56553453,-0.069823414
131996,Bertrand Traoré,Right Winger,30.740588637919235,2026-06-03,9,2027-06-21,xgboost,4000000,-0.29143053,2834277.868270874,-0.5287558,0.017492913
134270,Dan Burn,Centre-Back,34.06707734428473,2026-06-03,9,2027-06-21,xgboost,4000000,-0.48257872,2069685.1015090942,-0.54915243,-0.07620926
134294,Danny Ings,Centre-Forward,33.36344969199179,2025-12-03,9,2026-12-22,xgboost,3500000,-0.4174083,2039070.9936618805,-0.58558357,-0.0787507
135343,Fabian Schär,Centre-Back,34.45311430527036,2026-06-03,9,2027-06-21,xgboost,4000000,-0.4851995,2059201.955795288,-0.57833177,-0.086234644
136401,Daniel Bentley,Goalkeeper,32.889801505817935,2026-06-03,9,2027-06-21,xgboost,800000,-0.38816792,489465.66581726074,-0.587075,0.013299196
139208,Virgil van Dijk,Centre-Back,34.90485968514716,2026-06-03,9,2027-06-21,xgboost,15000000,-0.4152927,8770609.349012375,-0.5368817,-0.11666236
141573,George Saville,Central Midfield,32.94455852156057,2026-05-12,9,2027-06-02,xgboost,700000,-0.2993523,490453.39822769165,-0.5276746,-0.014073752
142310,Willy Boly,Centre-Back,35.32922655715264,2026-06-03,9,2027-06-21,xgboost,300000,-0.1952243,241432.70999193192,-0.45050976,0.03157229
142389,Mark Gillespie,Goalkeeper,34.18480492813142,2026-06-03,9,2027-06-21,xgboost,100000,-0.23145923,76854.0769815445,-0.43596384,0.052961994
144028,Leandro Trossard,Left Winger,31.496235455167692,2026-06-03,9,2027-06-21,xgboost,18000000,-0.3836019,11095165.729522705,-0.5177642,-0.086333066
146310,Wataru Endo,Defensive Midfield,33.31143052703628,2026-06-03,9,2027-06-21,xgboost,4000000,-0.4159818,2336072.80254364,-0.56861997,-0.078978136
146509,Conor Townsend,Left-Back,32.7501711156742,2025-12-03,9,2026-12-22,xgboost,500000,-0.2695956,365202.2033929825,-0.5058517,-0.007876749
148153,Lewis Dunk,Centre-Back,34.53251197809719,2026-06-03,9,2027-06-21,xgboost,3500000,-0.4106399,2062760.3083848953,-0.5495956,-0.07963801
148367,Christian Nørgaard,Defensive Midfield,32.23271731690623,2026-06-03,9,2027-06-21,xgboost,5000000,-0.37822267,3108886.629343033,-0.57361645,-0.0711262
148455,Mohamed Salah,Right Winger,33.96577686516085,2026-06-03,9,2027-06-21,xgboost,22000000,-0.48201728,11395619.869232178,-0.5523688,-0.120523654
156941,John Lundstram,Defensive Midfield,31.789185489390828,2025-12-03,9,2026-12-22,xgboost,2000000,-0.3615423,1276915.3714179993,-0.54811686,-0.040088367
157506,Jeffrey Schlupp,Left Midfield,32.94455852156057,2025-12-03,9,2026-12-22,xgboost,2000000,-0.40679374,1186412.513256073,-0.5672147,-0.07058159
163744,Jack Stephens,Centre-Back,31.849418206707735,2025-12-03,9,2026-12-22,xgboost,1200000,-0.3123478,825182.6405525208,-0.58363056,-0.040788345
167268,Paddy McNair,Centre-Back,31.085557837097877,2026-05-28,9,2027-06-18,xgboost,1500000,-0.2740879,1088868.1411743164,-0.5126919,0.015848463
171679,Matt Doherty,Right-Back,34.379192334017795,2026-06-03,9,2027-06-21,xgboost,1000000,-0.37434685,625653.1476974487,-0.56860566,-0.018700514
173504,James Tarkowski,Centre-Back,33.53593429158111,2026-06-03,9,2027-06-21,xgboost,5000000,-0.37503144,3124842.792749405,-0.527742,-0.08724736
177476,Nathan Aké,Centre-Back,31.288158795345655,2026-06-03,9,2027-06-21,xgboost,12000000,-0.38445207,7386575.102806091,-0.5544223,-0.074875176
177907,Harry Maguire,Centre-Back,33.24572210814511,2026-06-03,9,2027-06-21,xgboost,8000000,-0.37610433,4991165.399551392,-0.540251,-0.10618656
181579,James Ward-Prowse,Central Midfield,31.586584531143053,2026-06-03,9,2027-06-21,xgboost,5000000,-0.45101476,2744926.2142181396,-0.5901642,-0.07999317
183288,Luke Shaw,Left-Back,30.89390828199863,2026-06-03,9,2027-06-21,xgboost,8000000,-0.29759994,5619200.4680633545,-0.47873127,-0.048355024
183318,Jamaal Lascelles,Centre-Back,32.0766598220397,2025-12-09,9,2026-12-28,xgboost,2000000,-0.38014314,1239713.728427887,-0.560161,-0.06097432
184528,Emil Krafth,Right-Back,31.835728952772072,2026-06-03,9,2027-06-21,xgboost,750000,-0.30034515,524741.1355376244,-0.53132844,0.019951344
184573,Victor Lindelöf,Centre-Back,31.87953456536619,2026-06-03,9,2027-06-21,xgboost,5000000,-0.38139957,3093002.140522003,-0.5697975,-0.07412566
186186,Bobby De Cordova-Reid,Attacking Midfield,33.31416837782341,2026-05-28,9,2027-06-18,xgboost,700000,-0.34911522,455619.34411525726,-0.56013054,0.0042240405
186590,John Stones,Centre-Back,32.016427104722794,2026-06-03,9,2027-06-21,xgboost,12000000,-0.43048576,6834170.937538147,-0.57444197,-0.10350099
188077,Ryan Christie,Central Midfield,31.277207392197127,2026-06-03,9,2027-06-21,xgboost,8000000,-0.36504534,5079637.289047241,-0.5371396,-0.061933327
192080,Nick Pope,Goalkeeper,34.12183436002738,2026-06-03,9,2027-06-21,xgboost,5000000,-0.47677857,2616107.165813446,-0.54890704,-0.05553768
192279,Kepa Arrizabalaga,Goalkeeper,31.665982203969882,2026-06-03,9,2027-06-21,xgboost,5000000,-0.34783718,3260814.1005039215,-0.55965036,-0.017492536
192765,Ben Davies,Centre-Back,33.1088295687885,2026-06-03,9,2027-06-21,xgboost,3000000,-0.44856527,1654304.176568985,-0.59495604,-0.0775298
193116,John McGinn,Central Midfield,31.6249144421629,2026-06-03,9,2027-06-21,xgboost,13000000,-0.3758593,8113829.225301743,-0.5247187,-0.09527313
194386,Alex Cairns,Goalkeeper,33.40999315537303,2026-06-03,9,2027-06-21,xgboost,50000,-0.063035995,46848.200261592865,-0.40643263,0.104527354
195633,Charlie Taylor,Left-Back,32.20807665982204,2025-12-03,9,2026-12-22,xgboost,2000000,-0.42078096,1158438.0865097046,-0.5755444,-0.06553583
196722,Remi Matthews,Goalkeeper,32.309377138945926,2026-06-03,9,2027-06-21,xgboost,200000,-0.18679199,162641.6027545929,-0.41786095,0.101937756
197642,Chuba Akpom,Centre-Forward,30.151950718685832,2025-12-03,9,2026-12-22,xgboost,6000000,-0.29363915,4238165.080547333,-0.5421787,0.121092685
199527,Jacob Murphy,Right Winger,31.27173169062286,2026-06-03,9,2027-06-21,xgboost,12000000,-0.37175196,7538976.430892944,-0.51723534,-0.037542276
201574,Angus Gunn,Goalkeeper,30.362765229295004,2026-06-03,9,2027-06-21,xgboost,1000000,-0.19858472,801415.279507637,-0.48604867,0.16858825
203460,Jack Grealish,Left Winger,30.729637234770706,2026-06-03,9,2027-06-21,xgboost,20000000,-0.39386168,12122766.375541687,-0.50596374,-0.041942086
204103,Adama Traoré,Right Winger,30.354551676933607,2026-06-03,9,2027-06-21,xgboost,6000000,-0.39621982,3622681.0812950134,-0.55571043,0.009910005
206040,Raúl Jiménez,Centre-Forward,35.08008213552361,2026-06-03,9,2027-06-21,xgboost,3000000,-0.3899984,1830004.7814846039,-0.54635924,-0.06852663
206225,Isaac Hayden,Defensive Midfield,31.184120465434635,2026-05-28,9,2027-06-18,xgboost,400000,-0.27675655,289297.3780632019,-0.46249804,0.060502563
206746,Kenny Tete,Right-Back,30.650239561943874,2026-06-03,9,2027-06-21,xgboost,8000000,-0.33856574,5291474.103927612,-0.48181152,-0.018563034
207014,Will Hughes,Central Midfield,31.129363449691994,2026-06-03,9,2027-06-21,xgboost,5000000,-0.3538693,3230653.554201126,-0.48416743,-0.051391665
209212,Solly March,Right Winger,31.871321013004792,2026-06-03,9,2027-06-21,xgboost,1000000,-0.35127404,648725.9566783905,-0.53891224,0.0048927013
212847,Adam Webster,Centre-Back,31.411362080766597,2026-06-03,9,2027-06-21,xgboost,3000000,-0.351115,1946655.035018921,-0.57023895,-0.034125943
214666,Connor Roberts,Right-Back,30.694045174537987,2026-06-03,9,2027-06-21,xgboost,1500000,-0.27971452,1080428.2128810883,-0.52574325,0.048810136
215810,Tom King,Goalkeeper,31.236139630390145,2026-06-03,9,2027-06-21,xgboost,100000,-0.11152412,88847.58800268173,-0.40631914,0.1392469
215876,Ricardo Pereira,Right-Back,32.158795345653665,2025-12-03,9,2026-12-22,xgboost,3000000,-0.35831067,1925067.9910182953,-0.5792212,-0.07236463
226049,Freddie Woodman,Goalkeeper,29.248459958932237,2026-06-03,9,2027-06-21,xgboost,3000000,0.007859937,3023579.810746014,-0.43296063,0.25467953
226973,Harrison Reed,Central Midfield,31.34839151266256,2026-06-03,9,2027-06-21,xgboost,2000000,-0.37283486,1254330.2774429321,-0.55011255,-0.028277636
234803,Andrew Robertson,Left-Back,32.2299794661191,2026-06-03,9,2027-06-21,xgboost,7000000,-0.36888757,4417786.985635757,-0.5632953,-0.08470424
236490,Ola Aina,Right-Back,29.650924024640656,2026-06-03,9,2027-06-21,xgboost,18000000,-0.34231862,11838264.763355255,-0.45493177,0.0059450683
236953,Sam Byram,Left-Back,32.71184120465435,2026-06-03,9,2027-06-21,xgboost,400000,-0.3180626,272774.95861053467,-0.4743623,0.023935389
240306,Bruno Fernandes,Attacking Midfield,31.734428473648187,2026-06-03,9,2027-06-21,xgboost,35000000,-0.37192756,21982535.421848297,-0.5123431,-0.112085454
240692,Reinildo Mandava,Left-Back,32.36413415468857,2026-06-03,9,2027-06-21,xgboost,4000000,-0.37908056,2483677.7448654175,-0.5445273,-0.047421727
241481,Jaïro Riedewald,Defensive Midfield,29.232032854209447,2025-12-03,9,2026-12-22,xgboost,1200000,-0.23492777,918086.6718292236,-0.46701106,0.16908859
241641,Bernardo Silva,Attacking Midfield,31.813826146475016,2026-06-03,9,2027-06-21,xgboost,22000000,-0.38168865,13602849.60269928,-0.52732426,-0.107791804
242606,Josh Cullen,Central Midfield,30.154688569472963,2026-06-03,9,2027-06-21,xgboost,4000000,-0.28066853,2877325.8924484253,-0.5179526,0.0630741
242631,Alex Iwobi,Left Winger,30.083504449007528,2026-06-03,9,2027-06-21,xgboost,20000000,-0.32288986,13542202.711105347,-0.45392364,-0.007848088
243591,Lawrence Vigouroux,Goalkeeper,32.5201916495551,2026-05-28,9,2027-06-18,xgboost,450000,-0.14853205,383160.57845950127,-0.4130854,0.1596797
245056,Saša Lukić,Central Midfield,29.804243668720055,2026-06-03,9,2027-06-21,xgboost,10000000,-0.29724216,7027578.353881836,-0.46371886,0.017558413
249089,Lewis Cook,Central Midfield,29.32785763175907,2026-06-03,9,2027-06-21,xgboost,11000000,-0.34564763,7197876.036167145,-0.52224916,0.020546472
249126,Harry Winks,Defensive Midfield,29.83436002737851,2025-12-03,9,2026-12-22,xgboost,7000000,-0.34674197,4572806.179523468,-0.5402023,0.016030362
249565,Youri Tielemans,Central Midfield,29.073237508555785,2026-06-03,9,2027-06-21,xgboost,30000000,-0.31736875,20478937.62588501,-0.45708328,0.012319423
249994,José Sá,Goalkeeper,33.374401095140314,2026-06-03,9,2027-06-21,xgboost,3500000,-0.44260696,1950875.6548166275,-0.57622653,-0.059245363
250426,Adam Armstrong,Centre-Forward,29.308692676249144,2026-06-03,9,2027-06-21,xgboost,6000000,-0.34425458,3934472.5012779236,-0.5537796,0.048511095
250478,Matt Targett,Left-Back,30.691307323750856,2026-05-28,9,2027-06-18,xgboost,3000000,-0.32105878,2036823.6601352692,-0.5272409,0.022181766
251106,Enes Ünal,Centre-Forward,29.065023956194388,2026-06-03,9,2027-06-21,xgboost,7000000,-0.29691505,4921594.619750977,-0.50864124,0.10484899
251912,Semi Ajayi,Centre-Back,32.54757015742642,2026-05-28,9,2027-06-18,xgboost,700000,-0.33925465,462521.7467546463,-0.5511628,-0.0037932931
253677,Tyrone Mings,Centre-Back,33.223819301848046,2026-06-03,9,2027-06-21,xgboost,3000000,-0.36924422,1892267.346382141,-0.55887735,-0.077586606
255788,Cameron Burgess,Centre-Back,30.600958247775495,2026-05-28,9,2027-06-18,xgboost,1500000,-0.23850277,1142245.8440065384,-0.48918614,0.045405373
256178,Joe Gomez,Centre-Back,29.02943189596167,2026-06-03,9,2027-06-21,xgboost,13000000,-0.32508522,8773892.104625702,-0.5240678,0.03169252
257455,João Palhinha,Defensive Midfield,30.902121834360027,2026-06-03,9,2027-06-21,xgboost,15000000,-0.3573175,9640237.390995026,-0.49681556,-0.041108306
258004,Rúben Dias,Centre-Back,29.05407255304586,2026-06-03,9,2027-06-21,xgboost,55000000,-0.28033856,39581379.44340706,-0.43806818,-0.030684907
258216,Kasey Palmer,Attacking Midfield,29.503080082135522,2026-05-12,9,2027-06-02,xgboost,900000,-0.12706283,785643.4553861618,-0.397102,0.27017945
258878,Tosin Adarabioyo,Centre-Back,28.689938398357288,2026-06-03,9,2027-06-21,xgboost,16000000,-0.27944407,11528894.901275635,-0.47930965,0.086633965
258889,Dominic Solanke,Centre-Forward,28.71731690622861,2026-06-03,9,2027-06-21,xgboost,28000000,-0.35666934,18013258.576393127,-0.5056088,0.048131086
258919,Dean Henderson,Goalkeeper,29.22655715263518,2026-06-03,9,2027-06-21,xgboost,28000000,-0.14965533,23809650.83837509,-0.34793168,0.19254935
260827,Joachim Andersen,Centre-Back,30.00684462696783,2026-06-03,9,2027-06-21,xgboost,20000000,-0.31077045,13784590.95954895,-0.45556328,-0.010361211
262226,Timothy Castagne,Right-Back,30.494182067077343,2026-06-03,9,2027-06-21,xgboost,8000000,-0.3319301,5344559.192657471,-0.47652036,-0.020913122
262300,Ryan Manning,Left-Back,29.95208761122519,2026-05-28,9,2027-06-18,xgboost,2800000,-0.20837447,2216551.4826774597,-0.43393978,0.17093036
262749,David Raya,Goalkeeper,30.715947980835043,2026-06-03,9,2027-06-21,xgboost,30000000,-0.2805844,21582468.152046204,-0.43142366,-0.020678317
262980,Jefferson Lerma,Defensive Midfield,31.60574948665298,2026-06-03,9,2027-06-21,xgboost,6000000,-0.40991637,3540501.7733573914,-0.54624444,-0.077575944
263236,Kevin Danso,Centre-Back,27.704312114989733,2026-06-03,9,2027-06-21,xgboost,20000000,-0.11438663,17712267.339229584,-0.33444682,0.26414564
270171,Vitaly Janelt,Defensive Midfield,28.06570841889117,2026-06-03,9,2027-06-21,xgboost,16000000,-0.21076548,12627752.304077148,-0.42985156,0.15342002
272622,Issa Diop,Centre-Back,29.39630390143737,2026-06-03,9,2027-06-21,xgboost,8000000,-0.3283181,5373455.286026001,-0.5257048,0.020383403
273742,Viktor Johansson,Goalkeeper,27.701574264202602,2026-05-28,9,2027-06-18,xgboost,12000000,-0.08059476,11032862.842082977,-0.31351155,0.43906352
277033,David Brooks,Right Winger,28.903490759753595,2026-06-03,9,2027-06-21,xgboost,12000000,-0.2837295,8595246.076583862,-0.5053141,0.076306015
279455,Harry Wilson,Right Winger,29.19917864476386,2026-06-03,9,2027-06-21,xgboost,25000000,-0.08359768,22910057.939589024,-0.33140695,0.1885646
282939,Luke O'Nien,Centre-Back,31.531827515400412,2026-06-03,9,2027-06-21,xgboost,700000,-0.20896773,553722.5887179375,-0.5286408,0.015449941
283628,Tomáš Souček,Defensive Midfield,31.263518138261464,2026-06-03,9,2027-06-21,xgboost,10000000,-0.3743904,6256096.065044403,-0.5400765,-0.07386755
284320,Dion Charles,Centre-Forward,30.595482546201232,2026-05-12,9,2027-06-02,xgboost,500000,-0.22572482,387137.59183883667,-0.45018402,0.11545326
284857,Marc Cucurella,Left-Back,27.865845311430526,2026-06-03,9,2027-06-21,xgboost,50000000,-0.15662737,42168631.40463829,-0.30693808,0.15394573
286047,Guglielmo Vicario,Goalkeeper,29.65366187542779,2026-06-03,9,2027-06-21,xgboost,18000000,-0.27447295,13059486.865997314,-0.47986782,0.032227986
288323,Marcus Harness,Attacking Midfield,29.754962354551676,2025-11-26,9,2026-12-14,xgboost,750000,-0.05975153,705186.3530650735,-0.3574278,0.30476534
292246,Hee-chan Hwang,Centre-Forward,30.351813826146476,2026-06-03,9,2027-06-21,xgboost,6000000,-0.34342247,3939465.1651382446,-0.5377962,-0.0021227642
293194,Borna Sosa,Left-Back,28.36413415468857,2026-06-03,9,2027-06-21,xgboost,3000000,-0.25187087,2244387.38822937,-0.44771507,0.23472294
293213,Amir Hadziahmetovic,Defensive Midfield,29.22108145106092,2026-05-28,9,2027-06-18,xgboost,4000000,-0.1627581,3348967.6117897034,-0.39619273,0.20083636
293281,Jacob Bruun Larsen,Left Winger,27.704312114989733,2026-06-03,9,2027-06-21,xgboost,4000000,-0.21825956,3126961.7676734924,-0.44872096,0.30251566
294057,James Maddison,Attacking Midfield,29.52498288843258,2026-06-03,9,2027-06-21,xgboost,20000000,-0.37635043,12472991.347312927,-0.53392875,0.0075960406
295313,Taiwo Awoniyi,Centre-Forward,28.80766598220397,2026-06-03,9,2027-06-21,xgboost,8000000,-0.26600477,5871961.832046509,-0.51312375,0.09635225
296582,Max O'Leary,Goalkeeper,29.6290212183436,2026-05-28,9,2027-06-18,xgboost,2000000,-0.0074362,1985127.5999099016,-0.37046874,0.47498018
296802,Walter Benítez,Goalkeeper,33.36892539356605,2026-06-03,9,2027-06-21,xgboost,4000000,-0.43805057,2247797.727584839,-0.5727619,-0.02630553
296978,Liam Cullen,Attacking Midfield,27.096509240246405,2026-05-28,9,2027-06-18,xgboost,3200000,0.13022143,3616708.564758301,-0.21488506,0.5756605
297212,Joe Rodon,Centre-Back,28.61327857631759,2026-06-03,9,2027-06-21,xgboost,18000000,0.03222763,18580097.36984968,-0.2517631,0.35451484
297257,Mikey Johnston,Left Winger,27.107460643394933,2026-05-28,9,2027-06-18,xgboost,4000000,0.0032751276,4013100.5104631186,-0.305104,0.5912537
298091,Harry Souttar,Centre-Back,27.11567419575633,2025-12-03,9,2026-12-22,xgboost,6000000,-0.107575305,5354548.171162605,-0.381257,0.3924241
298477,Oli McBurnie,Centre-Forward,29.49760438056126,2025-12-03,9,2026-12-22,xgboost,2500000,-0.21343781,1966405.4736495018,-0.5191551,0.17698266
306024,Dominic Calvert-Lewin,Centre-Forward,29.215605749486652,2026-06-03,9,2027-06-21,xgboost,22000000,-0.13517831,19026077.1214962,-0.38104188,0.13112164
309400,Kai Havertz,Centre-Forward,26.978781656399725,2026-06-03,9,2027-06-21,xgboost,55000000,-0.051494937,52167778.4435451,-0.27634478,0.2305339
314241,Josh Laurent,Central Midfield,31.077344284736483,2026-06-03,9,2027-06-21,xgboost,1500000,-0.27983448,1080248.2813596725,-0.481355,-0.0070074685
314288,Lukas Nmecha,Centre-Forward,27.468856947296374,2026-06-03,9,2027-06-21,xgboost,10000000,-0.02599943,9740005.694329739,-0.32059425,0.47242844
314367,Marcus Edwards,Right Winger,27.498973305954827,2026-06-03,9,2027-06-21,xgboost,6000000,-0.24038148,4557711.124420166,-0.46264535,0.29548928
314875,Jarrod Bowen,Right Winger,29.451060917180012,2026-06-03,9,2027-06-21,xgboost,30000000,-0.31838417,20448474.884033203,-0.46482354,-0.0074223797
315145,Azor Matusiwa,Defensive Midfield,27.600273785078713,2025-12-03,9,2026-12-22,xgboost,11000000,-0.08678115,10045407.332479954,-0.3193468,0.40679398
315858,Gianluigi Donnarumma,Goalkeeper,27.26899383983573,2026-06-03,9,2027-06-21,xgboost,45000000,-0.08891515,40998818.39007139,-0.26900527,0.2951914
316264,Martin Ødegaard,Attacking Midfield,27.460643394934976,2026-06-03,9,2027-06-21,xgboost,65000000,-0.12073525,57152208.72312784,-0.35236153,0.18191667
318508,Olivier Boscagli,Centre-Back,28.539356605065024,2026-06-03,9,2027-06-21,xgboost,15000000,-0.18762745,12185588.255524635,-0.39129898,0.18613976
319301,Daniel James,Right Winger,28.56125941136208,2026-06-03,9,2027-06-21,xgboost,10000000,-0.30843392,6915660.798549652,-0.50792134,0.10733938
319859,Mathias Jensen,Central Midfield,30.420260095824776,2026-06-03,9,2027-06-21,xgboost,10000000,-0.2991081,7008919.1198349,-0.46366587,-0.014796955
321247,Emiliano Buendía,Left Winger,29.437371663244353,2026-06-03,9,2027-06-21,xgboost,16000000,-0.29953623,11207420.349121094,-0.45913365,0.012854651
324358,Ollie Watkins,Centre-Forward,30.425735797399042,2026-06-03,9,2027-06-21,xgboost,25000000,-0.3238461,16903847.455978394,-0.45754594,-0.049847003
325443,Viktor Gyökeres,Centre-Forward,27.99726214921287,2026-06-03,9,2027-06-21,xgboost,65000000,-0.09581233,58772198.66961241,-0.30687413,0.12877876
326031,Matthijs de Ligt,Centre-Back,26.809034907597535,2026-06-03,9,2027-06-21,xgboost,30000000,-0.2326302,23021094.2029953,-0.4456055,0.18910244
328658,Kristoffer Ajer,Centre-Back,28.128678986995208,2026-06-03,9,2027-06-21,xgboost,18000000,-0.07276295,16690266.877412796,-0.30366856,0.27486804
330659,Justin Kluivert,Attacking Midfield,27.080082135523615,2026-06-03,9,2027-06-21,xgboost,25000000,-0.1839569,20401077.34501362,-0.43577725,0.24922672
331726,Tammy Abraham,Centre-Forward,28.66803559206023,2026-06-03,9,2027-06-21,xgboost,18000000,-0.29121956,12758047.878742218,-0.49899986,0.05829023
332705,Tyler Adams,Defensive Midfield,27.299110198494184,2026-06-03,9,2027-06-21,xgboost,25000000,-0.105425395,22364365.123212337,-0.31078342,0.31889
333014,Sander Berge,Defensive Midfield,28.298425735797398,2026-06-03,9,2027-06-21,xgboost,25000000,-0.15761226,21059693.39609146,-0.29495478,0.22361377
333241,Joelinton,Central Midfield,29.801505817932924,2026-06-03,9,2027-06-21,xgboost,25000000,-0.33305496,16673626.005649567,-0.46668795,-0.016218796
335721,Ben White,Right-Back,28.65160848733744,2026-06-03,9,2027-06-21,xgboost,30000000,-0.23765719,22870284.31892395,-0.41815665,0.12584132
336077,Altay Bayındır,Goalkeeper,28.136892539356605,2026-06-03,9,2027-06-21,xgboost,5000000,-0.20975007,3951249.6441602707,-0.45746955,0.238382
338424,Mikel Merino,Central Midfield,29.946611909650922,2026-06-03,9,2027-06-21,xgboost,25000000,-0.3486703,16283242.404460907,-0.5172234,-0.025933655
338629,Sebastiaan Bornauw,Centre-Back,27.200547570157426,2026-06-03,9,2027-06-21,xgboost,8000000,-0.057051256,7543589.949607849,-0.31490305,0.46451455
339340,Tyrell Malacia,Left-Back,26.795345653661876,2026-06-03,9,2027-06-21,xgboost,4000000,-0.15226126,3390954.9713134766,-0.4506374,0.35143405
339556,Rico Henry,Left-Back,28.903490759753595,2026-06-03,9,2027-06-21,xgboost,13000000,-0.32732907,8744722.098112106,-0.51082337,0.06784186
340310,Marc Bola,Left-Back,27.983572895277206,2025-12-03,9,2026-12-22,xgboost,1500000,0.0020489856,1503073.4783504158,-0.33598736,0.5632223
340321,Josh Dasilva,Central Midfield,27.61122518822724,2026-06-03,9,2027-06-21,xgboost,1500000,-0.090136886,1364794.671535492,-0.42196542,0.54842025
340324,Eddie Nketiah,Centre-Forward,27.01163586584531,2026-06-03,9,2027-06-21,xgboost,10000000,-0.17022917,8297708.332538605,-0.46266285,0.27811432
340325,Reiss Nelson,Left Winger,26.480492813141684,2026-06-03,9,2027-06-21,xgboost,8000000,-0.19709584,6423233.270645142,-0.46956402,0.3340522
340328,Stephy Mavididi,Left Winger,27.509924709103355,2025-12-03,9,2026-12-22,xgboost,8000000,-0.14061543,6875076.532363892,-0.43203852,0.28773242
340329,Joe Willock,Central Midfield,26.78713210130048,2026-06-03,9,2027-06-21,xgboost,14000000,-0.22985047,10782093.405723572,-0.44412786,0.22844198
340456,Noussair Mazraoui,Right-Back,28.550308008213552,2026-06-03,9,2027-06-21,xgboost,18000000,-0.28614014,12849477.410316467,-0.48780695,0.06565755
340918,Caoimhín Kelleher,Goalkeeper,27.526351813826146,2026-06-03,9,2027-06-21,xgboost,28000000,0.021057094,28589598.61844778,-0.16819608,0.3487443
340990,Alfie Jones,Centre-Back,28.637919233401778,2026-05-28,9,2027-06-18,xgboost,6000000,-0.08102147,5513871.1631298065,-0.36566362,0.3987563
341051,Kyle Walker-Peters,Right-Back,29.138945927446954,2026-06-03,9,2027-06-21,xgboost,12000000,-0.36422583,7629289.984703064,-0.5037777,0.02791803
341092,Federico Chiesa,Right Winger,28.605065023956193,2026-06-03,9,2027-06-21,xgboost,13000000,-0.27711987,9397441.625595093,-0.49448216,0.08079606
341501,Hamza Choudhury,Defensive Midfield,28.654346338124572,2026-05-28,9,2027-06-18,xgboost,4000000,-0.31639534,2734418.6305999756,-0.51721966,0.1617317
342046,Axel Tuanzebe,Centre-Back,28.550308008213552,2026-06-03,9,2027-06-21,xgboost,5000000,-0.21653654,3917317.3159360886,-0.45414788,0.22371094
344069,Anton Stach,Defensive Midfield,27.548254620123203,2026-06-03,9,2027-06-21,xgboost,28000000,0.04590126,29285235.315561295,-0.1908279,0.35157612
345911,Ladislav Krejci,Centre-Back,27.121149897330596,2026-06-03,9,2027-06-21,xgboost,22000000,-0.17828695,18077686.995267868,-0.3183676,0.35450077
346314,Trevoh Chalobah,Centre-Back,26.913073237508556,2026-06-03,9,2027-06-21,xgboost,40000000,-0.074318565,37027257.38286972,-0.25895256,0.38512844
346483,Mason Mount,Attacking Midfield,27.394934976043807,2026-06-03,9,2027-06-21,xgboost,25000000,-0.19442931,20139267.295598984,-0.44241807,0.19670276
346707,Sean Longstaff,Central Midfield,28.591375770020534,2026-06-03,9,2027-06-21,xgboost,15000000,-0.18557209,12216418.6835289,-0.4144812,0.110744536
346890,Noah Okafor,Left Winger,26.026009582477755,2026-06-03,9,2027-06-21,xgboost,25000000,0.11363171,27840792.760252953,-0.21382844,0.6341441
348026,Nordi Mukiele,Right-Back,28.58590006844627,2026-06-03,9,2027-06-21,xgboost,16000000,-0.20551446,12711768.627166748,-0.40706173,0.08293241
349066,Alexander Isak,Centre-Forward,26.699520876112253,2026-06-03,9,2027-06-21,xgboost,85000000,-0.23455775,65062591.433525085,-0.43655494,0.11371107
349701,Antonee Robinson,Left-Back,28.8186173853525,2026-06-03,9,2027-06-21,xgboost,22000000,-0.25815576,16320573.210716248,-0.45329344,0.06574586
351749,Kalvin Phillips,Defensive Midfield,30.48596851471595,2026-05-28,9,2027-06-18,xgboost,2500000,-0.30989096,1725272.610783577,-0.54088694,0.06854929
352041,Lucas Perri,Goalkeeper,28.479123887748116,2026-06-03,9,2027-06-21,xgboost,10000000,-0.22563122,7743687.778711319,-0.4631629,0.13591066
353032,Omar Alderete,Centre-Back,29.43463381245722,2026-06-03,9,2027-06-21,xgboost,13000000,-0.22289896,10102313.51852417,-0.42499003,0.025214434
353775,David Akintola,Right Winger,29.88911704312115,2025-12-03,9,2026-12-22,xgboost,1200000,-0.0070987507,1191481.4991876483,-0.36727545,0.49165922
354362,Rodrigo Bentancur,Defensive Midfield,28.93908281998631,2026-06-03,9,2027-06-21,xgboost,20000000,-0.29246256,14150748.8489151,-0.45922938,0.02578365
355915,Cristian Romero,Centre-Back,28.10130047912389,2026-06-03,9,2027-06-21,xgboost,45000000,-0.2425063,34087216.70508385,-0.41038665,0.082592465
356141,Daichi Kamada,Attacking Midfield,29.82614647501711,2026-06-03,9,2027-06-21,xgboost,10000000,-0.32390752,6760924.756526947,-0.46256143,0.019231768
357119,Ibrahima Konaté,Centre-Back,27.025325119780973,2026-06-03,9,2027-06-21,xgboost,45000000,-0.19077703,36415033.48946571,-0.3535902,0.1429696
357147,Diogo Dalot,Right-Back,27.211498973305954,2026-06-03,9,2027-06-21,xgboost,30000000,-0.07668826,27699352.204799652,-0.27623516,0.30160138
357162,Florentino,Defensive Midfield,26.78986995208761,2026-06-03,9,2027-06-21,xgboost,16000000,-0.18670955,13012647.151947021,-0.4085432,0.26263
357565,Rodri,Defensive Midfield,29.946611909650922,2026-06-03,9,2027-06-21,xgboost,50000000,-0.3414638,32926809.787750244,-0.48321283,-0.0499376
357656,Jayson Molumby,Central Midfield,26.809034907597535,2026-05-28,9,2027-06-18,xgboost,3500000,0.12219652,3927687.8125965595,-0.2195641,0.60877424
357658,Mark Travers,Goalkeeper,27.044490075290895,2026-06-03,9,2027-06-21,xgboost,3000000,-0.14007838,2579764.8578882217,-0.41750208,0.4291804
357662,Declan Rice,Central Midfield,27.38398357289528,2026-06-03,9,2027-06-21,xgboost,120000000,-0.11399327,106320807.33776093,-0.2739782,0.2590792
359199,Andy Fisher,Goalkeeper,27.805612594113622,2025-12-03,9,2026-12-22,xgboost,600000,0.003987965,602392.7791044116,-0.3507218,0.5462819
361093,Sven Botman,Centre-Back,26.390143737166323,2026-06-03,9,2027-06-21,xgboost,35000000,-0.13784674,30175364.166498184,-0.33268896,0.24017039
362108,Gabriel Gudmundsson,Left-Back,27.096509240246405,2026-06-03,9,2027-06-21,xgboost,20000000,-0.042009715,19159805.700182915,-0.27398556,0.3564934
363205,Gabriel Jesus,Centre-Forward,29.166324435318277,2026-06-03,9,2027-06-21,xgboost,17000000,-0.331131,11370772.808790207,-0.50822693,0.00470104
363901,Nik Tzanev,Goalkeeper,29.38261464750171,2026-05-12,9,2027-06-02,xgboost,100000,0.46494457,146494.45712566376,-0.2746725,0.77285963
365108,Dan Ndoye,Right Winger,25.60438056125941,2026-06-03,9,2027-06-21,xgboost,32000000,-0.15770005,26953598.499298096,-0.4274274,0.29029587
369316,Ferdi Kadıoğlu,Left-Back,26.65571526351814,2026-06-03,9,2027-06-21,xgboost,35000000,0.037499,36312464.978545904,-0.17071266,0.37856415
369962,Joël Piroe,Centre-Forward,26.836413415468858,2026-06-03,9,2027-06-21,xgboost,10000000,-0.20805037,7919496.297836304,-0.45965713,0.2912512
371013,Ivor Pandur,Goalkeeper,26.17385352498289,2026-05-28,9,2027-06-18,xgboost,4500000,0.20551424,5424814.0677809715,-0.20697385,0.8420344
371851,Jaka Bijol,Centre-Back,27.32375085557837,2026-06-03,9,2027-06-21,xgboost,20000000,-0.023468805,19530623.890459538,-0.21846826,0.3539439
375885,Ibrahim Sangaré,Defensive Midfield,28.501026694045173,2026-06-03,9,2027-06-21,xgboost,20000000,-0.27634707,14473058.581352234,-0.43959183,0.07818471
378710,Richarlison,Centre-Forward,29.065023956194388,2026-06-03,9,2027-06-21,xgboost,25000000,-0.3179687,17050782.591104507,-0.4616536,0.007530153
380350,Igor Julio,Centre-Back,28.317590691307323,2026-06-03,9,2027-06-21,xgboost,10000000,-0.3018296,6981703.93705368,-0.46775487,0.12928662
380744,Egil Selvik,Goalkeeper,28.826830937713893,2026-05-28,9,2027-06-18,xgboost,1500000,0.07739758,1616096.3661968708,-0.29193792,0.5729935
381753,Ilia Gruev,Defensive Midfield,26.075290896646134,2026-06-03,9,2027-06-21,xgboost,12000000,-0.06371472,11235423.356294632,-0.30657437,0.43875185
381963,Mike Tresor,Attacking Midfield,27.017111567419576,2026-06-03,9,2027-06-21,xgboost,2000000,-0.16996214,1660075.7241249084,-0.46099162,0.4887395
385848,George Edmundson,Centre-Back,28.301163586584533,2025-12-03,9,2026-12-22,xgboost,750000,0.06438852,798291.390761733,-0.3288743,0.43019292
386047,Axel Disasi,Centre-Back,28.229979466119097,2026-06-03,9,2027-06-21,xgboost,15000000,-0.24952257,11257161.498069763,-0.3996139,0.20455778
387626,Leon Bailey,Right Winger,28.815879534565365,2026-06-03,9,2027-06-21,xgboost,14000000,-0.32233733,9487277.388572693,-0.5097096,0.06259991
388165,Yoane Wissa,Centre-Forward,29.746748802190282,2026-06-03,9,2027-06-21,xgboost,25000000,-0.3311927,16720182.448625565,-0.5158127,-0.016944328
391005,Mads Roerslev,Right-Back,26.926762491444215,2026-05-28,9,2027-06-18,xgboost,4000000,-0.17455198,3301792.085170746,-0.45508185,0.3631021
392179,Hjalmar Ekdal,Centre-Back,27.616700889801507,2026-06-03,9,2027-06-21,xgboost,5000000,-0.14881055,4255947.24714756,-0.41973555,0.3278786
392591,Chiedozie Ogbene,Right Winger,29.073237508555785,2026-05-28,9,2027-06-18,xgboost,4000000,-0.27955487,2881780.505180359,-0.51000327,0.12828377
392757,Marc Guéhi,Centre-Back,25.88911704312115,2026-06-03,9,2027-06-21,xgboost,70000000,-0.014255602,69002107.86610842,-0.20299324,0.28536955
392765,Emile Smith Rowe,Attacking Midfield,25.848049281314168,2026-06-03,9,2027-06-21,xgboost,20000000,-0.17880595,16423881.05392456,-0.40078726,0.22031021
392768,Callum Hudson-Odoi,Left Winger,25.568788501026695,2026-06-03,9,2027-06-21,xgboost,30000000,-0.11537881,26538635.64133644,-0.33527806,0.36493146
392770,Angel Gomes,Attacking Midfield,25.754962354551676,2026-06-03,9,2027-06-21,xgboost,10000000,-0.24529403,7547059.655189514,-0.44150284,0.3327557
392771,Ethan Ampadu,Defensive Midfield,25.71663244353183,2026-06-03,9,2027-06-21,xgboost,30000000,0.075654656,32269639.670848846,-0.17402463,0.48833287
392775,Ryan Sessegnon,Left-Back,26.04243668720055,2026-06-03,9,2027-06-21,xgboost,22000000,-0.03048349,21329363.223165274,-0.25138426,0.34881738
393323,Brenden Aaronson,Attacking Midfield,25.61259411362081,2026-06-03,9,2027-06-21,xgboost,22000000,0.118676975,24610893.458127975,-0.19876009,0.5969795
394327,Boubacar Kamara,Defensive Midfield,26.527036276522928,2026-06-03,9,2027-06-21,xgboost,40000000,-0.13657165,34537134.17053223,-0.31192496,0.35058028
396174,Jimmy Dunne,Right-Back,28.605065023956193,2026-05-28,9,2027-06-18,xgboost,5000000,-0.07089082,4645545.892417431,-0.3701181,0.41435185
397033,Sandro Tonali,Defensive Midfield,26.069815195071868,2026-06-03,9,2027-06-21,xgboost,80000000,-0.079815954,73614723.68240356,-0.27320835,0.2792864
398065,Harvey Barnes,Left Winger,28.48186173853525,2026-06-03,9,2027-06-21,xgboost,32000000,-0.20087323,25572056.770324707,-0.35662,0.14879861
399262,Fraser Murray,Left Midfield,26.55715263518138,2025-11-26,9,2026-12-14,xgboost,400000,0.31664327,526657.3071479797,-0.18559171,1.3306383
399434,Marcus Tavernier,Attacking Midfield,27.200547570157426,2026-06-03,9,2027-06-21,xgboost,25000000,0.039779335,25994483.38150978,-0.17180541,0.36160204
399776,Pau Torres,Centre-Back,29.377138945927445,2026-06-03,9,2027-06-21,xgboost,20000000,-0.27023512,14595297.574996948,-0.4611245,-0.0012287851
400536,Mads Hermansen,Goalkeeper,25.894592744695416,2026-06-03,9,2027-06-21,xgboost,15000000,-0.1730139,12404791.563749313,-0.3464973,0.282013
401173,Jadon Sancho,Left Winger,26.190280629705683,2026-06-03,9,2027-06-21,xgboost,18000000,-0.24340047,13618791.550397873,-0.44332415,0.24172321
401320,Dara O'Shea,Centre-Back,27.23340177960301,2026-05-28,9,2027-06-18,xgboost,16000000,-0.12015051,14077591.896057129,-0.27913713,0.32582137
401922,Samuel Chukwueze,Right Winger,27.033538672142367,2026-06-03,9,2027-06-21,xgboost,18000000,0.061288726,19103197.060525417,-0.22399555,0.54466283
403151,Robert Sánchez,Goalkeeper,28.539356605065024,2026-06-03,9,2027-06-21,xgboost,22000000,-0.15294003,18635319.232940674,-0.33862305,0.17355883
403898,Jordan Beyer,Centre-Back,26.039698836413415,2026-06-03,9,2027-06-21,xgboost,1500000,-0.108576626,1337135.061621666,-0.43712103,0.5636207
404842,Vitaliy Mykolenko,Left-Back,27.014373716632445,2026-06-03,9,2027-06-21,xgboost,25000000,-0.1262774,21843064.948916435,-0.27981654,0.25915754
406556,Tom McGill,Goalkeeper,26.190280629705683,2026-06-03,9,2027-06-21,xgboost,500000,0.060640264,530320.1321512461,-0.29795313,0.76467
406634,Matt O'Riley,Central Midfield,25.530458590006845,2026-06-03,9,2027-06-21,xgboost,18000000,-0.11495462,15930816.82920456,-0.42641369,0.3843154
406635,Phil Foden,Attacking Midfield,26.015058179329227,2026-06-03,9,2027-06-21,xgboost,70000000,-0.18625888,56961878.24010849,-0.40641645,0.1610683
406638,Oliver Skipp,Defensive Midfield,25.21286789869952,2025-12-03,9,2026-12-22,xgboost,7000000,-0.13006747,6089527.726173401,-0.43006364,0.55505973
408872,Paul Smyth,Right Winger,28.711841204654345,2026-05-28,9,2027-06-18,xgboost,800000,0.18691944,949535.5486869812,-0.2671626,1.0762048
410225,Ismaïla Sarr,Right Winger,28.268309377138944,2026-06-03,9,2027-06-21,xgboost,40000000,-0.10950379,35619848.37055206,-0.21526115,0.25429177
410425,Yves Bissouma,Defensive Midfield,29.75770020533881,2026-06-03,9,2027-06-21,xgboost,10000000,-0.35871226,6412877.440452576,-0.5390799,0.0034157846
410708,Pascal Struijk,Centre-Back,26.811772758384667,2026-06-03,9,2027-06-21,xgboost,22000000,0.010402824,22228862.123563886,-0.2556945,0.3946847
411537,Zian Flemming,Centre-Forward,27.838466803559207,2026-06-03,9,2027-06-21,xgboost,12000000,-0.10316959,10761964.917182922,-0.3580727,0.34461886
412616,Giorgi Chakvetadze,Attacking Midfield,26.746064339493497,2026-05-28,9,2027-06-18,xgboost,3500000,-0.11582853,3094600.148499012,-0.40723613,0.37261248
413039,Bryan Mbeumo,Right Winger,26.822724161533195,2026-06-03,9,2027-06-21,xgboost,75000000,-0.12637456,65521908.178925514,-0.30880427,0.14473839
413220,James Justin,Right-Back,28.27378507871321,2026-06-03,9,2027-06-21,xgboost,12000000,-0.13208993,10414920.86648941,-0.3522383,0.22176506
413403,Ezri Konsa,Centre-Back,28.61054072553046,2026-06-03,9,2027-06-21,xgboost,40000000,-0.12006576,35197369.4562912,-0.30981666,0.20594597
413507,Nikola Milenković,Centre-Back,28.640657084188913,2026-06-03,9,2027-06-21,xgboost,28000000,-0.27686235,20247854.113578796,-0.39236253,0.049589634
415381,Mats Wieffer,Right-Back,26.546201232032853,2026-06-03,9,2027-06-21,xgboost,25000000,-0.117115214,22072119.638323784,-0.33010203,0.2604138
415912,Konstantinos Mavropanos,Centre-Back,28.476386036960985,2026-06-03,9,2027-06-21,xgboost,18000000,-0.15111463,15279936.701059341,-0.31352738,0.3006328
415970,Joe Worrall,Centre-Back,29.39356605065024,2026-06-03,9,2027-06-21,xgboost,2000000,-0.2313837,1537232.6076030731,-0.52302027,0.09966439
418560,Erling Haaland,Centre-Forward,25.867214236824093,2026-06-03,9,2027-06-21,xgboost,200000000,-0.08674146,182651707.53002167,-0.2749828,0.27797776
420002,Jean-Philippe Mateta,Centre-Forward,28.930869267624914,2026-06-03,9,2027-06-21,xgboost,30000000,-0.26345795,22096261.382102966,-0.43146673,0.04543897
420210,Lutsharel Geertruida,Right-Back,25.87542778918549,2026-06-03,9,2027-06-21,xgboost,20000000,-0.08933657,18213268.667459488,-0.30450588,0.37775153
420243,Jurriën Timber,Right-Back,24.960985626283367,2026-06-03,9,2027-06-21,xgboost,70000000,-0.055487037,66115907.4306488,-0.2829814,0.32702827
420808,George Hirst,Centre-Forward,27.279945242984258,2026-05-28,9,2027-06-18,xgboost,10000000,0.034944404,10349444.039165974,-0.24578197,0.6400588
423440,Martín Zubimendi,Defensive Midfield,27.33196440793977,2026-06-03,9,2027-06-21,xgboost,75000000,-0.09633887,67774584.88941193,-0.29057065,0.1445649
424015,Nathan Patterson,Right-Back,24.629705681040384,2026-06-03,9,2027-06-21,xgboost,10000000,-0.07058486,9294151.365756989,-0.36413157,0.62647104
425334,Matty Cash,Right-Back,28.82135523613963,2026-06-03,9,2027-06-21,xgboost,22000000,-0.16801879,18303586.661815643,-0.33671686,0.13087599
425902,Ryan Yates,Central Midfield,28.531143052703626,2026-06-03,9,2027-06-21,xgboost,7000000,-0.29135314,4960528.045892715,-0.496225,0.13301606
427568,Aaron Ramsdale,Goalkeeper,28.05475701574264,2026-06-03,9,2027-06-21,xgboost,12000000,-0.18221411,9813430.666923523,-0.38799956,0.27370048
428016,Brandon Austin,Goalkeeper,27.40041067761807,2026-06-03,9,2027-06-21,xgboost,500000,0.030987548,515493.77385526896,-0.2982616,0.7369407
428061,Riley McGree,Central Midfield,27.567419575633128,2026-05-28,9,2027-06-18,xgboost,3500000,0.14585118,4010479.1298508644,-0.24509417,0.63418293
429014,Morgan Gibbs-White,Attacking Midfield,26.349075975359344,2026-06-03,9,2027-06-21,xgboost,70000000,0.07177991,75024593.47248077,-0.17315263,0.34117863
429070,Vladan Kovacevic,Goalkeeper,27.64681724845996,2025-12-03,9,2026-12-22,xgboost,2500000,0.080941476,2702353.6898195744,-0.29267868,0.8672037
429915,Maxim De Cuyper,Left-Back,25.44558521560575,2026-06-03,9,2027-06-21,xgboost,22000000,-0.03866816,21149300.49329996,-0.3119003,0.40675598
429983,Jørgen Strand Larsen,Centre-Forward,26.321697467488022,2026-06-03,9,2027-06-21,xgboost,40000000,-0.16892414,33243034.48200226,-0.3801924,0.15747462
430310,Andrew Irving,Central Midfield,25.574264202600958,2025-12-09,9,2026-12-28,xgboost,5000000,0.09813504,5490675.196051598,-0.2404641,0.8685327
431755,Dejan Kulusevski,Attacking Midfield,26.105407255304584,2026-06-03,9,2027-06-21,xgboost,17000000,-0.1629782,14229370.564222336,-0.47454855,0.22754152
432164,Igor Jesus,Centre-Forward,25.267624914442163,2026-06-03,9,2027-06-21,xgboost,25000000,0.11930011,27982502.803206444,-0.1871083,0.45574698
432914,John Victor,Goalkeeper,30.302532511978097,2026-06-03,9,2027-06-21,xgboost,5000000,-0.3213273,3393363.505601883,-0.5123742,0.071357034
433177,Bukayo Saka,Right Winger,24.7419575633128,2026-06-03,9,2027-06-21,xgboost,110000000,-0.12771979,95950823.12822342,-0.36426616,0.27132076
433188,Curtis Jones,Central Midfield,25.338809034907598,2026-06-03,9,2027-06-21,xgboost,35000000,-0.07779947,32277018.576860428,-0.31612295,0.38129762
433991,Ethan Galbraith,Central Midfield,25.045859000684462,2026-05-28,9,2027-06-18,xgboost,2500000,0.40938362,3523459.0619802475,-0.19841875,1.5222917
434223,Adam Idah,Centre-Forward,25.28952772073922,2026-05-28,9,2027-06-18,xgboost,4500000,-0.074984916,4162567.8800046444,-0.40665892,0.6289909
434224,Maxence Lacroix,Centre-Back,26.157426420260094,2026-06-03,9,2027-06-21,xgboost,50000000,0.04052774,52026386.93153858,-0.16588421,0.46168876
434675,Cody Gakpo,Left Winger,27.07460643394935,2026-06-03,9,2027-06-21,xgboost,60000000,-0.17504455,49497326.91049576,-0.35179448,0.14737017
435062,Callum Styles,Left-Back,26.168377823408623,2026-05-28,9,2027-06-18,xgboost,3000000,0.123339795,3370019.383728504,-0.21632141,0.7593632
435338,Gabriel,Centre-Back,28.45448323066393,2026-06-03,9,2027-06-21,xgboost,75000000,-0.14489245,64133065.938949585,-0.31389293,0.16780493
435648,Joshua Zirkzee,Centre-Forward,25.032169746748803,2026-06-03,9,2027-06-21,xgboost,20000000,-0.11995617,17600876.539945602,-0.42607936,0.37654895
438001,Santiago Bueno,Centre-Back,27.564681724845997,2026-06-03,9,2027-06-21,xgboost,10000000,-0.17582688,8241731.226444244,-0.33165506,0.36840945
442248,Ethan Pinnock,Centre-Back,33.01300479123888,2026-06-03,9,2027-06-21,xgboost,3000000,-0.436562,1690313.994884491,-0.57360214,-0.081428446
445939,Omar Marmoush,Centre-Forward,27.318275154004105,2026-06-03,9,2027-06-21,xgboost,50000000,-0.21841961,39079019.4272995,-0.43991318,0.15505141
447661,Douglas Luiz,Central Midfield,28.0684462696783,2026-06-03,9,2027-06-21,xgboost,18000000,-0.2607386,13306704.998016357,-0.45663995,0.14494763
447995,Ross Stewart,Centre-Forward,29.39630390143737,2025-12-03,9,2026-12-22,xgboost,2800000,-0.23889184,2131102.8480529785,-0.50842196,0.08787444
450050,Jean-Ricner Bellegarde,Central Midfield,27.93429158110883,2026-06-03,9,2027-06-21,xgboost,16000000,-0.28517002,11437279.70123291,-0.40492323,0.18805656
451276,Dominik Szoboszlai,Attacking Midfield,25.60438056125941,2026-06-03,9,2027-06-21,xgboost,100000000,-0.045124765,95487523.45144749,-0.25318262,0.3486476
454576,Róbert Boženík,Centre-Forward,26.524298425735797,2026-05-28,9,2027-06-18,xgboost,2500000,-0.09570987,2260725.3305613995,-0.40778726,0.5460702
455661,Nick Woltemade,Centre-Forward,24.298425735797398,2026-06-03,9,2027-06-21,xgboost,55000000,-0.13874851,47368831.8580389,-0.3711091,0.26679257
456292,Ellery Balcombe,Goalkeeper,26.633812457221083,2026-06-03,9,2027-06-21,xgboost,400000,0.20013769,480055.07588386536,-0.22798379,1.0227828
458178,Jack Taylor,Central Midfield,27.928815879534564,2026-05-28,9,2027-06-18,xgboost,3000000,-0.112987086,2661038.7414693832,-0.3425642,0.5113736
460939,Tijjani Reijnders,Central Midfield,27.8466803559206,2026-06-03,9,2027-06-21,xgboost,50000000,-0.20107418,39946290.85063934,-0.41067263,0.0988389
461883,Calvin Bassey,Centre-Back,26.42299794661191,2026-06-03,9,2027-06-21,xgboost,28000000,-0.09256246,25408251.136541367,-0.28992888,0.30680993
463603,Benoît Badiashile,Centre-Back,25.188227241615333,2026-06-03,9,2027-06-21,xgboost,15000000,-0.15945989,12608101.665973663,-0.4241254,0.39220673
463605,Bafodé Diakité,Centre-Back,25.404517453798768,2026-06-03,9,2027-06-21,xgboost,25000000,-0.12882856,21779286.116361618,-0.4307266,0.31014568
464599,Nicolas Madsen,Central Midfield,25.713894592744694,2025-12-03,9,2026-12-22,xgboost,3500000,0.014529427,3550852.9930375516,-0.30325648,0.59444344
465555,Djordje Petrovic,Goalkeeper,26.652977412731005,2026-06-03,9,2027-06-21,xgboost,28000000,-0.08630112,25583568.692207336,-0.27431783,0.3084799
465717,Jayden Bogle,Right-Back,25.8507871321013,2026-06-03,9,2027-06-21,xgboost,15000000,0.14574608,17186191.231012344,-0.16817583,0.5630139
466805,Nico González,Defensive Midfield,24.413415468856947,2026-06-03,9,2027-06-21,xgboost,40000000,-0.12852721,34858911.633491516,-0.3550884,0.26406783
467623,Lyle Foster,Centre-Forward,25.746748802190282,2026-06-03,9,2027-06-21,xgboost,8000000,-0.19743587,6420513.033866882,-0.4574092,0.3323759
468002,Ben Johnson,Right-Back,25.859000684462696,2025-12-03,9,2026-12-22,xgboost,7000000,-0.16512008,5844159.439206123,-0.43928802,0.3324733
468066,Jens Cajuste,Defensive Midfield,26.316221765913756,2025-12-03,9,2026-12-22,xgboost,8000000,-0.14327553,6853795.766830444,-0.4174387,0.31741711
468198,Joe Aribo,Central Midfield,29.8507871321013,2026-05-28,9,2027-06-18,xgboost,1800000,-0.28135076,1293568.629026413,-0.5348066,0.094544545
468539,Daniel Peretz,Goalkeeper,25.880903490759753,2026-05-28,9,2027-06-18,xgboost,4000000,-0.060643833,3757424.6674776077,-0.31491783,0.6648523
469050,Nathan Collins,Centre-Back,25.09240246406571,2026-06-03,9,2027-06-21,xgboost,30000000,-0.029961511,29101154.655218124,-0.26198712,0.3538788
469781,Marcos Senesi,Centre-Back,29.065023956194388,2026-06-03,9,2027-06-21,xgboost,25000000,-0.1018204,22454489.953815937,-0.2680052,0.18383454
470607,Brennan Johnson,Right Winger,25.02943189596167,2026-06-03,9,2027-06-21,xgboost,30000000,-0.18562815,24431155.622005463,-0.39425054,0.3037801
472423,Reece James,Right-Back,26.48596851471595,2026-06-03,9,2027-06-21,xgboost,60000000,-0.121112324,52733260.54215431,-0.31496766,0.22327648
473050,Kevin Schade,Left Winger,24.514715947980836,2026-06-03,9,2027-06-21,xgboost,35000000,-0.024010846,34159620.37630379,-0.2713408,0.40662774
473169,Brian Brobbey,Centre-Forward,24.334017796030118,2026-06-03,9,2027-06-21,xgboost,30000000,0.09448461,32834538.370370865,-0.19260836,0.49962768
474701,Crysencio Summerville,Left Winger,24.591375770020534,2026-06-03,9,2027-06-21,xgboost,35000000,0.062292904,37180251.62816048,-0.20940036,0.4319328
475188,Kiernan Dewsbury-Hall,Central Midfield,27.73990417522245,2026-06-03,9,2027-06-21,xgboost,35000000,0.004341346,35151947.1174106,-0.1834738,0.29056716
475411,Wesley Fofana,Centre-Back,25.45927446954141,2026-06-03,9,2027-06-21,xgboost,28000000,-0.11276321,24842630.088329315,-0.35345167,0.32324082
475416,Sorba Thomas,Left Winger,27.33744010951403,2026-05-28,9,2027-06-18,xgboost,14000000,0.11370289,15591840.505599976,-0.21123424,0.77941257
475959,Josko Gvardiol,Centre-Back,24.358658453114305,2026-06-03,9,2027-06-21,xgboost,70000000,-0.09853509,63102543.65205765,-0.32769373,0.22757979
476701,Manuel Ugarte,Defensive Midfield,25.144421629021217,2026-06-03,9,2027-06-21,xgboost,25000000,-0.17827754,20543061.569333076,-0.42184862,0.31271878
477758,Aaron Wan-Bissaka,Right-Back,28.517453798767967,2026-06-03,9,2027-06-21,xgboost,15000000,-0.3509074,9736389.219760895,-0.4866017,0.060281888
478573,Ryan Gravenberch,Defensive Midfield,24.04928131416838,2026-06-03,9,2027-06-21,xgboost,80000000,-0.120442644,70364588.49906921,-0.27865773,0.22288015
479999,Eberechi Eze,Attacking Midfield,27.928815879534564,2026-06-03,9,2027-06-21,xgboost,65000000,-0.04040379,62373753.59982252,-0.2020772,0.21773034
480723,Finn Azaz,Attacking Midfield,25.71937029431896,2026-05-28,9,2027-06-18,xgboost,20000000,-0.08146592,18370681.554079056,-0.24137484,0.3669219
480762,Lisandro Martínez,Centre-Back,28.372347707049965,2026-06-03,9,2027-06-21,xgboost,40000000,-0.176424,32943040.132522583,-0.37305033,0.12409812
480987,Chris Mepham,Centre-Back,28.55852156057495,2026-05-28,9,2027-06-18,xgboost,3000000,-0.23920935,2282371.938228607,-0.48108137,0.20836735
481675,Christos Mandas,Goalkeeper,24.709103353867214,2026-06-03,9,2027-06-21,xgboost,8000000,-0.09336182,7253105.461597443,-0.40297624,0.66159797
482836,David Strelec,Centre-Forward,25.14715947980835,2026-05-28,9,2027-06-18,xgboost,8000000,0.06320434,8505634.725093842,-0.2618907,0.70634025
483348,Djed Spence,Left-Back,25.815195071868583,2026-06-03,9,2027-06-21,xgboost,30000000,-0.14424285,25672714.41221237,-0.31957868,0.32128304
484547,Jeremie Frimpong,Right-Back,25.478439425051334,2026-06-03,9,2027-06-21,xgboost,35000000,-0.09985663,31505017.951130867,-0.3429673,0.32549468
485583,Ki-Jana Hoever,Right-Back,24.355920602327174,2026-05-28,9,2027-06-18,xgboost,3500000,-0.057953767,3297161.813825369,-0.39777446,0.6761837
485585,Ian Maatsen,Left-Back,24.23271731690623,2026-06-03,9,2027-06-21,xgboost,30000000,-0.034030788,28979076.370596886,-0.30555156,0.35954666
485706,Amadou Onana,Defensive Midfield,24.79671457905544,2026-06-03,9,2027-06-21,xgboost,45000000,-0.079522505,41421487.256884575,-0.31595853,0.3078171
486049,Jérémy Doku,Left Winger,24.019164955509925,2026-06-03,9,2027-06-21,xgboost,75000000,0.03205288,77403965.87178111,-0.19304755,0.365051
487465,Pedro Neto,Right Winger,26.234086242299796,2026-06-03,9,2027-06-21,xgboost,60000000,-0.104589924,53724604.54702377,-0.2858217,0.28537154
487969,Randal Kolo Muani,Centre-Forward,27.49349760438056,2026-06-03,9,2027-06-21,xgboost,20000000,-0.19263342,16147331.595420837,-0.411073,0.26080695
488362,Conor Gallagher,Central Midfield,26.321697467488022,2026-06-03,9,2027-06-21,xgboost,32000000,-0.20415276,25467111.587524414,-0.45144376,0.28112283
488755,Jakov Medic,Centre-Back,27.238877481177276,2025-12-03,9,2026-12-22,xgboost,2000000,0.17530015,2350600.302219391,-0.28669152,1.0293632
488935,Hákon Valdimarsson,Goalkeeper,24.637919233401778,2026-06-03,9,2027-06-21,xgboost,2500000,0.20961551,3024038.7842059135,-0.3056564,1.0846621
489359,Ao Tanaka,Central Midfield,27.72895277207392,2026-06-03,9,2027-06-21,xgboost,13000000,0.029280268,13380643.479526043,-0.23751147,0.5949682
493003,Daniel Muñoz,Right-Back,30.02053388090349,2026-06-03,9,2027-06-21,xgboost,22000000,-0.32684308,14809452.176094055,-0.44502074,-0.008295505
494237,Wilson Isidor,Centre-Forward,25.765913757700204,2026-06-03,9,2027-06-21,xgboost,18000000,-0.07498042,16650352.388620377,-0.32090086,0.38362503
494880,Jorge Cuenca,Centre-Back,26.543463381245722,2026-06-03,9,2027-06-21,xgboost,8000000,-0.008287544,7933699.645102024,-0.30251798,0.46332824
495666,William Saliba,Centre-Back,25.193702943189596,2026-06-03,9,2027-06-21,xgboost,100000000,-0.025617152,97438284.75475311,-0.1879005,0.4273114
496659,Ben Cabango,Centre-Back,25.99315537303217,2026-05-28,9,2027-06-18,xgboost,9000000,-0.08035636,8276792.764663696,-0.35859215,0.3804845
497291,Nicolás Domínguez,Central Midfield,27.9315537303217,2026-06-03,9,2027-06-21,xgboost,15000000,-0.19835539,12024669.125676155,-0.4006636,0.18403977
500689,Evann Guessand,Right Winger,24.922655715263517,2026-06-03,9,2027-06-21,xgboost,25000000,-0.1828488,20428780.0937891,-0.4020674,0.3690442
501743,Koki Saito,Left Winger,24.79671457905544,2026-05-28,9,2027-06-18,xgboost,3200000,0.013337602,3242680.326104164,-0.3429251,0.7255225
502676,Giorgi Mamardashvili,Goalkeeper,25.675564681724847,2026-06-03,9,2027-06-21,xgboost,28000000,-0.1199544,24641276.80659294,-0.31393668,0.41903645
502821,Riccardo Calafiori,Left-Back,24.041067761806982,2026-06-03,9,2027-06-21,xgboost,55000000,-0.0065939855,54637330.79843223,-0.19204476,0.39046043
503679,Rhys Williams,Centre-Back,25.32785763175907,2026-06-03,9,2027-06-21,xgboost,500000,0.13876204,569381.020963192,-0.3224072,1.0838614
503680,Neco Williams,Left-Back,25.138945927446954,2026-06-03,9,2027-06-21,xgboost,28000000,0.026251933,28735054.11297083,-0.1892221,0.41293702
503686,Dan Ballard,Centre-Back,26.69678302532512,2026-06-03,9,2027-06-21,xgboost,20000000,-0.007678581,19846428.38127911,-0.27513114,0.4018133
503733,Anthony Gordon,Left Winger,25.270362765229294,2026-06-03,9,2027-06-21,xgboost,65000000,-0.06988628,60457391.664385796,-0.22159292,0.34717694
503743,Morgan Rogers,Attacking Midfield,23.854893908281998,2026-06-03,9,2027-06-21,xgboost,90000000,0.118760034,100688403.09977531,-0.14242779,0.43300897
503749,Jacob Ramsey,Central Midfield,25.01574264202601,2026-06-03,9,2027-06-21,xgboost,35000000,-0.11365899,31021935.45550108,-0.335752,0.33868882
503883,Senne Lammens,Goalkeeper,23.906913073237508,2026-06-03,9,2027-06-21,xgboost,35000000,0.10593653,38707778.453826904,-0.16444078,0.45581093
503977,Taylor Harwood-Bellis,Centre-Back,23.84120465434634,2025-12-03,9,2026-12-22,xgboost,20000000,-0.065561265,18688774.704933167,-0.354434,0.38838428
503981,Tino Livramento,Right-Back,23.5564681724846,2026-06-03,9,2027-06-21,xgboost,45000000,-0.028284645,43727190.98813832,-0.20848484,0.4360139
503987,Noni Madueke,Right Winger,24.23271731690623,2026-06-03,9,2027-06-21,xgboost,50000000,-0.061707556,46914622.18761444,-0.30177635,0.39647734
503990,Nathan Wood,Centre-Back,23.509924709103355,2025-12-03,9,2026-12-22,xgboost,4000000,0.053688046,4214752.182364464,-0.34096456,0.8684968
504849,Kaoru Mitoma,Left Winger,29.037645448323065,2026-06-03,9,2027-06-21,xgboost,22000000,-0.28747097,15675638.735294342,-0.4682868,0.041633405
505194,Luke Thomas,Left-Back,24.48186173853525,2025-12-03,9,2026-12-22,xgboost,6000000,-0.06185617,5628862.984478474,-0.37389237,0.67360187
505219,James Garner,Defensive Midfield,25.22381930184805,2026-06-03,9,2027-06-21,xgboost,45000000,0.11931729,50369278.19252014,-0.16732128,0.60757923
506189,Flynn Downes,Defensive Midfield,26.869267624914443,2025-12-03,9,2026-12-22,xgboost,12000000,-0.22293599,9324768.126010895,-0.43085212,0.24344037
506942,Zan Vipotnik,Centre-Forward,24.194387405886378,2026-05-28,9,2027-06-18,xgboost,22000000,0.30702034,28754447.400569916,-0.19775477,0.9362917
513968,Aidan Morris,Central Midfield,24.528405201916495,2026-05-28,9,2027-06-18,xgboost,10000000,0.23617597,12361759.692430496,-0.20232129,0.82020336
513970,Julián Araujo,Right-Back,24.32306639288159,2025-12-09,9,2026-12-28,xgboost,10000000,0.036537837,10365378.372371197,-0.30725002,0.715488
514285,Quilindschy Hartman,Left-Back,24.550308008213552,2026-06-03,9,2027-06-21,xgboost,16000000,-0.18160869,13094260.931015015,-0.37105492,0.3908503
515544,Trai Hume,Right-Back,24.210814510609172,2026-06-03,9,2027-06-21,xgboost,22000000,0.057145305,23257196.709513664,-0.24424759,0.53350407
516407,Bojan Radulović,Centre-Forward,25.911019849418206,2025-11-26,9,2026-12-14,xgboost,800000,0.017151086,813720.8685278893,-0.35851142,0.76413125
517894,Matheus Cunha,Centre-Forward,27.019849418206707,2026-06-03,9,2027-06-21,xgboost,75000000,-0.0769315,69230137.57914305,-0.23478845,0.269644
520624,Bruno Guimarães,Central Midfield,28.54483230663929,2026-06-03,9,2027-06-21,xgboost,70000000,-0.29580542,49293620.28837204,-0.40152702,-0.010876997
520651,Jensen Weir,Central Midfield,23.81930184804928,2025-11-26,9,2026-12-14,xgboost,375000,0.52610916,572290.9346222878,-0.1358177,2.0698159
521964,Malick Thiaw,Centre-Back,24.8186173853525,2026-06-03,9,2027-06-21,xgboost,45000000,-0.0014732087,44933705.610455945,-0.2548316,0.40842423
522784,Taty Castellanos,Centre-Forward,27.665982203969882,2026-06-03,9,2027-06-21,xgboost,28000000,-0.12510076,24497178.6737442,-0.32917294,0.30112147
524285,Luca Netz,Left-Back,23.052703627652292,2026-06-03,9,2027-06-21,xgboost,8000000,0.0925334,8740267.217159271,-0.30022967,0.968974
525247,Maximilian Kilman,Centre-Back,29.02943189596167,2026-06-03,9,2027-06-21,xgboost,13000000,-0.30110046,9085693.98522377,-0.49559534,0.03816734
528892,Harry Clarke,Right-Back,24.75564681724846,2025-12-03,9,2026-12-22,xgboost,4000000,-0.0666903,3733238.786458969,-0.40004635,0.6701468
532776,Amine Adli,Left Winger,26.064339493497606,2026-06-03,9,2027-06-21,xgboost,20000000,-0.07621671,18475665.748119354,-0.3188854,0.33059764
532858,Jérémy Petris,Right-Back,27.8466803559206,2025-12-03,9,2026-12-22,xgboost,2000000,-0.041616272,1916767.455637455,-0.37198016,0.4374362
533662,Cameron Archer,Centre-Forward,23.983572895277206,2025-12-03,9,2026-12-22,xgboost,10000000,-0.12869014,8713098.615407944,-0.41458312,0.5710389
534033,Alexis Mac Allister,Central Midfield,27.44147843942505,2026-06-03,9,2027-06-21,xgboost,70000000,-0.16253327,58622671.2167263,-0.3652251,0.123865716
535834,Eliot Matazo,Central Midfield,23.797399041752225,2025-12-03,9,2026-12-22,xgboost,2000000,0.17544115,2350882.2917938232,-0.2898695,1.2880558
536835,Amad Diallo,Right Winger,23.89596167008898,2026-06-03,9,2027-06-21,xgboost,45000000,-0.11307084,39911812.2830987,-0.3430972,0.33582327
538963,Ruben Roosken,Left-Back,25.73579739904175,2025-11-26,9,2026-12-14,xgboost,700000,0.27118877,889832.1360349655,-0.1784637,1.1957885
538977,Georginio Rutter,Centre-Forward,24.12046543463381,2026-06-03,9,2027-06-21,xgboost,30000000,-0.04578003,28626599.1255641,-0.30819842,0.366396
540664,Dilane Bakwa,Right Winger,23.770020533880903,2026-06-03,9,2027-06-21,xgboost,28000000,-0.108418114,24964292.79446602,-0.34078255,0.3815212
540941,Mikkel Damsgaard,Attacking Midfield,25.916495550992472,2026-06-03,9,2027-06-21,xgboost,30000000,-0.10098265,26970520.466566086,-0.2936386,0.31788713
541231,Sepp van den Berg,Centre-Back,24.451745379876797,2026-06-03,9,2027-06-21,xgboost,32000000,0.013692234,32438151.478767395,-0.25645888,0.4124501
541628,Oliver Sonne,Right-Back,25.078713210130047,2025-12-09,9,2026-12-28,xgboost,4000000,0.018025875,4072103.500366211,-0.31108588,0.88507503
542586,Illan Meslier,Goalkeeper,26.253251197809718,2026-06-03,9,2027-06-21,xgboost,8000000,-0.16992836,6640573.143959045,-0.45573112,0.33654097
543164,Rhys Norrington-Davies,Left-Back,27.09924709103354,2026-05-28,9,2027-06-18,xgboost,2500000,0.108830325,2772075.8132636547,-0.26174304,0.64579153
543387,Cheick Doucouré,Defensive Midfield,26.401095140314855,2026-06-03,9,2027-06-21,xgboost,10000000,-0.21178715,7882128.50689888,-0.4642076,0.2782166
543499,Mohammed Kudus,Right Winger,25.83436002737851,2026-06-03,9,2027-06-21,xgboost,50000000,-0.24619536,37690231.94909096,-0.39839107,0.15167302
547039,Isaak Davies,Left Winger,24.62696783025325,2026-05-12,9,2027-06-02,xgboost,1000000,0.09206986,1092069.8568224907,-0.3419835,1.0193943
548729,Zeki Amdouni,Centre-Forward,25.49486652977413,2026-06-03,9,2027-06-21,xgboost,7000000,-0.24234043,5303616.985678673,-0.47699004,0.5576563
553875,Pedro Porro,Right-Back,26.72142368240931,2026-06-03,9,2027-06-21,xgboost,35000000,-0.22064091,27277568.05717945,-0.35928118,0.19612801
556385,Destiny Udogie,Left-Back,23.512662559890487,2026-06-03,9,2027-06-21,xgboost,30000000,-0.17517777,24744666.96381569,-0.38501444,0.4084171
557459,Micky van de Ven,Centre-Back,25.12251882272416,2026-06-03,9,2027-06-21,xgboost,50000000,-0.15315953,42342023.55146408,-0.34611917,0.25600496
559130,Harrison Ashby,Right-Back,24.0684462696783,2025-12-09,9,2026-12-28,xgboost,1400000,0.14130928,1597832.9867124557,-0.29465723,1.3119518
559263,Fábio Carvalho,Attacking Midfield,23.759069130732374,2026-06-03,9,2027-06-21,xgboost,8000000,-0.06876956,7449843.525886536,-0.4076029,0.6775139
559794,Jack Clarke,Left Winger,25.026694045174537,2025-12-03,9,2026-12-22,xgboost,15000000,-0.057858717,14132119.249552488,-0.32374287,0.509793
564529,Victor Kristiansen,Left-Back,23.446954140999317,2026-05-28,9,2027-06-18,xgboost,9000000,-0.115449026,7960958.763957024,-0.41684613,0.76669824
565093,Bart Verbruggen,Goalkeeper,23.79192334017796,2026-06-03,9,2027-06-21,xgboost,40000000,-0.01793612,39282555.20761013,-0.23806886,0.431375
565822,Harvey Elliott,Attacking Midfield,23.16495550992471,2026-06-03,9,2027-06-21,xgboost,20000000,-0.11573299,17685340.19589424,-0.39094242,0.51534283
566799,James Trafford,Goalkeeper,23.64681724845996,2026-06-03,9,2027-06-21,xgboost,25000000,-0.055224203,23619394.935667515,-0.34043154,0.39427525
566931,Xavi Simons,Attacking Midfield,23.11841204654346,2026-06-03,9,2027-06-21,xgboost,40000000,-0.13297035,34681186.07997894,-0.3859544,0.31873307
567576,Elliot Anderson,Central Midfield,23.572895277207394,2026-06-03,9,2027-06-21,xgboost,75000000,0.06658739,79994054.13866043,-0.16891624,0.44298634
568006,Dennis Cirkin,Left-Back,24.15879534565366,2026-06-03,9,2027-06-21,xgboost,6000000,-0.10807127,5351572.394371033,-0.3962788,0.6535926
568157,Yéremy Pino,Right Winger,23.619438740588638,2026-06-03,9,2027-06-21,xgboost,30000000,-0.13377787,25986663.848161697,-0.35019273,0.3339941
568177,Cole Palmer,Attacking Midfield,24.076659822039698,2026-06-03,9,2027-06-21,xgboost,100000000,-0.16257685,83742314.57710266,-0.3615622,0.22238572
568559,Radu Drăgușin,Centre-Back,24.32854209445585,2026-06-03,9,2027-06-21,xgboost,16000000,-0.14363149,13701896.19064331,-0.41376048,0.38835287
568693,Pape Matar Sarr,Central Midfield,23.718001368925393,2026-06-03,9,2027-06-21,xgboost,30000000,-0.13896729,25830981.28437996,-0.3502094,0.4151379
569663,Mathias Kvistgaarden,Centre-Forward,24.11772758384668,2026-05-28,9,2027-06-18,xgboost,6000000,-0.084622905,5492262.572050095,-0.3979707,0.6782636
571743,Armando Broja,Centre-Forward,24.72826830937714,2026-06-03,9,2027-06-21,xgboost,5000000,-0.13642558,4317872.077226639,-0.46157694,0.5883833
572265,Lorenzo Lucca,Centre-Forward,25.727583846680357,2026-06-03,9,2027-06-21,xgboost,20000000,-0.0686314,18627371.937036514,-0.32125425,0.44723806
576314,Jan Paul van Hecke,Centre-Back,25.984941820670773,2026-06-03,9,2027-06-21,xgboost,45000000,0.044203825,46989172.138273716,-0.17901738,0.53951335
578391,Rayan Aït-Nouri,Left-Back,24.99110198494182,2026-06-03,9,2027-06-21,xgboost,40000000,-0.09241932,36303227.24580765,-0.3115105,0.39214975
578539,Chris Richards,Centre-Back,26.182067077344286,2026-06-03,9,2027-06-21,xgboost,28000000,-0.030221807,27153789.408504963,-0.1919765,0.35332695
579295,Melker Widell,Central Midfield,24.10677618069815,2026-05-28,9,2027-06-18,xgboost,1800000,0.244653,2240375.402569771,-0.20343974,1.2337775
581672,Samuel Iling-Junior,Left Midfield,22.650239561943874,2026-05-29,9,2027-06-18,xgboost,6500000,-0.017537618,6386005.482636392,-0.39116907,0.9254328
581675,Harvey Vale,Right Midfield,22.22861054072553,2025-12-03,9,2026-12-22,xgboost,1500000,0.0147816995,1522172.5492738187,-0.31914428,1.2202003
582078,Will Dennis,Goalkeeper,25.415468856947296,2025-12-09,9,2026-12-28,xgboost,350000,0.24582279,436037.9755496979,-0.14983131,1.5455915
583189,Anthony Elanga,Right Winger,24.10130047912389,2026-06-03,9,2027-06-21,xgboost,32000000,-0.14017543,27514386.17706299,-0.40333346,0.32231063
583199,James McAtee,Attacking Midfield,23.6249144421629,2026-06-03,9,2027-06-21,xgboost,18000000,-0.12691334,15715559.899806976,-0.38598585,0.4168686
583255,Antoine Semenyo,Right Winger,26.403832991101986,2026-06-03,9,2027-06-21,xgboost,80000000,-0.024914335,78006853.16324234,-0.21804549,0.2885516
584769,Dwight McNeil,Left Winger,26.529774127310063,2026-06-03,9,2027-06-21,xgboost,18000000,-0.21442981,14140263.40842247,-0.43237674,0.20876712
585323,Filip Jørgensen,Goalkeeper,24.13141683778234,2026-06-03,9,2027-06-21,xgboost,15000000,-0.06112134,14083179.887384176,-0.3513563,0.4629728
585550,Gavin Bazunu,Goalkeeper,24.265571526351813,2026-05-28,9,2027-06-18,xgboost,8000000,-0.12028708,7037703.335285187,-0.3947657,0.66052616
585769,George Campbell,Centre-Back,24.930869267624914,2026-05-28,9,2027-06-18,xgboost,2000000,0.41712064,2834241.271018982,-0.19685924,1.5894771
586834,Jesurun Rak-Sakyi,Right Winger,23.644079397672826,2026-05-28,9,2027-06-18,xgboost,6000000,0.06026509,6361590.541899204,-0.30227938,1.071975
587002,Myles Peart-Harris,Attacking Midfield,23.225188227241617,2025-12-09,9,2026-12-28,xgboost,900000,0.12505431,1012548.8832592964,-0.30198523,1.5589004
587222,Aune Heggebø,Centre-Forward,24.829568788501028,2026-05-28,9,2027-06-18,xgboost,7000000,0.06136433,7429550.312459469,-0.30406347,0.8615364
587298,Pelle Mattsson,Central Midfield,24.331279945242983,2025-12-03,9,2026-12-22,xgboost,3000000,0.13367563,3401026.9045829773,-0.29331905,0.965446
591949,Aaron Hickey,Right-Back,23.980835044490075,2026-06-03,9,2027-06-21,xgboost,16000000,-0.055296794,15115251.302719116,-0.35838497,0.41912243
595809,Beto,Centre-Forward,28.33675564681725,2026-06-03,9,2027-06-21,xgboost,18000000,-0.24581677,13575298.190116882,-0.40514076,0.083654426
596446,Leif Davis,Left-Back,25.924709103353866,2025-12-03,9,2026-12-22,xgboost,20000000,-0.1816093,16367813.94481659,-0.40175647,0.24329127
598577,Florian Wirtz,Attacking Midfield,23.085557837097877,2026-06-03,9,2027-06-21,xgboost,100000000,-0.14002843,85997156.79883957,-0.35353637,0.22387193
601883,Matheus Nunes,Right-Back,27.76728268309377,2026-06-03,9,2027-06-21,xgboost,50000000,-0.012587007,49370649.64324236,-0.18360703,0.22797939
605184,Jean-Clair Todibo,Centre-Back,26.425735797399042,2026-06-03,9,2027-06-21,xgboost,22000000,-0.13509662,19027874.261140823,-0.36858702,0.22611855
605426,Melker Ellborg,Goalkeeper,23.033538672142367,2026-06-03,9,2027-06-21,xgboost,3000000,0.13918833,3417565.0030374527,-0.29463896,1.2159833
606718,Toti,Centre-Back,27.378507871321013,2026-06-03,9,2027-06-21,xgboost,18000000,-0.24561349,13578957.259654999,-0.43314764,0.22360629
607223,Rayan Cherki,Attacking Midfield,22.795345653661876,2026-06-03,9,2027-06-21,xgboost,90000000,0.18749541,106874586.9398117,-0.1565655,0.6287283
607224,Hannibal,Attacking Midfield,23.364818617385353,2026-06-03,9,2027-06-21,xgboost,15000000,-0.11213428,13317985.832691193,-0.3475447,0.5100102
607226,Loum Tchaouna,Right Winger,22.73511293634497,2026-06-03,9,2027-06-21,xgboost,13000000,-0.123935655,11388836.488127708,-0.3807992,0.512462
608832,Merlin Röhl,Attacking Midfield,23.912388774811774,2026-06-03,9,2027-06-21,xgboost,16000000,-0.09362626,14501979.82788086,-0.34865355,0.4856037
609556,William Osula,Centre-Forward,22.830937713894592,2026-06-03,9,2027-06-21,xgboost,28000000,0.23515162,34584245.32413483,-0.1964892,0.84762806
610581,Ali Al-Hamadi,Centre-Forward,24.197125256673512,2026-05-12,9,2027-06-02,xgboost,1500000,0.0068740332,1510311.049874872,-0.3586032,0.8852408
610849,Liam Delap,Centre-Forward,23.315537303216974,2026-06-03,9,2027-06-21,xgboost,28000000,-0.10709095,25001453.399658203,-0.38527513,0.3630639
611793,James Hill,Centre-Back,24.39425051334702,2026-06-03,9,2027-06-21,xgboost,23000000,0.2556336,28879572.62992859,-0.1689095,0.9606511
612517,Bashir Humphreys,Centre-Back,23.21971252566735,2026-06-03,9,2027-06-21,xgboost,12000000,-0.058512244,11297853.06751728,-0.36676887,0.5789261
612749,Isaac Price,Central Midfield,22.6694045174538,2026-05-28,9,2027-06-18,xgboost,12000000,0.18557204,14226864.516735077,-0.1932573,0.80812967
614258,Levi Colwill,Centre-Back,23.266255989048595,2026-06-03,9,2027-06-21,xgboost,50000000,-0.103159286,44842035.695910454,-0.32367852,0.38426104
614603,Chem Campbell,Attacking Midfield,22.466803559206024,2025-06-18,9,2026-07-06,xgboost,900000,0.22090958,1098818.6225295067,-0.2782751,1.8198378
615302,Mirko Topić,Defensive Midfield,25.305954825462013,2026-05-28,9,2027-06-18,xgboost,4000000,-0.06810619,3727575.2425193787,-0.3887969,0.6378241
617018,Marko Stamenić,Central Midfield,24.268309377138944,2026-05-28,9,2027-06-18,xgboost,3000000,0.06004868,3180146.0422575474,-0.30281582,0.94017273
618402,Ziyad Larkeche,Left-Back,23.20602327173169,2025-12-03,9,2026-12-22,xgboost,800000,0.6696346,1335707.664489746,-0.16183494,2.9717512
620322,Malo Gusto,Right-Back,23.041752224503764,2026-06-03,9,2027-06-21,xgboost,35000000,-0.02487896,34129236.39640212,-0.27017397,0.49500144
621193,Kasey McAteer,Right Midfield,24.511978097193705,2026-05-28,9,2027-06-18,xgboost,10000000,-0.104738295,8952617.049217224,-0.353553,0.6444494
623570,Iliman Ndiaye,Right Winger,26.24229979466119,2026-06-03,9,2027-06-21,xgboost,55000000,-0.002425875,54866576.87230036,-0.17620549,0.34288123
624258,Conor Bradley,Right-Back,22.902121834360027,2026-06-03,9,2027-06-21,xgboost,25000000,-0.10849307,22287673.31689596,-0.3669861,0.42993775
624946,Rumarn Burrell,Centre-Forward,25.44558521560575,2026-05-28,9,2027-06-18,xgboost,6000000,0.1920526,7152315.616607666,-0.21646185,0.93282956
626474,Rubin Colwill,Attacking Midfield,24.041067761806982,2026-05-12,9,2027-06-02,xgboost,2000000,0.3666823,2733364.5820617676,-0.18728055,1.2412142
626724,João Pedro,Centre-Forward,24.684462696783026,2026-06-03,9,2027-06-21,xgboost,80000000,0.0144426,81155408.0247879,-0.20894055,0.36310634
627442,Benjamin Sesko,Centre-Forward,23.00889801505818,2026-06-03,9,2027-06-21,xgboost,75000000,0.08747313,81560484.87871885,-0.18576229,0.37382787
627626,Wilfried Gnonto,Right Winger,22.576317590691307,2026-06-03,9,2027-06-21,xgboost,16000000,-0.07201694,14847728.967666626,-0.38054493,0.48904204
628451,Roméo Lavia,Defensive Midfield,22.406570841889117,2026-06-03,9,2027-06-21,xgboost,22000000,-0.10135892,19770103.752613068,-0.38956365,0.43878907
633306,Iván Azón,Centre-Forward,22.94318959616701,2025-12-03,9,2026-12-22,xgboost,3000000,0.20205823,3606174.6776103973,-0.30029902,1.4861981
633652,Calvin Ramsay,Right-Back,22.84188911704312,2026-06-03,9,2027-06-21,xgboost,1500000,0.08483154,1627247.3149001598,-0.3387262,1.0860665
633992,Enzo Le Fée,Central Midfield,26.32991101984942,2026-06-03,9,2027-06-21,xgboost,28000000,0.06270262,29755673.319101334,-0.1687333,0.3522761
644401,Keane Lewis-Potter,Left Midfield,25.27583846680356,2026-06-03,9,2027-06-21,xgboost,25000000,-0.0038478083,24903804.79139276,-0.27464497,0.41347742
645686,Lamare Bogarde,Defensive Midfield,22.409308692676248,2026-06-03,9,2027-06-21,xgboost,18000000,0.13383836,20409090.399742126,-0.18706104,0.67447853
646658,Aaron Ramsey,Attacking Midfield,23.34839151266256,2026-05-28,9,2027-06-18,xgboost,6000000,-0.11731423,5296114.638447762,-0.4283186,0.87539685
646750,Cristhian Mosquera,Centre-Back,21.932922655715263,2026-06-03,9,2027-06-21,xgboost,40000000,0.122510545,44900421.79822922,-0.17181033,0.5350588
646991,Robin Roefs,Goalkeeper,23.37577002053388,2026-06-03,9,2027-06-21,xgboost,28000000,0.102474965,30869299.02434349,-0.14682996,0.4861854
648032,James Abankwah,Centre-Back,22.362765229295004,2026-05-28,9,2027-06-18,xgboost,3500000,0.5193213,5317624.628543854,-0.17110434,1.8598167
648195,Enzo Fernández,Central Midfield,25.374401095140314,2026-06-03,9,2027-06-21,xgboost,90000000,-0.0407125,86335874.8331666,-0.2692894,0.35784313
654253,Toby Collyer,Defensive Midfield,21.916495550992472,2025-12-03,9,2026-12-22,xgboost,5000000,0.10691287,5534564.3684268,-0.29037854,1.2903003
654412,Abdoullah Ba,Right Midfield,22.84188911704312,2026-06-03,9,2027-06-21,xgboost,1500000,-0.04224555,1436631.677672267,-0.38745782,1.0439833
654539,Adrien Truffert,Left-Back,24.53388090349076,2026-06-03,9,2027-06-21,xgboost,30000000,0.08433832,32530149.668455124,-0.16391112,0.512187
655488,Gabriel Martinelli,Left Winger,24.958247775496236,2026-06-03,9,2027-06-21,xgboost,45000000,-0.13386738,38975967.76485443,-0.3611689,0.3358105
656316,Gabriel Slonina,Goalkeeper,22.050650239561943,2026-06-03,9,2027-06-21,xgboost,3000000,-0.015546952,2953359.1428771615,-0.3976541,1.050444
659813,Piero Hincapié,Centre-Back,24.396988364134156,2026-06-03,9,2027-06-21,xgboost,50000000,-0.04609602,47695199.02765751,-0.27688643,0.44786963
661053,Jarrad Branthwaite,Centre-Back,23.93429158110883,2026-06-03,9,2027-06-21,xgboost,40000000,-0.18537143,32585142.850875854,-0.3740414,0.31519
661207,Oscar Bobb,Right Winger,22.89390828199863,2026-06-03,9,2027-06-21,xgboost,28000000,-0.11746696,24710925.221443176,-0.3605947,0.35090503
661253,Hector Kyprianou,Defensive Midfield,25.00205338809035,2026-05-28,9,2027-06-18,xgboost,1500000,0.43148476,2147227.1382808685,-0.20029369,1.7533989
661427,David Møller Wolfe,Left-Back,24.112251882272417,2026-06-03,9,2027-06-21,xgboost,8000000,-0.20374404,6370047.688484192,-0.41672835,0.57880163
662744,Vicente Reyes,Goalkeeper,22.521560574948666,2026-05-28,9,2027-06-18,xgboost,350000,0.38262594,483919.07811164856,-0.13157398,2.3358862
665390,Jaden Philogene,Left Winger,23.81656399726215,2025-12-03,9,2026-12-22,xgboost,18000000,0.076025546,19368459.820747375,-0.22308116,0.5122428
667121,Rodrigo Gomes,Left Midfield,22.90759753593429,2026-06-03,9,2027-06-21,xgboost,15000000,-0.044156093,14337658.60274434,-0.3218066,0.5562554
667287,Yasin Ayari,Central Midfield,22.65845311430527,2026-06-03,9,2027-06-21,xgboost,35000000,0.051199276,36791974.660009146,-0.19062646,0.5324675
667517,Jordan James,Central Midfield,21.90280629705681,2026-05-28,9,2027-06-18,xgboost,12000000,0.0011548096,12013857.71529749,-0.29342026,0.82943577
668557,Maksym Taloverov,Centre-Back,25.913757700205338,2026-05-28,9,2027-06-18,xgboost,2000000,0.05330744,2106614.8802638054,-0.33456212,0.6082134
669366,Tom Cannon,Centre-Forward,22.93223819301848,2025-12-03,9,2026-12-22,xgboost,8000000,-0.009727747,7922178.0225634575,-0.3687432,0.7317585
670717,Dário Essugo,Defensive Midfield,21.22108145106092,2026-06-03,9,2027-06-21,xgboost,15000000,-0.0788622,13817067.03454256,-0.37563747,0.61146855
670848,Divin Mubama,Centre-Forward,21.10609171800137,2025-12-03,9,2026-12-22,xgboost,6000000,0.7370643,10422385.811805725,-0.15659086,2.0820663
670858,Lewis Hall,Left-Back,21.73305954825462,2026-06-03,9,2027-06-21,xgboost,40000000,0.09247398,43698959.05256271,-0.16622865,0.5116569
670882,Jamie Gittens,Left Winger,21.817932922655714,2026-06-03,9,2027-06-21,xgboost,30000000,-0.12247344,26325796.768069267,-0.38469967,0.4458327
670883,Dane Scarlett,Centre-Forward,21.711156741957563,2025-12-09,9,2026-12-28,xgboost,2000000,0.24560802,2491216.0336971283,-0.2835091,1.6294822
673492,Morato,Centre-Back,24.92539356605065,2026-06-03,9,2027-06-21,xgboost,14000000,-0.11574687,12379543.81108284,-0.35032412,0.47479948
674054,Leo Walta,Attacking Midfield,22.926762491444215,2026-05-28,9,2027-06-18,xgboost,3000000,0.21805592,3654167.7564382553,-0.28533426,1.5142357
680531,Sam Silvera,Left Winger,25.587953456536617,2026-05-28,9,2027-06-18,xgboost,1500000,0.3493991,2024098.6347198486,-0.20365651,1.3289702
680806,Samuel Edozie,Left Winger,22.847364818617386,2025-12-03,9,2026-12-22,xgboost,5000000,-0.044317205,4778413.977473974,-0.40239674,1.0591338
683571,Tolu Arokodare,Centre-Forward,25.52498288843258,2026-06-03,9,2027-06-21,xgboost,20000000,-0.21132694,15773461.163043976,-0.42479968,0.30960894
683620,Antoni Milambo,Attacking Midfield,21.166324435318277,2026-06-03,9,2027-06-21,xgboost,15000000,-0.12953788,13056931.793689728,-0.39131925,0.57676184
683895,Emmanuel Agbadou,Centre-Back,28.479123887748116,2025-12-09,9,2026-12-28,xgboost,18000000,-0.24131519,13656326.651573181,-0.4248364,0.07662778
684210,Jaidon Anthony,Left Winger,26.50513347022587,2026-06-03,9,2027-06-21,xgboost,20000000,0.026719373,20534387.454390526,-0.2125293,0.3856014
687626,Moisés Caicedo,Defensive Midfield,24.583162217659137,2026-06-03,9,2027-06-21,xgboost,100000000,-0.16004269,83995731.17494583,-0.32173547,0.21459424
689637,Chadi Riad,Centre-Back,22.962354551676935,2026-06-03,9,2027-06-21,xgboost,15000000,0.10838804,16625820.5473423,-0.20199226,0.68958527
693095,Jacob Greaves,Centre-Back,25.22381930184805,2025-12-03,9,2026-12-22,xgboost,16000000,-0.12034277,14074515.700340271,-0.38646424,0.34365618
696181,Romaine Mundle,Left Winger,23.110198494182068,2026-06-03,9,2027-06-21,xgboost,7000000,0.033199627,7232397.388666868,-0.3730694,0.90409285
696589,Tim Iroegbunam,Central Midfield,22.926762491444215,2026-06-03,9,2027-06-21,xgboost,18000000,0.15459278,20782670.080661774,-0.18281467,0.59323835
698164,Freddie Potts,Defensive Midfield,22.72416153319644,2026-06-03,9,2027-06-21,xgboost,10000000,0.014995171,10149951.707571745,-0.3131513,0.8626064
698415,José Córdoba,Centre-Back,24.982888432580424,2026-05-28,9,2027-06-18,xgboost,5000000,0.17652878,5882643.908262253,-0.21660204,0.90053165
698678,Hugo Bueno,Left-Back,23.707049965776864,2026-06-03,9,2027-06-21,xgboost,12000000,-0.06377448,11234706.223011017,-0.29641727,0.70701367
701021,Ruairi McConville,Centre-Back,21.073237508555785,2026-05-28,9,2027-06-18,xgboost,3000000,0.47440022,4423200.666904449,-0.15043624,1.5885849
701057,Rico Lewis,Right-Back,21.530458590006845,2026-06-03,9,2027-06-21,xgboost,28000000,-0.070574105,26023925.065994263,-0.37615067,0.52247477
706815,Harvey Davies,Goalkeeper,22.748802190280628,2026-06-03,9,2027-06-21,xgboost,500000,0.35016638,675083.190202713,-0.21334046,2.1719592
706968,Ji-sung Eom,Left Winger,24.05201916495551,2026-05-28,9,2027-06-18,xgboost,1800000,0.33581185,2404461.3361358643,-0.19594903,1.2922732
708072,Nicolò Savona,Right-Back,23.208761122518823,2026-06-03,9,2027-06-21,xgboost,15000000,-0.08108476,13783728.629350662,-0.38201353,0.5097275
709726,Hugo Ekitiké,Centre-Forward,23.953456536618756,2026-06-03,9,2027-06-21,xgboost,80000000,-0.13241647,69406682.25288391,-0.3651207,0.23110123
711337,Evanilson,Centre-Forward,26.65845311430527,2026-06-03,9,2027-06-21,xgboost,35000000,-0.06010109,32896461.78483963,-0.2720203,0.2591056
711544,Jake O'Brien,Right-Back,25.05133470225873,2026-06-03,9,2027-06-21,xgboost,18000000,0.043889295,18790007.315576077,-0.25638968,0.45856854
711999,Lesley Ugochukwu,Defensive Midfield,22.187542778918548,2026-06-03,9,2027-06-21,xgboost,22000000,-0.075340524,20342508.46505165,-0.34318715,0.4562694
714458,Ben Nelson,Centre-Back,21.711156741957563,2025-12-03,9,2026-12-22,xgboost,600000,0.6820984,1009259.033203125,-0.1418802,3.4252968
715558,Marcelino Núñez,Central Midfield,26.239561943874058,2026-05-28,9,2027-06-18,xgboost,14000000,0.07494664,15049252.986907959,-0.21984427,0.6775685
716276,Yerson Mosquera,Centre-Back,25.086926762491444,2026-06-03,9,2027-06-21,xgboost,12000000,-0.080442674,11034687.906503677,-0.3112616,0.6288917
717411,Yegor Yarmolyuk,Central Midfield,22.255989048596852,2026-06-03,9,2027-06-21,xgboost,32000000,0.0613324,33962636.82842255,-0.18155606,0.5867283
719673,Ben Gannon-Doak,Right Winger,20.55852156057495,2026-06-03,9,2027-06-21,xgboost,15000000,-0.036996722,14445049.166679382,-0.33812863,0.6125498
724536,Josh Keeley,Goalkeeper,22.986995208761122,2026-05-12,9,2027-06-02,xgboost,800000,0.5134776,1210782.0987701416,-0.16375242,2.5097682
724540,Bosun Lawal,Centre-Back,22.99520876112252,2026-05-28,9,2027-06-18,xgboost,3000000,0.28696775,3860903.263092041,-0.19414908,1.2475737
724783,Tawanda Chirewa,Attacking Midfield,22.16016427104723,2025-12-09,9,2026-12-28,xgboost,500000,0.48941556,744707.778096199,-0.21798916,2.5478404
725912,Antonín Kinský,Goalkeeper,23.225188227241617,2026-06-03,9,2027-06-21,xgboost,15000000,0.018300321,15274504.81429696,-0.23479033,0.6030667
727023,Shayden Morris,Right Winger,23.66050650239562,2025-11-26,9,2026-12-14,xgboost,1000000,0.47462204,1474622.0409870148,-0.26267928,2.3327143
727089,Noah Sadiki,Central Midfield,21.45927446954141,2026-06-03,9,2027-06-21,xgboost,35000000,0.17573775,41150821.37286663,-0.12664832,0.5684381
728679,Tomas Rigo,Central Midfield,23.901437371663246,2026-05-28,9,2027-06-18,xgboost,4000000,0.054417986,4217671.945691109,-0.3072462,0.98205143
729264,Welington,Left-Back,24.78576317590691,2025-12-03,9,2026-12-22,xgboost,3000000,-0.023797074,2928608.7770015,-0.3337939,0.877331
730861,Milos Kerkez,Left-Back,22.570841889117045,2026-06-03,9,2027-06-21,xgboost,35000000,-0.09834522,31557917.296886444,-0.33735362,0.34004882
730893,Tyrick Mitchell,Left-Back,26.754277891854894,2026-06-03,9,2027-06-21,xgboost,25000000,-0.10508037,22372990.660369396,-0.2786659,0.29693154
731466,Teddy Sharman-Lowe,Goalkeeper,23.17864476386037,2026-06-03,9,2027-06-21,xgboost,500000,0.43958127,719790.6374931335,-0.19590488,2.7262385
732165,Ronnie Edwards,Centre-Back,22.68583162217659,2025-12-03,9,2026-12-22,xgboost,3800000,0.08878521,4137383.79329443,-0.31328657,1.1801339
733314,James Carragher,Centre-Back,23.498973305954827,2026-05-12,9,2027-06-02,xgboost,250000,0.65862375,414655.938744545,-0.07928063,2.4916663
735570,João Gomes,Central Midfield,25.30321697467488,2026-06-03,9,2027-06-21,xgboost,40000000,-0.04151671,38339331.59708977,-0.20525222,0.41750404
735571,Rodrigo Muniz,Centre-Forward,25.08145106091718,2026-06-03,9,2027-06-21,xgboost,20000000,-0.1695121,16609758.138656616,-0.41941866,0.41004366
739443,Igor Thiago,Centre-Forward,24.93634496919918,2026-06-03,9,2027-06-21,xgboost,65000000,0.12273243,72977607.99527168,-0.16595381,0.5469661
741229,Rocco Vata,Left Winger,21.1088295687885,2026-05-28,9,2027-06-18,xgboost,1800000,0.25217155,2253908.783197403,-0.27979827,1.8329414
741236,Matthew Cox,Goalkeeper,22.60643394934976,2025-12-09,9,2026-12-28,xgboost,800000,0.24411526,995292.2105789185,-0.27374265,2.082338
741238,Omari Hutchinson,Attacking Midfield,22.5927446954141,2026-06-03,9,2027-06-21,xgboost,30000000,-0.09361831,27191450.67036152,-0.31639773,0.4034019
741257,Álex Jiménez,Right-Back,21.07049965776865,2026-06-03,9,2027-06-21,xgboost,22000000,0.11232384,24471124.544739723,-0.24858311,0.7600871
741267,Sam Curtis,Right-Back,20.005475701574266,2025-12-03,9,2026-12-22,xgboost,175000,1.5086175,439008.0660581589,-0.021242484,5.2181716
742770,Mohamed Touré,Centre-Forward,22.171115674195757,2026-05-28,9,2027-06-18,xgboost,8000000,0.42661536,11412922.859191895,-0.20096731,1.4861064
743384,Chemsdine Talbi,Right Winger,21.06776180698152,2026-06-03,9,2027-06-21,xgboost,25000000,0.046048924,26151223.108172417,-0.25942943,0.634655
743413,Nico O'Reilly,Left-Back,21.201916495550993,2026-06-03,9,2027-06-21,xgboost,70000000,0.26286966,88400875.92601776,-0.10963298,0.8231074
743498,Wilson Odobert,Left Winger,21.51129363449692,2026-06-03,9,2027-06-21,xgboost,18000000,-0.09345052,16317890.703678131,-0.3784892,0.49603364
743591,Savinho,Left Winger,22.146475017111566,2026-06-03,9,2027-06-21,xgboost,35000000,-0.08400462,32059838.362038136,-0.377925,0.4024464
743600,Andrey Santos,Central Midfield,22.083504449007528,2026-06-03,9,2027-06-21,xgboost,40000000,-0.1226362,35094552.0401001,-0.3558486,0.42547452
744149,Adam Wharton,Defensive Midfield,22.321697467488022,2026-06-03,9,2027-06-21,xgboost,70000000,0.003233749,70226362.42676526,-0.1675134,0.4050372
745181,Soungoutou Magassa,Defensive Midfield,22.652977412731005,2026-06-03,9,2027-06-21,xgboost,17000000,-0.07161661,15782517.589628696,-0.31905332,0.51368386
746833,Caleb Wiley,Left-Back,21.44558521560575,2026-06-03,9,2027-06-21,xgboost,8000000,0.08361745,8668939.590454102,-0.29628205,1.0726962
747009,Justin Devenny,Attacking Midfield,22.64476386036961,2026-06-03,9,2027-06-21,xgboost,12000000,0.017336989,12208043.865859509,-0.29355153,0.7521635
747951,Shea Charles,Defensive Midfield,22.559890485968516,2026-05-28,9,2027-06-18,xgboost,15000000,0.03323633,15498544.927686453,-0.21487913,0.7549924
748319,Carlos Alcaraz,Central Midfield,23.50718685831622,2026-06-03,9,2027-06-21,xgboost,15000000,-0.029444449,14558333.270251751,-0.31095937,0.56499517
763079,Abdukodir Khusanov,Centre-Back,22.258726899383984,2026-06-03,9,2027-06-21,xgboost,50000000,0.12579432,56289716.06492996,-0.1590041,0.6823662
800176,André,Defensive Midfield,24.88158795345654,2026-06-03,9,2027-06-21,xgboost,25000000,-0.08525593,22868601.79156065,-0.2849674,0.36213484
800925,Oscar Schwartau,Attacking Midfield,19.548254620123203,2025-12-03,9,2026-12-22,xgboost,3500000,0.34697694,4714419.275522232,-0.15325631,1.5279353
801426,Tommy Conway,Centre-Forward,23.808350444900753,2026-05-28,9,2027-06-18,xgboost,14000000,0.2610698,17654977.26202011,-0.1951832,0.94254255
801734,Mathys Tel,Centre-Forward,21.100616016427104,2026-06-03,9,2027-06-21,xgboost,22000000,-0.087731846,20069899.395108223,-0.39254117,0.4970357
801989,Tammer Bany,Centre-Forward,22.60643394934976,2026-05-28,9,2027-06-18,xgboost,250000,0.43868414,359671.0339188576,-0.11317339,2.449708
804219,Léo Scienza,Attacking Midfield,27.222450376454482,2025-12-03,9,2026-12-22,xgboost,9000000,-0.06717708,8395406.283438206,-0.31935427,0.44025478
811779,Alejandro Garnacho,Left Winger,21.921971252566735,2026-06-03,9,2027-06-21,xgboost,28000000,-0.12345144,24543359.637260437,-0.40294874,0.44358447
817665,Pablo,Centre-Forward,22.417522245037645,2026-06-03,9,2027-06-21,xgboost,18000000,-0.06068378,16907691.970467567,-0.3112423,0.5163392
820374,Kobbie Mainoo,Central Midfield,21.12251882272416,2026-06-03,9,2027-06-21,xgboost,70000000,0.23826002,86678201.10917091,-0.12506722,0.83901995
823231,Dango Ouattara,Right Winger,24.306639288158795,2026-06-03,9,2027-06-21,xgboost,35000000,-0.023809068,34166682.62332678,-0.28586364,0.4106196
823486,Michael Kayode,Right-Back,21.897330595482547,2026-06-03,9,2027-06-21,xgboost,40000000,0.111338206,44453528.225421906,-0.13696417,0.5408906
829299,Max Weiß,Goalkeeper,21.965776865160848,2026-06-03,9,2027-06-21,xgboost,4000000,0.016276041,4065104.16418314,-0.31630763,1.1999369
837334,Joel Colwill,Attacking Midfield,21.53867214236824,2026-05-12,9,2027-06-02,xgboost,900000,0.5119556,1360760.0569725037,-0.14155656,2.3057191
842341,Maxime Estève,Centre-Back,24.021902806297057,2026-06-03,9,2027-06-21,xgboost,28000000,0.026332088,28737298.45881462,-0.20738433,0.42712665
843595,Max Alleyne,Centre-Back,20.867898699520875,2026-06-03,9,2027-06-21,xgboost,8000000,0.29516408,10361312.627792358,-0.23775421,1.4767126
845321,Kaelan Casey,Centre-Back,21.097878165639973,2025-12-03,9,2026-12-22,xgboost,1000000,0.7540293,1754029.2739868164,-0.21847475,3.120078
848509,Jackson Tchatchoua,Right-Back,24.71731690622861,2026-06-03,9,2027-06-21,xgboost,12000000,-0.119490616,10566112.607717514,-0.3353325,0.5822218
855256,Alex Scott,Central Midfield,22.784394250513348,2026-06-03,9,2027-06-21,xgboost,50000000,0.08380966,54190482.94425011,-0.13923311,0.533065
859951,Ashley Phillips,Centre-Back,20.919917864476385,2026-05-28,9,2027-06-18,xgboost,7000000,0.582554,11077877.879142761,-0.13165787,2.060274
863741,Nathan Fraser,Centre-Forward,21.27583846680356,2026-06-03,9,2027-06-21,xgboost,600000,0.11928558,671571.3500976562,-0.3118654,1.6053737
864121,Abdul Fatawu,Right Winger,21.738535249828885,2025-12-03,9,2026-12-22,xgboost,20000000,0.12681256,22536251.24692917,-0.18725511,0.6354286
864799,Stefan Bajcetic,Defensive Midfield,21.61259411362081,2026-06-03,9,2027-06-21,xgboost,4000000,0.012502781,4050011.1244618893,-0.41281348,1.0805538
866246,Lucas Bergvall,Central Midfield,20.331279945242983,2026-06-03,9,2027-06-21,xgboost,35000000,-0.14704002,29853599.14600849,-0.37821233,0.4343184
866655,Tyler Dibling,Right Winger,20.290212183436,2026-06-03,9,2027-06-21,xgboost,17000000,-0.09383793,15404755.160212517,-0.3957869,0.51931894
867688,Jack Hinshelwood,Defensive Midfield,21.144421629021217,2026-06-03,9,2027-06-21,xgboost,28000000,0.19760558,33532956.24256134,-0.14296998,0.822544
874538,Ryan Trevitt,Central Midfield,23.16769336071184,2026-05-12,9,2027-06-02,xgboost,275000,0.44075733,396208.26691389084,-0.122901954,2.3552525
876631,Habib Diarra,Central Midfield,22.414784394250514,2026-06-03,9,2027-06-21,xgboost,35000000,0.0067119226,35234917.29050875,-0.1941198,0.46365616
880245,Mateus Fernandes,Central Midfield,21.897330595482547,2026-06-03,9,2027-06-21,xgboost,50000000,0.2252215,61261074.9900341,-0.1596855,0.64163345
883539,Charlie Crew,Defensive Midfield,19.967145790554415,2026-06-03,9,2027-06-21,xgboost,150000,1.1399432,320991.48631095886,-0.079260714,4.4126425
890721,Myles Lewis-Skelly,Left-Back,19.685147159479808,2026-06-03,9,2027-06-21,xgboost,45000000,0.13418311,51038239.896297455,-0.12776558,0.83875513
897481,Eric da Silva Moreira,Right-Back,20.084873374401095,2026-06-03,9,2027-06-21,xgboost,800000,0.17805444,942443.5496330261,-0.33989662,2.34791
900195,Kevin,Left Winger,23.411362080766597,2026-06-03,9,2027-06-21,xgboost,25000000,-0.11216767,22195808.216929436,-0.38385236,0.37217897
900601,Alex Murphy,Left-Back,21.93839835728953,2026-06-03,9,2027-06-21,xgboost,1500000,0.26925904,1903888.5533809662,-0.27435586,1.9890363
902021,Kuryu Matsuki,Attacking Midfield,22.595482546201232,2025-12-03,9,2026-12-22,xgboost,2400000,0.24360918,2984662.0202064514,-0.29100212,1.7591594
903611,Nilson Angulo,Left Winger,22.95687885010267,2026-06-03,9,2027-06-21,xgboost,17000000,-0.017292552,16706026.621162891,-0.29679635,0.5401886
904802,Jorrel Hato,Left-Back,20.240930869267626,2026-06-03,9,2027-06-21,xgboost,40000000,0.05851843,42340737.134218216,-0.17380819,0.5993622
906160,Saba Goglichidze,Centre-Back,21.921971252566735,2026-05-28,9,2027-06-18,xgboost,3500000,0.30918378,4582143.217325211,-0.26365143,1.695619
910905,Mamadou Sarr,Centre-Back,20.761122518822724,2026-06-03,9,2027-06-21,xgboost,22000000,0.23236181,27111959.785223007,-0.24982922,1.0049237
911424,Tyler Fredricson,Centre-Back,21.27310061601643,2026-06-03,9,2027-06-21,xgboost,3000000,0.5314948,4594484.388828278,-0.25014666,2.1904569
911736,Sverre Nypan,Central Midfield,19.45516769336071,2026-06-03,9,2027-06-21,xgboost,13000000,0.027449436,13356842.674314976,-0.37403262,0.7994247
912081,Jun-ho Bae,Attacking Midfield,22.767967145790553,2026-05-28,9,2027-06-18,xgboost,4000000,0.3606974,5442789.554595947,-0.18281257,1.5387187
922462,Lewis Koumas,Left Winger,20.687200547570157,2026-05-28,9,2027-06-18,xgboost,4000000,0.4805516,5922206.401824951,-0.18148984,2.1458063
922563,Oliver Scarles,Left-Back,20.473648186173854,2026-06-03,9,2027-06-21,xgboost,10000000,0.07880981,10788098.126649857,-0.29177716,1.265258
922693,Archie Gray,Defensive Midfield,20.227241615331966,2026-06-03,9,2027-06-21,xgboost,35000000,-0.10148236,31448117.345571518,-0.31182805,0.4715126
922698,Ishé Samuels-Smith,Left-Back,19.496235455167692,2025-12-03,9,2026-12-22,xgboost,700000,0.77226865,1240588.0570411682,-0.19921505,4.1372023
922769,Lewis Miley,Central Midfield,20.09034907597536,2026-06-03,9,2027-06-21,xgboost,25000000,0.09375903,27343975.752592087,-0.23988898,0.7536249
923831,Leny Yoro,Centre-Back,20.553045859000683,2026-06-03,9,2027-06-21,xgboost,50000000,0.04099067,52049533.46401453,-0.27567497,0.43885833
924850,Bobby Wales,Centre-Forward,20.44626967830253,2025-12-03,9,2026-12-22,xgboost,400000,0.65963143,663852.5724411011,-0.15917045,3.2251241
926135,Omari Kellyman,Attacking Midfield,20.197125256673512,2025-11-26,9,2026-12-14,xgboost,1500000,0.35591424,2033871.352672577,-0.26779574,2.3971577
926952,Patrick Dorgu,Left Winger,21.60164271047228,2026-06-03,9,2027-06-21,xgboost,35000000,0.03263387,36142185.47940254,-0.2608196,0.54377735
927768,Lucas Pires,Left-Back,25.193702943189596,2026-06-03,9,2027-06-21,xgboost,4000000,-0.14478724,3420851.0518074036,-0.41291907,0.6087833
933017,Zach Abbott,Centre-Back,20.057494866529773,2026-06-03,9,2027-06-21,xgboost,4000000,0.49611577,5984463.095664978,-0.113817714,2.1151578
936237,Yu Hirakawa,Right Winger,25.39630390143737,2026-05-28,9,2027-06-18,xgboost,1000000,0.32201377,1322013.7655735016,-0.27004153,1.7150577
936842,Michael Golding,Central Midfield,19.531827515400412,2025-12-03,9,2026-12-22,xgboost,2000000,0.16850941,2337018.8176631927,-0.2874901,1.646671
936874,Tyrique George,Left Winger,20.32580424366872,2026-06-03,9,2027-06-21,xgboost,20000000,-0.11100723,17779855.43012619,-0.37214586,0.6735272
937840,Harrison Jones,Attacking Midfield,21.437371663244353,2026-06-03,9,2027-06-21,xgboost,150000,0.50253093,225379.6398639679,-0.12261731,2.7997565
937941,Thierno Barry,Centre-Forward,23.616700889801507,2026-06-03,9,2027-06-21,xgboost,30000000,-0.05310809,28406757.339835167,-0.2876472,0.4260014
938146,Adam Aznou,Left-Back,20.00273785078713,2026-06-03,9,2027-06-21,xgboost,6000000,-0.080627635,5516234.189271927,-0.37875068,1.0492646
938158,Marc Guiu,Centre-Forward,20.410677618069816,2026-06-03,9,2027-06-21,xgboost,12000000,0.08184453,12982134.371995926,-0.2768951,1.0679419
942738,Milan Aleksic,Attacking Midfield,20.758384668035593,2026-06-03,9,2027-06-21,xgboost,700000,0.26910546,888373.8249540329,-0.23758464,2.6621187
943549,Mark O'Mahony,Centre-Forward,20.865160848733744,2025-11-26,9,2026-12-14,xgboost,450000,0.6401202,738054.0937185287,-0.15067399,3.45985
947411,Chris Rigg,Attacking Midfield,18.9596167008898,2026-06-03,9,2027-06-21,xgboost,25000000,0.04856147,26214036.718010902,-0.25774327,0.71603566
950091,Stefanos Tzimas,Centre-Forward,20.40520191649555,2026-06-03,9,2027-06-21,xgboost,18000000,0.027372869,18492711.637169123,-0.38125327,0.7419607
955357,Junior Kroupi,Centre-Forward,19.94524298425736,2026-06-03,9,2027-06-21,xgboost,70000000,0.19412291,83588603.7349701,-0.13449375,0.9821379
956920,Nestory Irankunda,Right Winger,20.295687885010267,2026-05-28,9,2027-06-18,xgboost,8000000,0.36525375,10922029.972076416,-0.15326753,1.5002501
967346,Eliezer Mayenda,Centre-Forward,21.07049965776865,2026-06-03,9,2027-06-21,xgboost,16000000,-0.030927874,15505154.013633728,-0.36621764,0.64817137
973085,Carlos Baleba,Defensive Midfield,22.414784394250514,2026-06-03,9,2027-06-21,xgboost,55000000,-0.09417296,49820487.08945513,-0.29494524,0.29727405
983702,Jacob Wright,Defensive Midfield,20.199863107460644,2025-12-03,9,2026-12-22,xgboost,2500000,0.24177136,3104428.3881783485,-0.25184077,1.7184299
983989,Facundo Buonanotte,Attacking Midfield,21.44284736481862,2026-06-03,9,2027-06-21,xgboost,12000000,-0.08698712,10956154.525279999,-0.4115834,0.7274787
984096,Jair Cunha,Centre-Back,21.240246406570844,2026-06-03,9,2027-06-21,xgboost,15000000,0.13520305,17028045.72880268,-0.18545735,0.8760442
987074,Dylan Lawlor,Centre-Back,20.358658453114305,2026-05-12,9,2027-06-02,xgboost,1800000,0.7083882,3075098.776817322,-0.124036744,2.4952602
989112,Veljko Milosavljevic,Centre-Back,18.93223819301848,2026-06-03,9,2027-06-21,xgboost,20000000,0.09031793,21806358.5460186,-0.24193397,0.7169986
994604,Matai Akinmboni,Centre-Back,19.627652292950035,2026-06-03,9,2027-06-21,xgboost,1000000,0.52040076,1520400.7625579834,-0.19388351,2.9598525
996897,Diego Gómez,Central Midfield,23.186858316221766,2026-06-03,9,2027-06-21,xgboost,25000000,0.001899685,25047492.125304416,-0.28644937,0.47308126
998101,Alex Tóth,Central Midfield,20.61054072553046,2026-06-03,9,2027-06-21,xgboost,12000000,0.025828633,12309943.601489067,-0.27418083,0.90197176
1004203,Keiber Lamadrid,Left Winger,22.54072553045859,2026-06-03,9,2027-06-21,xgboost,1200000,0.3851104,1662132.489681244,-0.27854446,2.3479702
1004708,Josh Acheampong,Right-Back,20.079397672826833,2026-06-03,9,2027-06-21,xgboost,25000000,0.048671484,26216787.099838257,-0.25370234,0.7380353
1005583,Alysson,Right Winger,20.079397672826833,2026-06-03,9,2027-06-21,xgboost,10000000,0.078262135,10782621.35386467,-0.24734464,1.1975906
1005649,Murillo,Centre-Back,23.915126625598905,2026-06-03,9,2027-06-21,xgboost,50000000,-0.06528433,46735783.6663723,-0.30471677,0.34741914
1005855,Ronan Kpakio,Right-Back,18.965092402464066,2026-05-12,9,2027-06-02,xgboost,1200000,0.64243317,1970919.7998046875,-0.13150872,2.8493965
1006411,Jaydee Canvot,Centre-Back,19.8466803559206,2026-06-03,9,2027-06-21,xgboost,28000000,0.18025117,33047032.65428543,-0.12787269,0.76008415
1007720,Tyler Bindon,Centre-Back,21.3305954825462,2026-05-28,9,2027-06-18,xgboost,3500000,0.61641455,5657450.914382935,-0.14692947,2.2019043
1009658,Julio Soler,Left-Back,21.29226557152635,2026-06-03,9,2027-06-21,xgboost,8000000,0.040392287,8323138.2966041565,-0.29376823,1.1243309
1011131,Josh King,Attacking Midfield,19.41409993155373,2026-06-03,9,2027-06-21,xgboost,25000000,0.13270731,28317682.817578316,-0.1434467,0.81049365
1011936,Kaye Furo,Centre-Forward,19.32101300479124,2026-06-03,9,2027-06-21,xgboost,8000000,0.12675156,9014012.455940247,-0.26577362,1.2937346
1012534,Yankuba Minteh,Right Winger,21.864476386036962,2026-06-03,9,2027-06-21,xgboost,45000000,0.056710165,47551957.42473006,-0.16645364,0.50541013
1012564,Rayan,Right Winger,19.83299110198494,2026-06-03,9,2027-06-21,xgboost,60000000,0.094594635,65675678.104162216,-0.1855327,0.8079585
1015619,Ahmed Abdullahi,Centre-Forward,21.95482546201232,2026-06-03,9,2027-06-21,xgboost,800000,0.028079208,822463.3663892746,-0.3498944,1.5270828
1020267,Dujuan Richards,Centre-Forward,20.54483230663929,2026-05-28,9,2027-06-18,xgboost,500000,0.5763803,788190.1562213898,-0.19118507,3.1155777
1041532,Djibril Soumaré,Defensive Midfield,22.90485968514716,2025-12-03,9,2026-12-22,xgboost,1500000,0.38014212,2070213.183760643,-0.27859533,2.1524994
1042886,Chido Obi,Centre-Forward,18.510609171800137,2026-06-03,9,2027-06-21,xgboost,5000000,0.25047165,6252358.257770538,-0.26857442,1.7606508
1045123,Trey Nyoni,Central Midfield,18.926762491444215,2026-06-03,9,2027-06-21,xgboost,8000000,0.6295468,13036374.568939209,-0.12622222,1.9140159
1045124,Jay Robinson,Left Winger,18.72142368240931,2025-12-03,9,2026-12-22,xgboost,8000000,0.21293916,9703513.264656067,-0.16863489,1.7438534
1047257,Rio Cardines,Left-Back,19.923340177960302,2026-06-03,9,2027-06-21,xgboost,300000,0.7919625,537588.7513160706,-0.079454295,3.9557157
1047261,Caleb Kporha,Right-Back,19.88501026694045,2026-06-03,9,2027-06-21,xgboost,1000000,0.4446666,1444666.5942668915,-0.22999106,2.9244547
1056993,Estêvão,Right Winger,19.110198494182068,2026-06-03,9,2027-06-21,xgboost,80000000,-0.16088684,67129052.87742615,-0.2737072,0.44834667
1060087,Charalampos Kostoulas,Centre-Forward,19.01163586584531,2026-06-03,9,2027-06-21,xgboost,25000000,-0.025635906,24359102.360904217,-0.27742672,0.59713215
1060740,Enso González,Left Winger,21.366187542778917,2026-06-03,9,2027-06-21,xgboost,2500000,-0.01631799,2459205.025807023,-0.39230996,1.0331135
1063329,Andrés García,Right-Back,23.318275154004105,2026-06-03,9,2027-06-21,xgboost,6000000,0.011184641,6067107.846960425,-0.3639613,0.85774875
1069512,Jonah Kusi-Asare,Centre-Forward,18.915811088295687,2026-06-03,9,2027-06-21,xgboost,3000000,0.045100287,3135300.859808922,-0.37312248,1.4818463
1078163,Ayden Heaven,Centre-Back,19.696098562628336,2026-06-03,9,2027-06-21,xgboost,30000000,0.34804174,40441252.291202545,-0.09755257,1.0348508
1081995,Mohamadou Kanté,Defensive Midfield,20.700889801505816,2026-06-03,9,2027-06-21,xgboost,1000000,1.0581931,2058193.0875778198,-0.1321393,3.1255925
1086258,Souza,Left-Back,19.964407939767284,2026-06-03,9,2027-06-21,xgboost,12000000,-0.07352579,11117690.563201904,-0.27960372,0.83442223
1086619,Giovanni Leoni,Centre-Back,19.449691991786448,2026-06-03,9,2027-06-21,xgboost,25000000,0.036684442,25917111.057788134,-0.2575675,0.5750137
1091562,Romelle Donovan,Right Winger,19.50718685831622,2026-06-03,9,2027-06-21,xgboost,3500000,0.25683627,4398926.928639412,-0.2657746,1.6130236
1107733,Harrison Armstrong,Central Midfield,19.370294318959616,2026-06-03,9,2027-06-21,xgboost,12000000,0.14789425,13774730.98039627,-0.26316184,1.017038
1108466,Rio Ngumoha,Left Winger,17.760438056125942,2026-06-03,9,2027-06-21,xgboost,30000000,0.2892274,38676821.88749313,-0.08988344,1.2070614
1111589,El Hadji Malick Diouf,Left-Back,21.429158110882955,2026-06-03,9,2027-06-21,xgboost,28000000,-0.060420047,26308238.67022991,-0.27662817,0.54856825
1124005,Christantus Uche,Centre-Forward,23.041752224503764,2026-06-03,9,2027-06-21,xgboost,12000000,-0.09024231,10917092.263698578,-0.38994282,0.63022596
1178758,Malick Yalcouyé,Central Midfield,20.522929500342233,2026-05-28,9,2027-06-18,xgboost,12000000,0.055918917,12671027.00471878,-0.3195704,0.9130201
1187629,Max Dowman,Right Winger,16.421629021218344,2026-06-03,9,2027-06-21,xgboost,30000000,0.633573,49007189.869880676,-0.08906795,1.2756808
1193867,Pedro Lima,Right-Back,19.923340177960302,2026-06-03,9,2027-06-21,xgboost,4000000,-0.053364974,3786540.1059389114,-0.37966138,1.353001
1230661,Mateus Mané,Attacking Midfield,18.713210130047912,2026-06-03,9,2027-06-21,xgboost,20000000,0.005060156,20101203.117519617,-0.26316738,0.77360713
1283997,Diego León,Left-Back,19.16769336071184,2026-06-03,9,2027-06-21,xgboost,4000000,0.07184662,4287386.476993561,-0.2764066,1.4195263
1322090,Jocelin Ta Bi,Right Winger,21.311430527036276,2026-06-03,9,2027-06-21,xgboost,2500000,0.012254686,2530636.7152370512,-0.36949307,1.2246442
3333,James Milner,Central Midfield,40.41067761806981,2026-06-03,12,2027-10-31,xgboost,500000,-0.3589103,320544.85380649567,-0.5471832,0.010369661
14086,Ashley Young,Right-Back,40.40246406570842,2025-12-03,12,2027-05-02,xgboost,400000,-0.31958663,272165.3461456299,-0.69474036,-0.012953332
16306,Casemiro,Defensive Midfield,34.275154004106774,2026-06-03,12,2027-10-31,xgboost,6000000,-0.46971005,3181739.6879196167,-0.63042516,-0.123104826
29692,Lukasz Fabianski,Goalkeeper,41.125256673511295,2026-06-03,12,2027-10-31,xgboost,150000,-0.32050934,101923.59834909439,-0.53424484,0.04646141
29712,John Ruddy,Goalkeeper,39.60848733744011,2026-06-03,12,2027-10-31,xgboost,100000,-0.21135694,78864.30621147156,-0.5323711,0.1366841
33873,Asmir Begovic,Goalkeeper,38.455852156057496,2025-12-03,12,2027-05-02,xgboost,200000,-0.26158744,147682.51180648804,-0.54012626,0.07153579
34130,Tom Heaton,Goalkeeper,40.134154688569474,2026-06-03,12,2027-10-31,xgboost,100000,-0.23126416,76873.58409166336,-0.53306466,0.12451481
46001,Moussa Sissoko,Central Midfield,36.2984257357974,2025-12-03,12,2027-05-02,xgboost,300000,-0.27128306,218615.08190631866,-0.5057042,0.044761512
51471,Mateo Kovacic,Central Midfield,32.0766598220397,2026-06-03,12,2027-10-31,xgboost,10000000,-0.48820996,5117900.371551514,-0.6370588,-0.14393501
52570,Fraser Forster,Goalkeeper,38.21218343600274,2026-06-03,12,2027-10-31,xgboost,400000,-0.23384123,306463.5097980499,-0.5207031,0.059695598
61651,Jordan Henderson,Defensive Midfield,35.96167008898015,2026-06-03,12,2027-10-31,xgboost,1200000,-0.420353,695576.4055252075,-0.6398974,-0.05234367
61841,Adam Smith,Right-Back,35.096509240246405,2026-06-03,12,2027-10-31,xgboost,300000,-0.25504702,223485.89301109314,-0.6678592,0.05438571
63200,Ashley Barnes,Centre-Forward,36.591375770020534,2026-06-03,12,2027-10-31,xgboost,150000,-0.21946016,117080.97606897354,-0.5361573,0.031072596
66100,Oriol Romeu,Defensive Midfield,34.19301848049281,2025-12-03,12,2027-05-02,xgboost,700000,-0.36643106,443498.25978279114,-0.6403562,0.027490728
67063,Danny Welbeck,Centre-Forward,35.51813826146475,2026-06-03,12,2027-10-31,xgboost,3000000,-0.45876276,1623711.7052078247,-0.6358281,-0.096752815
68390,Séamus Coleman,Right-Back,37.64271047227926,2026-06-03,12,2027-10-31,xgboost,200000,-0.28509906,142980.1881313324,-0.66954684,0.037665963
72476,Bernd Leno,Goalkeeper,34.247775496235455,2026-06-03,12,2027-10-31,xgboost,6000000,-0.48239258,3105644.5240974426,-0.5912179,-0.100746326
73564,Jason Steele,Goalkeeper,35.79192334017796,2026-06-03,12,2027-10-31,xgboost,500000,-0.33645186,331774.0708589554,-0.62710905,-0.0073171672
74960,Martin Dúbravka,Goalkeeper,37.379876796714576,2026-06-03,12,2027-10-31,xgboost,500000,-0.2987591,350620.44858932495,-0.5545625,-4.6333087e-05
75489,Niclas Füllkrug,Centre-Forward,32.82956878850103,2025-12-09,12,2027-05-08,xgboost,8000000,-0.51546174,3876306.0569763184,-0.6302792,-0.14510627
82873,Pascal Groß,Central Midfield,34.9678302532512,2026-06-03,12,2027-10-31,xgboost,2500000,-0.33603877,1659903.0792713165,-0.6313324,-0.053117324
85177,Nathaniel Clyne,Right-Back,35.162217659137575,2026-06-03,12,2027-10-31,xgboost,300000,-0.23421314,229736.05692386627,-0.5686745,0.025362521
85941,Stefan Ortega,Goalkeeper,33.57152635181382,2026-06-03,12,2027-10-31,xgboost,4000000,-0.52420986,1903160.572052002,-0.64522415,-0.07531152
92571,Aaron Cresswell,Left-Back,35.96714579055441,2025-12-03,12,2027-05-02,xgboost,450000,-0.27767822,325044.8003411293,-0.52794176,-0.02140937
95424,Kyle Walker,Right-Back,36.016427104722794,2026-06-03,12,2027-10-31,xgboost,1500000,-0.47272795,790908.0684185028,-0.6615843,-0.051451888
95795,Václav Hladký,Goalkeeper,35.55099247091034,2026-06-03,12,2027-10-31,xgboost,150000,-0.3090683,103639.75614309311,-0.5255278,0.060368273
95810,Kieran Trippier,Right-Back,35.70431211498973,2026-06-03,12,2027-10-31,xgboost,1500000,-0.4875356,768696.6061592102,-0.6441518,-0.061295114
95976,Alex McCarthy,Goalkeeper,36.0,2025-12-03,12,2027-05-02,xgboost,300000,-0.23409222,229772.3338007927,-0.6277948,0.053599816
99331,Jannik Vestergaard,Centre-Back,33.81519507186858,2026-05-28,12,2027-10-25,xgboost,1000000,-0.43562543,564374.566078186,-0.64415663,-0.03593768
99397,Karl Darlow,Goalkeeper,35.65229295003422,2026-06-03,12,2027-10-31,xgboost,200000,-0.14640763,170718.47319602966,-0.4809675,0.103622206
105470,Alisson,Goalkeeper,33.667351129363446,2026-06-03,12,2027-10-31,xgboost,15000000,-0.53073734,7038939.893245697,-0.6234353,-0.14135756
108354,Jordan Ayew,Centre-Forward,34.22861054072553,2025-12-03,12,2027-05-02,xgboost,1800000,-0.4537696,983214.7300243378,-0.64507496,-0.08502551
108725,Chris Wood,Centre-Forward,34.48870636550308,2026-06-03,12,2027-10-31,xgboost,5000000,-0.4813458,2593270.9872722626,-0.6455746,-0.036808345
110864,Sam Johnstone,Goalkeeper,33.190965092402465,2026-06-03,12,2027-10-31,xgboost,2000000,-0.42408392,1151832.1633338928,-0.64983094,-0.0030944515
111051,Nampalys Mendy,Defensive Midfield,33.927446954141,2026-05-28,12,2027-10-25,xgboost,700000,-0.4726278,369160.5478525162,-0.64156437,-0.032952935
111195,Joël Veltman,Right-Back,34.38193018480493,2026-06-03,12,2027-10-31,xgboost,1500000,-0.45484692,817729.6221256256,-0.6466049,-0.07478822
111455,Granit Xhaka,Defensive Midfield,33.68104038329911,2026-06-03,12,2027-10-31,xgboost,8000000,-0.5068208,3945433.6166381836,-0.6300173,-0.13538739
111873,Emiliano Martínez,Goalkeeper,33.74948665297741,2026-06-03,12,2027-10-31,xgboost,12000000,-0.51434225,5827893.018722534,-0.61694115,-0.11043279
116648,Marcus Bettinelli,Goalkeeper,34.026009582477755,2026-06-03,12,2027-10-31,xgboost,300000,-0.2495655,225130.35088777542,-0.51177245,0.023004372
118534,Michael Keane,Centre-Back,33.39082819986311,2026-06-03,12,2027-10-31,xgboost,3000000,-0.42555997,1723320.096731186,-0.6220907,-0.10649216
120629,Alphonse Areola,Goalkeeper,33.2621492128679,2026-06-03,12,2027-10-31,xgboost,4000000,-0.47747448,2090102.0765304565,-0.631716,-0.025954215
121254,Adam Davies,Goalkeeper,33.86173853524983,2026-05-28,12,2027-10-25,xgboost,200000,-0.3268719,134625.61964988708,-0.50584453,0.06167219
121324,John Egan,Centre-Back,33.60164271047228,2026-05-28,12,2027-10-25,xgboost,1000000,-0.4332982,566701.7996311188,-0.64496773,-0.03851829
123275,Tom Cairney,Central Midfield,35.36755646817249,2026-06-03,12,2027-10-31,xgboost,500000,-0.27297753,363511.23452186584,-0.6238147,0.006423038
123536,Simon Moore,Goalkeeper,36.04106776180698,2026-06-03,12,2027-10-31,xgboost,75000,-0.2897114,53271.64605259895,-0.516947,0.085151695
123682,Callum Wilson,Centre-Forward,34.26420260095825,2026-06-03,12,2027-10-31,xgboost,4000000,-0.5085634,1965746.4027404785,-0.6618636,-0.10693387
124884,Marco Bizot,Goalkeeper,35.233401779603014,2026-06-03,12,2027-10-31,xgboost,1500000,-0.3866999,919950.1723051071,-0.6400029,-0.06744108
126600,Kenny McLean,Central Midfield,34.38466803559206,2026-05-28,12,2027-10-25,xgboost,400000,-0.35813132,256747.47228622437,-0.615156,-0.028601702
126664,Lucas Digne,Left-Back,32.87063655030801,2026-06-03,12,2027-10-31,xgboost,6000000,-0.47949088,3123054.7428131104,-0.62627715,-0.119253926
126665,Idrissa Gueye,Defensive Midfield,36.68446269678302,2026-06-03,12,2027-10-31,xgboost,500000,-0.23040524,384797.3793745041,-0.5584567,0.01778029
127181,Benjamin Lecomte,Goalkeeper,35.1047227926078,2026-06-03,12,2027-10-31,xgboost,800000,-0.46125647,430994.8205947876,-0.62744254,0.0012864971
127202,Matz Sels,Goalkeeper,34.26694045174538,2026-06-03,12,2027-10-31,xgboost,3500000,-0.46734765,1864283.2189798355,-0.6135789,-0.0870118
130164,Jordan Pickford,Goalkeeper,32.24093086926762,2026-06-03,12,2027-10-31,xgboost,13000000,-0.41804403,7565427.601337433,-0.59103245,-0.089222565
131978,Ross Barkley,Central Midfield,32.492813141683776,2026-06-03,12,2027-10-31,xgboost,4000000,-0.43377227,2264910.936355591,-0.63684875,-0.09442652
131996,Bertrand Traoré,Right Winger,30.740588637919235,2026-06-03,12,2027-10-31,xgboost,4000000,-0.3329783,2668086.7671966553,-0.5861888,0.016532378
134270,Dan Burn,Centre-Back,34.06707734428473,2026-06-03,12,2027-10-31,xgboost,4000000,-0.54296577,1828136.920928955,-0.6321924,-0.090165935
134294,Danny Ings,Centre-Forward,33.36344969199179,2025-12-03,12,2027-05-02,xgboost,3500000,-0.46096662,1886616.8409585953,-0.65396136,-0.06746251
134425,Raheem Sterling,Right Winger,31.003422313483917,2025-12-09,12,2027-05-08,xgboost,5000000,-0.33778468,3311076.6112804413,-0.60294926,0.05041172
135343,Fabian Schär,Centre-Back,34.45311430527036,2026-06-03,12,2027-10-31,xgboost,4000000,-0.53848493,1846060.2760314941,-0.6476127,-0.10505423
136401,Daniel Bentley,Goalkeeper,32.889801505817935,2026-06-03,12,2027-10-31,xgboost,800000,-0.4313407,454927.4444580078,-0.64473474,-0.019599015
139208,Virgil van Dijk,Centre-Back,34.90485968514716,2026-06-03,12,2027-10-31,xgboost,15000000,-0.49834225,7524866.312742233,-0.6050216,-0.14950383
141573,George Saville,Central Midfield,32.94455852156057,2026-05-12,12,2027-10-09,xgboost,700000,-0.43530452,395286.8342399597,-0.5887477,-0.041072603
142310,Willy Boly,Centre-Back,35.32922655715264,2026-06-03,12,2027-10-31,xgboost,300000,-0.23900571,228298.28560352325,-0.5339689,0.027153699
142389,Mark Gillespie,Goalkeeper,34.18480492813142,2026-06-03,12,2027-10-31,xgboost,100000,-0.22364499,77635.50132513046,-0.5502841,0.08295936
144028,Leandro Trossard,Left Winger,31.496235455167692,2026-06-03,12,2027-10-31,xgboost,18000000,-0.46067882,9707781.314849854,-0.6023897,-0.107595764
146310,Wataru Endo,Defensive Midfield,33.31143052703628,2026-06-03,12,2027-10-31,xgboost,4000000,-0.49671394,2013144.2546844482,-0.6386167,-0.103261225
146509,Conor Townsend,Left-Back,32.7501711156742,2025-12-03,12,2027-05-02,xgboost,500000,-0.16726775,416366.1226630211,-0.48882025,0.0063640093
146795,Ryan Fraser,Left Winger,31.772758384668034,2025-12-03,12,2027-05-02,xgboost,1800000,-0.4833192,930025.452375412,-0.66612166,-0.081910945
147043,Michael Frey,Centre-Forward,31.37577002053388,2025-12-03,12,2027-05-02,xgboost,700000,-0.36085954,447398.3198404312,-0.5878368,0.07145173
148153,Lewis Dunk,Centre-Back,34.53251197809719,2026-06-03,12,2027-10-31,xgboost,3500000,-0.4972984,1759455.6361436844,-0.64257073,-0.0955895
148367,Christian Nørgaard,Defensive Midfield,32.23271731690623,2026-06-03,12,2027-10-31,xgboost,5000000,-0.47611612,2619419.3959236145,-0.63999873,-0.10721983
148455,Mohamed Salah,Right Winger,33.96577686516085,2026-06-03,12,2027-10-31,xgboost,22000000,-0.55640763,9759032.130241394,-0.63826174,-0.15425275
156941,John Lundstram,Defensive Midfield,31.789185489390828,2025-12-03,12,2027-05-02,xgboost,2000000,-0.42229885,1155402.3027420044,-0.6395359,0.0014657612
157506,Jeffrey Schlupp,Left Midfield,32.94455852156057,2025-12-03,12,2027-05-02,xgboost,2000000,-0.445002,1109996.0207939148,-0.6475933,-0.06432239
163744,Jack Stephens,Centre-Back,31.849418206707735,2025-12-03,12,2027-05-02,xgboost,1200000,-0.35066348,779203.8202285767,-0.6632071,-0.06109129
167268,Paddy McNair,Centre-Back,31.085557837097877,2026-05-28,12,2027-10-25,xgboost,1500000,-0.34995922,975061.1633062363,-0.6048429,-0.0093526505
171679,Matt Doherty,Right-Back,34.379192334017795,2026-06-03,12,2027-10-31,xgboost,1000000,-0.48508847,514911.5324020386,-0.65876156,-0.038438495
173504,James Tarkowski,Centre-Back,33.53593429158111,2026-06-03,12,2027-10-31,xgboost,5000000,-0.45095238,2745238.095521927,-0.61043864,-0.105935276
177476,Nathan Aké,Centre-Back,31.288158795345655,2026-06-03,12,2027-10-31,xgboost,12000000,-0.44433933,6667927.980422974,-0.6093558,-0.11254644
177907,Harry Maguire,Centre-Back,33.24572210814511,2026-06-03,12,2027-10-31,xgboost,8000000,-0.48227298,4141816.1392211914,-0.63388395,-0.14602742
181380,Arthur Masuaku,Left-Back,32.087611225188226,2025-12-09,12,2027-05-08,xgboost,2500000,-0.41587698,1460307.538509369,-0.64916223,-0.062722914
181579,James Ward-Prowse,Central Midfield,31.586584531143053,2026-06-03,12,2027-10-31,xgboost,5000000,-0.5233154,2383422.8515625,-0.6667426,-0.1066204
183288,Luke Shaw,Left-Back,30.89390828199863,2026-06-03,12,2027-10-31,xgboost,8000000,-0.4126781,4698575.258255005,-0.5948588,-0.07852053
183318,Jamaal Lascelles,Centre-Back,32.0766598220397,2025-12-09,12,2027-05-08,xgboost,2000000,-0.41853255,1162934.8993301392,-0.63853127,-0.05133319
184528,Emil Krafth,Right-Back,31.835728952772072,2026-06-03,12,2027-10-31,xgboost,750000,-0.3962432,452817.5890445709,-0.61882985,-0.039113846
184573,Victor Lindelöf,Centre-Back,31.87953456536619,2026-06-03,12,2027-10-31,xgboost,5000000,-0.45890972,2705451.399087906,-0.65554774,-0.10076357
186186,Bobby De Cordova-Reid,Attacking Midfield,33.31416837782341,2026-05-28,12,2027-10-25,xgboost,700000,-0.41529995,409290.0335788727,-0.63748187,-0.013943852
186590,John Stones,Centre-Back,32.016427104722794,2026-06-03,12,2027-10-31,xgboost,12000000,-0.5164,5803200.244903564,-0.6417621,-0.14641637
188077,Ryan Christie,Central Midfield,31.277207392197127,2026-06-03,12,2027-10-31,xgboost,8000000,-0.44303915,4455686.807632446,-0.5988543,-0.08936913
192080,Nick Pope,Goalkeeper,34.12183436002738,2026-06-03,12,2027-10-31,xgboost,5000000,-0.5085712,2457143.9623832703,-0.6260892,-0.035825163
192279,Kepa Arrizabalaga,Goalkeeper,31.665982203969882,2026-06-03,12,2027-10-31,xgboost,5000000,-0.4271032,2864484.041929245,-0.62771624,-0.030367738
192765,Ben Davies,Centre-Back,33.1088295687885,2026-06-03,12,2027-10-31,xgboost,3000000,-0.5222419,1433274.3287086487,-0.6492794,-0.10422771
193116,John McGinn,Central Midfield,31.6249144421629,2026-06-03,12,2027-10-31,xgboost,13000000,-0.46031883,7015855.1633358,-0.6170668,-0.12620659
194386,Alex Cairns,Goalkeeper,33.40999315537303,2026-06-03,12,2027-10-31,xgboost,50000,-0.0142382365,49288.08817639947,-0.49563107,0.20863302
195633,Charlie Taylor,Left-Back,32.20807665982204,2025-12-03,12,2027-05-02,xgboost,2000000,-0.5460444,907911.1814498901,-0.6676013,-0.08945841
196722,Remi Matthews,Goalkeeper,32.309377138945926,2026-06-03,12,2027-10-31,xgboost,200000,-0.19756548,160486.90378665924,-0.52275217,0.15314029
197642,Chuba Akpom,Centre-Forward,30.151950718685832,2025-12-03,12,2027-05-02,xgboost,6000000,-0.2686469,4388118.624687195,-0.587354,0.25039396
199527,Jacob Murphy,Right Winger,31.27173169062286,2026-06-03,12,2027-10-31,xgboost,12000000,-0.43629864,6764416.337013245,-0.5932312,-0.0010640465
201574,Angus Gunn,Goalkeeper,30.362765229295004,2026-06-03,12,2027-10-31,xgboost,1000000,-0.24446128,755538.7169122696,-0.5525753,0.16872953
203460,Jack Grealish,Left Winger,30.729637234770706,2026-06-03,12,2027-10-31,xgboost,20000000,-0.47016582,10596683.621406555,-0.6157642,-0.061279286
203853,Oleksandr Zinchenko,Left-Back,28.982888432580424,2025-12-09,12,2027-05-08,xgboost,15000000,-0.3771852,9342222.064733505,-0.584267,0.11919883
204103,Adama Traoré,Right Winger,30.354551676933607,2026-06-03,12,2027-10-31,xgboost,6000000,-0.43424258,3394544.541835785,-0.593107,0.024835002
206040,Raúl Jiménez,Centre-Forward,35.08008213552361,2026-06-03,12,2027-10-31,xgboost,3000000,-0.46508053,1604758.4116458893,-0.6255613,-0.09985399
206225,Isaac Hayden,Defensive Midfield,31.184120465434635,2026-05-28,12,2027-10-25,xgboost,400000,-0.25691846,297232.6159477234,-0.5063841,0.06371725
206746,Kenny Tete,Right-Back,30.650239561943874,2026-06-03,12,2027-10-31,xgboost,8000000,-0.3938569,4849144.697189331,-0.5720358,-0.045926888
207014,Will Hughes,Central Midfield,31.129363449691994,2026-06-03,12,2027-10-31,xgboost,5000000,-0.42325515,2883724.272251129,-0.6110916,-0.07385854
209212,Solly March,Right Winger,31.871321013004792,2026-06-03,12,2027-10-31,xgboost,1000000,-0.4140625,585937.5,-0.62119585,-0.020742593
212847,Adam Webster,Centre-Back,31.411362080766597,2026-06-03,12,2027-10-31,xgboost,3000000,-0.42410392,1727688.2529258728,-0.62797374,-0.072408
214666,Connor Roberts,Right-Back,30.694045174537987,2026-06-03,12,2027-10-31,xgboost,1500000,-0.33287257,1000691.145658493,-0.5926374,0.015668685
215810,Tom King,Goalkeeper,31.236139630390145,2026-06-03,12,2027-10-31,xgboost,100000,-0.12365804,87634.1961324215,-0.48833528,0.18252017
215876,Ricardo Pereira,Right-Back,32.158795345653665,2025-12-03,12,2027-05-02,xgboost,3000000,-0.419399,1741803.0202388763,-0.6360226,-0.09947825
226049,Freddie Woodman,Goalkeeper,29.248459958932237,2026-06-03,12,2027-10-31,xgboost,3000000,-0.0009260764,2997221.770870965,-0.4916609,0.4189154
226973,Harrison Reed,Central Midfield,31.34839151266256,2026-06-03,12,2027-10-31,xgboost,2000000,-0.4467607,1106478.5718917847,-0.6301692,-0.05988784
234803,Andrew Robertson,Left-Back,32.2299794661191,2026-06-03,12,2027-10-31,xgboost,7000000,-0.4809237,3633534.014225006,-0.6341033,-0.12083713
236490,Ola Aina,Right-Back,29.650924024640656,2026-06-03,12,2027-10-31,xgboost,18000000,-0.40042204,10792403.34033966,-0.5455123,0.014574612
236953,Sam Byram,Left-Back,32.71184120465435,2026-06-03,12,2027-10-31,xgboost,400000,-0.34933737,260265.052318573,-0.53040147,-0.012895192
240306,Bruno Fernandes,Attacking Midfield,31.734428473648187,2026-06-03,12,2027-10-31,xgboost,35000000,-0.45454258,19091009.79566574,-0.5881241,-0.15530452
240692,Reinildo Mandava,Left-Back,32.36413415468857,2026-06-03,12,2027-10-31,xgboost,4000000,-0.44189832,2232406.735420227,-0.6154708,-0.0669715
241481,Jaïro Riedewald,Defensive Midfield,29.232032854209447,2025-12-03,12,2027-05-02,xgboost,1200000,-0.23436414,918763.0355358124,-0.5283453,0.3363624
241641,Bernardo Silva,Attacking Midfield,31.813826146475016,2026-06-03,12,2027-10-31,xgboost,22000000,-0.46074024,11863714.754581451,-0.6163323,-0.14084688
242606,Josh Cullen,Central Midfield,30.154688569472963,2026-06-03,12,2027-10-31,xgboost,4000000,-0.3112659,2754936.456680298,-0.58258504,0.09273609
242631,Alex Iwobi,Left Winger,30.083504449007528,2026-06-03,12,2027-10-31,xgboost,20000000,-0.36639243,12672151.327133179,-0.55475366,-0.02326958
243591,Lawrence Vigouroux,Goalkeeper,32.5201916495551,2026-05-28,12,2027-10-25,xgboost,450000,-0.20907775,355915.0144457817,-0.48784333,0.20461917
245056,Saša Lukić,Central Midfield,29.804243668720055,2026-06-03,12,2027-10-31,xgboost,10000000,-0.34738037,6526196.300983429,-0.5670867,0.014334976
249089,Lewis Cook,Central Midfield,29.32785763175907,2026-06-03,12,2027-10-31,xgboost,11000000,-0.44125324,6146214.306354523,-0.61053795,0.0489444
249126,Harry Winks,Defensive Midfield,29.83436002737851,2025-12-03,12,2027-05-02,xgboost,7000000,-0.38019222,4338654.458522797,-0.58054173,0.032309126
249565,Youri Tielemans,Central Midfield,29.073237508555785,2026-06-03,12,2027-10-31,xgboost,30000000,-0.38241386,18527584.075927734,-0.56467736,0.05966977
249994,José Sá,Goalkeeper,33.374401095140314,2026-06-03,12,2027-10-31,xgboost,3500000,-0.5151675,1696913.8383865356,-0.6455978,-0.080893904
250426,Adam Armstrong,Centre-Forward,29.308692676249144,2026-06-03,12,2027-10-31,xgboost,6000000,-0.42001975,3479881.525039673,-0.6000634,0.14086524
250478,Matt Targett,Left-Back,30.691307323750856,2026-05-28,12,2027-10-25,xgboost,3000000,-0.4251215,1724635.5414390564,-0.59980476,-0.0022005711
251106,Enes Ünal,Centre-Forward,29.065023956194388,2026-06-03,12,2027-10-31,xgboost,7000000,-0.29842228,4911044.061183929,-0.5667682,0.20478798
251912,Semi Ajayi,Centre-Back,32.54757015742642,2026-05-28,12,2027-10-25,xgboost,700000,-0.41444913,409885.6121301651,-0.63947356,-0.037754115
253677,Tyrone Mings,Centre-Back,33.223819301848046,2026-06-03,12,2027-10-31,xgboost,3000000,-0.42119768,1736406.9521427155,-0.6351454,-0.1033002
255788,Cameron Burgess,Centre-Back,30.600958247775495,2026-05-28,12,2027-10-25,xgboost,1500000,-0.30737692,1038934.6182346344,-0.5750886,0.03857202
256178,Joe Gomez,Centre-Back,29.02943189596167,2026-06-03,12,2027-10-31,xgboost,13000000,-0.44467664,7219203.71055603,-0.6087622,0.05712199
257455,João Palhinha,Defensive Midfield,30.902121834360027,2026-06-03,12,2027-10-31,xgboost,15000000,-0.46067607,8089858.889579773,-0.6027812,-0.044873483
258004,Rúben Dias,Centre-Back,29.05407255304586,2026-06-03,12,2027-10-31,xgboost,55000000,-0.32516533,37115906.77499771,-0.53729814,-0.029785767
258216,Kasey Palmer,Attacking Midfield,29.503080082135522,2026-05-12,12,2027-10-09,xgboost,900000,-0.14265151,771613.6381030083,-0.48237935,0.4408755
258878,Tosin Adarabioyo,Centre-Back,28.689938398357288,2026-06-03,12,2027-10-31,xgboost,16000000,-0.33767727,10597163.677215576,-0.53432566,0.106720276
258889,Dominic Solanke,Centre-Forward,28.71731690622861,2026-06-03,12,2027-10-31,xgboost,28000000,-0.4091459,16543915.033340454,-0.57456905,0.060676694
258919,Dean Henderson,Goalkeeper,29.22655715263518,2026-06-03,12,2027-10-31,xgboost,28000000,-0.17073274,23219483.375549316,-0.41261914,0.24710411
260827,Joachim Andersen,Centre-Back,30.00684462696783,2026-06-03,12,2027-10-31,xgboost,20000000,-0.3504331,12991337.776184082,-0.5544183,-0.018848814
262226,Timothy Castagne,Right-Back,30.494182067077343,2026-06-03,12,2027-10-31,xgboost,8000000,-0.38588554,4912915.7066345215,-0.57134485,-0.0379681
262300,Ryan Manning,Left-Back,29.95208761122519,2026-05-28,12,2027-10-25,xgboost,2800000,-0.29823628,1964938.4140968323,-0.51156944,0.18235451
262749,David Raya,Goalkeeper,30.715947980835043,2026-06-03,12,2027-10-31,xgboost,30000000,-0.3356519,19930442.86966324,-0.5114263,-0.024876283
262980,Jefferson Lerma,Defensive Midfield,31.60574948665298,2026-06-03,12,2027-10-31,xgboost,6000000,-0.47237492,3165750.503540039,-0.65047395,-0.097456075
263236,Kevin Danso,Centre-Back,27.704312114989733,2026-06-03,12,2027-10-31,xgboost,20000000,-0.19903943,16019211.411476135,-0.44425416,0.3232542
270171,Vitaly Janelt,Defensive Midfield,28.06570841889117,2026-06-03,12,2027-10-31,xgboost,16000000,-0.27215648,11645496.368408203,-0.4923785,0.18391617
272622,Issa Diop,Centre-Back,29.39630390143737,2026-06-03,12,2027-10-31,xgboost,8000000,-0.39119858,4870411.396026611,-0.58475554,0.04249571
273742,Viktor Johansson,Goalkeeper,27.701574264202602,2026-05-28,12,2027-10-25,xgboost,12000000,-0.13273993,10407120.823860168,-0.37429768,0.51135993
277033,David Brooks,Right Winger,28.903490759753595,2026-06-03,12,2027-10-31,xgboost,12000000,-0.36021337,7677439.570426941,-0.5824305,0.09619069
279455,Harry Wilson,Right Winger,29.19917864476386,2026-06-03,12,2027-10-31,xgboost,25000000,-0.13663696,21584076.061844826,-0.41578618,0.1921636
282939,Luke O'Nien,Centre-Back,31.531827515400412,2026-06-03,12,2027-10-31,xgboost,700000,-0.25728536,519900.2504348755,-0.6124525,-0.0251285
283628,Tomáš Souček,Defensive Midfield,31.263518138261464,2026-06-03,12,2027-10-31,xgboost,10000000,-0.4592821,5407178.997993469,-0.603758,-0.105485424
284320,Dion Charles,Centre-Forward,30.595482546201232,2026-05-12,12,2027-10-09,xgboost,500000,-0.21680811,391595.9447622299,-0.47043318,0.13401386
284857,Marc Cucurella,Left-Back,27.865845311430526,2026-06-03,12,2027-10-31,xgboost,50000000,-0.21009195,39495402.574539185,-0.41418082,0.20086317
286047,Guglielmo Vicario,Goalkeeper,29.65366187542779,2026-06-03,12,2027-10-31,xgboost,18000000,-0.34768984,11741582.930088043,-0.5501089,0.040242765
288323,Marcus Harness,Attacking Midfield,29.754962354551676,2025-11-26,12,2027-04-25,xgboost,750000,-0.13705873,647205.9488296509,-0.4248746,0.3577892
292139,Sammie Szmodics,Attacking Midfield,30.193018480492814,2025-12-03,12,2027-05-02,xgboost,7000000,-0.34121785,4611475.080251694,-0.57685083,0.0058496585
292246,Hee-chan Hwang,Centre-Forward,30.351813826146476,2026-06-03,12,2027-10-31,xgboost,6000000,-0.41082323,3535060.6441497803,-0.6068175,0.0228211
292808,Wout Faes,Centre-Back,27.668720054757017,2025-12-03,12,2027-05-02,xgboost,12000000,-0.16952573,9965691.268444061,-0.50625324,0.32435605
293194,Borna Sosa,Left-Back,28.36413415468857,2026-06-03,12,2027-10-31,xgboost,3000000,-0.28311136,2150665.909051895,-0.50581145,0.26459348
293213,Amir Hadziahmetovic,Defensive Midfield,29.22108145106092,2026-05-28,12,2027-10-25,xgboost,4000000,-0.2496573,3001370.7876205444,-0.47552884,0.26093146
293281,Jacob Bruun Larsen,Left Winger,27.704312114989733,2026-06-03,12,2027-10-31,xgboost,4000000,-0.29183322,2832667.112350464,-0.52082604,0.35649532
294057,James Maddison,Attacking Midfield,29.52498288843258,2026-06-03,12,2027-10-31,xgboost,20000000,-0.4294837,11410325.765609741,-0.58757645,0.0013433095
295313,Taiwo Awoniyi,Centre-Forward,28.80766598220397,2026-06-03,12,2027-10-31,xgboost,8000000,-0.30470675,5562345.9815979,-0.5578733,0.16944927
296582,Max O'Leary,Goalkeeper,29.6290212183436,2026-05-28,12,2027-10-25,xgboost,2000000,0.060904864,2121809.7284436226,-0.45846578,0.52953166
296802,Walter Benítez,Goalkeeper,33.36892539356605,2026-06-03,12,2027-10-31,xgboost,4000000,-0.48830208,2046791.672706604,-0.65191257,-0.05721653
296978,Liam Cullen,Attacking Midfield,27.096509240246405,2026-05-28,12,2027-10-25,xgboost,3200000,0.14518727,3664599.2755889893,-0.26551506,0.6860331
297212,Joe Rodon,Centre-Back,28.61327857631759,2026-06-03,12,2027-10-31,xgboost,18000000,-0.038192168,17312540.978193283,-0.31429127,0.33334443
297257,Mikey Johnston,Left Winger,27.107460643394933,2026-05-28,12,2027-10-25,xgboost,4000000,-0.05093701,3796251.952648163,-0.37014467,0.64678586
298091,Harry Souttar,Centre-Back,27.11567419575633,2025-12-03,12,2027-05-02,xgboost,6000000,-0.15563573,5066185.623407364,-0.4861105,0.46264312
298477,Oli McBurnie,Centre-Forward,29.49760438056126,2025-12-03,12,2027-05-02,xgboost,2500000,-0.29049042,1773773.953318596,-0.56952786,0.22009775
306024,Dominic Calvert-Lewin,Centre-Forward,29.215605749486652,2026-06-03,12,2027-10-31,xgboost,22000000,-0.2021337,17553058.594465256,-0.4664191,0.16052207
309400,Kai Havertz,Centre-Forward,26.978781656399725,2026-06-03,12,2027-10-31,xgboost,55000000,-0.08038025,50579086.05784178,-0.3472409,0.2662726
314241,Josh Laurent,Central Midfield,31.077344284736483,2026-06-03,12,2027-10-31,xgboost,1500000,-0.29059806,1064102.903008461,-0.5976412,-0.0077053085
314288,Lukas Nmecha,Centre-Forward,27.468856947296374,2026-06-03,12,2027-10-31,xgboost,10000000,-0.06629952,9337004.79567051,-0.38772377,0.5509599
314367,Marcus Edwards,Right Winger,27.498973305954827,2026-06-03,12,2027-10-31,xgboost,6000000,-0.28257856,4304528.653621674,-0.52834636,0.3398266
314875,Jarrod Bowen,Right Winger,29.451060917180012,2026-06-03,12,2027-10-31,xgboost,30000000,-0.36973968,18907809.555530548,-0.5694519,0.02319808
315145,Azor Matusiwa,Defensive Midfield,27.600273785078713,2025-12-03,12,2027-05-02,xgboost,11000000,-0.14028846,9456826.969981194,-0.41755983,0.5396585
315858,Gianluigi Donnarumma,Goalkeeper,27.26899383983573,2026-06-03,12,2027-10-31,xgboost,45000000,-0.1299361,39152875.542640686,-0.33661562,0.3623636
316264,Martin Ødegaard,Attacking Midfield,27.460643394934976,2026-06-03,12,2027-10-31,xgboost,65000000,-0.18065256,53257583.67776871,-0.45358685,0.2618341
318508,Olivier Boscagli,Centre-Back,28.539356605065024,2026-06-03,12,2027-10-31,xgboost,15000000,-0.22190754,11671386.882662773,-0.46859044,0.19227113
319301,Daniel James,Right Winger,28.56125941136208,2026-06-03,12,2027-10-31,xgboost,10000000,-0.3662824,6337175.965309143,-0.5709633,0.10434441
319859,Mathias Jensen,Central Midfield,30.420260095824776,2026-06-03,12,2027-10-31,xgboost,10000000,-0.3503235,6496765.01750946,-0.5525162,-0.039479434
321247,Emiliano Buendía,Left Winger,29.437371663244353,2026-06-03,12,2027-10-31,xgboost,16000000,-0.3683994,10105609.41696167,-0.57310313,0.056399185
324358,Ollie Watkins,Centre-Forward,30.425735797399042,2026-06-03,12,2027-10-31,xgboost,25000000,-0.37424538,15643865.61512947,-0.5599917,-0.057384677
325443,Viktor Gyökeres,Centre-Forward,27.99726214921287,2026-06-03,12,2027-10-31,xgboost,65000000,-0.17361566,53714981.82415962,-0.40896752,0.13803999
326029,Donyell Malen,Centre-Forward,26.888432580424368,2025-12-09,12,2027-05-08,xgboost,25000000,-0.07816496,23045876.063406467,-0.36307436,0.3916786
326031,Matthijs de Ligt,Centre-Back,26.809034907597535,2026-06-03,12,2027-10-31,xgboost,30000000,-0.2618617,22144148.647785187,-0.51543474,0.24198914
328658,Kristoffer Ajer,Centre-Back,28.128678986995208,2026-06-03,12,2027-10-31,xgboost,18000000,-0.14536878,15383361.876010895,-0.4162224,0.2730504
330659,Justin Kluivert,Attacking Midfield,27.080082135523615,2026-06-03,12,2027-10-31,xgboost,25000000,-0.2222127,19444682.4491024,-0.4974355,0.29392534
331726,Tammy Abraham,Centre-Forward,28.66803559206023,2026-06-03,12,2027-10-31,xgboost,18000000,-0.31700504,12293909.311294556,-0.5429069,0.07285922
332705,Tyler Adams,Defensive Midfield,27.299110198494184,2026-06-03,12,2027-10-31,xgboost,25000000,-0.11920639,22019840.218126774,-0.36991486,0.3901257
333014,Sander Berge,Defensive Midfield,28.298425735797398,2026-06-03,12,2027-10-31,xgboost,25000000,-0.16896786,20775803.551077843,-0.3960732,0.23171523
333241,Joelinton,Central Midfield,29.801505817932924,2026-06-03,12,2027-10-31,xgboost,25000000,-0.39193213,15201696.753501892,-0.56252897,-0.012158352
335721,Ben White,Right-Back,28.65160848733744,2026-06-03,12,2027-10-31,xgboost,30000000,-0.29836187,21049143.970012665,-0.50255275,0.14367783
336077,Altay Bayındır,Goalkeeper,28.136892539356605,2026-06-03,12,2027-10-31,xgboost,5000000,-0.26135644,3693217.784166336,-0.53144705,0.27453044
338424,Mikel Merino,Central Midfield,29.946611909650922,2026-06-03,12,2027-10-31,xgboost,25000000,-0.40336925,14915768.802165985,-0.58326524,-0.029250521
338629,Sebastiaan Bornauw,Centre-Back,27.200547570157426,2026-06-03,12,2027-10-31,xgboost,8000000,-0.08075323,7353974.163532257,-0.3846707,0.5270585
338635,Hannes Delcroix,Centre-Back,26.77891854893908,2025-12-09,12,2027-05-08,xgboost,2500000,-0.050701104,2373247.239738703,-0.46290684,0.69394314
339340,Tyrell Malacia,Left-Back,26.795345653661876,2026-06-03,12,2027-10-31,xgboost,4000000,-0.20874831,3165006.7567825317,-0.51857996,0.37987277
339556,Rico Henry,Left-Back,28.903490759753595,2026-06-03,12,2027-10-31,xgboost,13000000,-0.4214992,7520510.494709015,-0.6077675,0.090693414
340310,Marc Bola,Left-Back,27.983572895277206,2025-12-03,12,2027-05-02,xgboost,1500000,-0.01734547,1473981.7958325148,-0.4036623,0.5888367
340321,Josh Dasilva,Central Midfield,27.61122518822724,2026-06-03,12,2027-10-31,xgboost,1500000,-0.10791331,1338130.0382316113,-0.5104788,0.59323364
340324,Eddie Nketiah,Centre-Forward,27.01163586584531,2026-06-03,12,2027-10-31,xgboost,10000000,-0.191657,8083429.932594299,-0.5214611,0.29226387
340325,Reiss Nelson,Left Winger,26.480492813141684,2026-06-03,12,2027-10-31,xgboost,8000000,-0.23287216,6137022.7336883545,-0.52803564,0.36224568
340328,Stephy Mavididi,Left Winger,27.509924709103355,2025-12-03,12,2027-05-02,xgboost,8000000,-0.1730036,6615971.207618713,-0.50447303,0.38090056
340329,Joe Willock,Central Midfield,26.78713210130048,2026-06-03,12,2027-10-31,xgboost,14000000,-0.25492647,10431029.379367828,-0.51454365,0.27045
340456,Noussair Mazraoui,Right-Back,28.550308008213552,2026-06-03,12,2027-10-31,xgboost,18000000,-0.3471076,11752063.393592834,-0.5460615,0.07221068
340918,Caoimhín Kelleher,Goalkeeper,27.526351813826146,2026-06-03,12,2027-10-31,xgboost,28000000,-0.011568219,27676089.856773615,-0.21985619,0.40310544
340990,Alfie Jones,Centre-Back,28.637919233401778,2026-05-28,12,2027-10-25,xgboost,6000000,-0.15131837,5092089.772224426,-0.4478877,0.43045178
341051,Kyle Walker-Peters,Right-Back,29.138945927446954,2026-06-03,12,2027-10-31,xgboost,12000000,-0.4209911,6948106.88495636,-0.5794762,0.05565219
341092,Federico Chiesa,Right Winger,28.605065023956193,2026-06-03,12,2027-10-31,xgboost,13000000,-0.35726696,8355529.487133026,-0.5511273,0.07640413
341501,Hamza Choudhury,Defensive Midfield,28.654346338124572,2026-05-28,12,2027-10-25,xgboost,4000000,-0.36168748,2553250.0743865967,-0.5795946,0.19178984
342046,Axel Tuanzebe,Centre-Back,28.550308008213552,2026-06-03,12,2027-10-31,xgboost,5000000,-0.26000708,3699964.5829200745,-0.5173323,0.28477353
342385,Guido Rodríguez,Defensive Midfield,31.66050650239562,2025-12-09,12,2027-05-08,xgboost,6000000,-0.4690879,3185472.60761261,-0.6411894,-0.08616645
343475,Ben Godfrey,Centre-Back,27.88227241615332,2025-12-03,12,2027-05-02,xgboost,5500000,-0.2701823,4013997.2865581512,-0.5093966,0.28223586
344069,Anton Stach,Defensive Midfield,27.548254620123203,2026-06-03,12,2027-10-31,xgboost,28000000,-0.0014855068,27958405.810408294,-0.2534314,0.3957987
345911,Ladislav Krejci,Centre-Back,27.121149897330596,2026-06-03,12,2027-10-31,xgboost,22000000,-0.22700505,17005888.909101486,-0.39409477,0.40314648
346314,Trevoh Chalobah,Centre-Back,26.913073237508556,2026-06-03,12,2027-10-31,xgboost,40000000,-0.12413499,35034600.496292114,-0.32806608,0.4067348
346483,Mason Mount,Attacking Midfield,27.394934976043807,2026-06-03,12,2027-10-31,xgboost,25000000,-0.22382826,19404293.596744537,-0.51136225,0.24159984
346707,Sean Longstaff,Central Midfield,28.591375770020534,2026-06-03,12,2027-10-31,xgboost,15000000,-0.30239403,10464089.512825012,-0.50431025,0.094994105
346890,Noah Okafor,Left Winger,26.026009582477755,2026-06-03,12,2027-10-31,xgboost,25000000,0.11492346,27873086.55679226,-0.25857142,0.7050212
348026,Nordi Mukiele,Right-Back,28.58590006844627,2026-06-03,12,2027-10-31,xgboost,16000000,-0.22942562,12329190.015792847,-0.46937928,0.09163832
349066,Alexander Isak,Centre-Forward,26.699520876112253,2026-06-03,12,2027-10-31,xgboost,85000000,-0.31352046,58350760.78772545,-0.5117827,0.1277945
349701,Antonee Robinson,Left-Back,28.8186173853525,2026-06-03,12,2027-10-31,xgboost,22000000,-0.3549452,14191205.322742462,-0.5488596,0.08875828
351749,Kalvin Phillips,Defensive Midfield,30.48596851471595,2026-05-28,12,2027-10-25,xgboost,2500000,-0.35077682,1623057.946562767,-0.59537727,0.064681806
352041,Lucas Perri,Goalkeeper,28.479123887748116,2026-06-03,12,2027-10-31,xgboost,10000000,-0.28304347,7169565.260410309,-0.54460233,0.124559924
353032,Omar Alderete,Centre-Back,29.43463381245722,2026-06-03,12,2027-10-31,xgboost,13000000,-0.27819097,9383517.384529114,-0.5031532,0.057778675
353775,David Akintola,Right Winger,29.88911704312115,2025-12-03,12,2027-05-02,xgboost,1200000,0.012399746,1214879.6953260899,-0.44495806,0.533463
354362,Rodrigo Bentancur,Defensive Midfield,28.93908281998631,2026-06-03,12,2027-10-31,xgboost,20000000,-0.3746845,12506309.747695923,-0.5533767,0.037850574
355915,Cristian Romero,Centre-Back,28.10130047912389,2026-06-03,12,2027-10-31,xgboost,45000000,-0.31216514,30952568.650245667,-0.50614583,0.06904354
356141,Daichi Kamada,Attacking Midfield,29.82614647501711,2026-06-03,12,2027-10-31,xgboost,10000000,-0.37116563,6288343.667984009,-0.5639502,0.0069555463
357119,Ibrahima Konaté,Centre-Back,27.025325119780973,2026-06-03,12,2027-10-31,xgboost,45000000,-0.22723219,34774551.540613174,-0.43764833,0.15241191
357147,Diogo Dalot,Right-Back,27.211498973305954,2026-06-03,12,2027-10-31,xgboost,30000000,-0.12232911,26330126.747488976,-0.39421684,0.3677848
357162,Florentino,Defensive Midfield,26.78986995208761,2026-06-03,12,2027-10-31,xgboost,16000000,-0.23733602,12202623.60572815,-0.49970022,0.28600132
357565,Rodri,Defensive Midfield,29.946611909650922,2026-06-03,12,2027-10-31,xgboost,50000000,-0.39119232,30440384.14955139,-0.58129245,-0.078805454
357656,Jayson Molumby,Central Midfield,26.809034907597535,2026-05-28,12,2027-10-25,xgboost,3500000,0.10834711,3879214.8865759373,-0.26129597,0.7270495
357658,Mark Travers,Goalkeeper,27.044490075290895,2026-06-03,12,2027-10-31,xgboost,3000000,-0.18394996,2448150.113224983,-0.4770635,0.47956744
357662,Declan Rice,Central Midfield,27.38398357289528,2026-06-03,12,2027-10-31,xgboost,120000000,-0.13927576,103286908.86497498,-0.34741235,0.31166998
359199,Andy Fisher,Goalkeeper,27.805612594113622,2025-12-03,12,2027-05-02,xgboost,600000,-0.043030478,574181.7131638527,-0.39837492,0.76901776
361093,Sven Botman,Centre-Back,26.390143737166323,2026-06-03,12,2027-10-31,xgboost,35000000,-0.16207068,29327526.316046715,-0.42262357,0.33134544
362108,Gabriel Gudmundsson,Left-Back,27.096509240246405,2026-06-03,12,2027-10-31,xgboost,20000000,-0.05975503,18804899.379611015,-0.33497173,0.40242335
363205,Gabriel Jesus,Centre-Forward,29.166324435318277,2026-06-03,12,2027-10-31,xgboost,17000000,-0.41996107,9860661.894083023,-0.5646298,0.021196274
363901,Nik Tzanev,Goalkeeper,29.38261464750171,2026-05-12,12,2027-10-09,xgboost,100000,0.5086228,150862.28251457214,-0.38394415,0.9419807
365108,Dan Ndoye,Right Winger,25.60438056125941,2026-06-03,12,2027-10-31,xgboost,32000000,-0.19685762,25700556.27822876,-0.48174125,0.37898332
369316,Ferdi Kadıoğlu,Left-Back,26.65571526351814,2026-06-03,12,2027-10-31,xgboost,35000000,-0.022815282,34201465.1466161,-0.22479764,0.4312036
369962,Joël Piroe,Centre-Forward,26.836413415468858,2026-06-03,12,2027-10-31,xgboost,10000000,-0.24161825,7583817.541599274,-0.5242749,0.3052673
371013,Ivor Pandur,Goalkeeper,26.17385352498289,2026-05-28,12,2027-10-25,xgboost,4500000,0.24537241,5604175.865650177,-0.2407074,0.9010291
371851,Jaka Bijol,Centre-Back,27.32375085557837,2026-06-03,12,2027-10-31,xgboost,20000000,-0.015378872,19692422.561347485,-0.26958126,0.4123463
375885,Ibrahim Sangaré,Defensive Midfield,28.501026694045173,2026-06-03,12,2027-10-31,xgboost,20000000,-0.3277452,13445096.015930176,-0.5270839,0.070971206
378710,Richarlison,Centre-Forward,29.065023956194388,2026-06-03,12,2027-10-31,xgboost,25000000,-0.37723964,15569008.886814117,-0.56147754,0.04015816
380350,Igor Julio,Centre-Back,28.317590691307323,2026-06-03,12,2027-10-31,xgboost,10000000,-0.341693,6583069.860935211,-0.56125164,0.13162453
380744,Egil Selvik,Goalkeeper,28.826830937713893,2026-05-28,12,2027-10-25,xgboost,1500000,0.040174555,1560261.832550168,-0.354333,0.67722887
381753,Ilia Gruev,Defensive Midfield,26.075290896646134,2026-06-03,12,2027-10-31,xgboost,12000000,-0.09357166,10877140.045166016,-0.36592746,0.4972467
381963,Mike Tresor,Attacking Midfield,27.017111567419576,2026-06-03,12,2027-10-31,xgboost,2000000,-0.2039954,1592009.18674469,-0.5169996,0.5270748
385848,George Edmundson,Centre-Back,28.301163586584533,2025-12-03,12,2027-05-02,xgboost,750000,0.076316714,807237.5357151031,-0.4037245,0.6344296
386047,Axel Disasi,Centre-Back,28.229979466119097,2026-06-03,12,2027-10-31,xgboost,15000000,-0.31983936,10202409.625053406,-0.50766087,0.22978923
387626,Leon Bailey,Right Winger,28.815879534565365,2026-06-03,12,2027-10-31,xgboost,14000000,-0.37876248,8697325.229644775,-0.5766829,0.08087747
388165,Yoane Wissa,Centre-Forward,29.746748802190282,2026-06-03,12,2027-10-31,xgboost,25000000,-0.41076693,14730826.765298843,-0.58261245,-0.015396467
391005,Mads Roerslev,Right-Back,26.926762491444215,2026-05-28,12,2027-10-25,xgboost,4000000,-0.23888871,3044445.1570510864,-0.509758,0.37160623
392179,Hjalmar Ekdal,Centre-Back,27.616700889801507,2026-06-03,12,2027-10-31,xgboost,5000000,-0.20532463,3973376.825451851,-0.51481384,0.37937096
392591,Chiedozie Ogbene,Right Winger,29.073237508555785,2026-05-28,12,2027-10-25,xgboost,4000000,-0.35580468,2576781.2728881836,-0.56995153,0.17276695
392757,Marc Guéhi,Centre-Back,25.88911704312115,2026-06-03,12,2027-10-31,xgboost,70000000,-0.053222336,66274436.4887476,-0.28432572,0.33975017
392763,Ian Poveda,Right Winger,25.831622176591377,2025-12-09,12,2027-05-08,xgboost,900000,0.044879727,940391.7543590069,-0.43251613,0.8140988
392765,Emile Smith Rowe,Attacking Midfield,25.848049281314168,2026-06-03,12,2027-10-31,xgboost,20000000,-0.19952844,16009431.183338165,-0.5004137,0.2670526
392768,Callum Hudson-Odoi,Left Winger,25.568788501026695,2026-06-03,12,2027-10-31,xgboost,30000000,-0.15446705,25365988.612174988,-0.4282885,0.49254143
392770,Angel Gomes,Attacking Midfield,25.754962354551676,2026-06-03,12,2027-10-31,xgboost,10000000,-0.3453346,6546654.105186462,-0.51312137,0.35301173
392771,Ethan Ampadu,Defensive Midfield,25.71663244353183,2026-06-03,12,2027-10-31,xgboost,30000000,0.06214758,31864427.402615547,-0.22503096,0.5642263
392775,Ryan Sessegnon,Left-Back,26.04243668720055,2026-06-03,12,2027-10-31,xgboost,22000000,-0.055251785,20784460.738301277,-0.3287269,0.42244673
393323,Brenden Aaronson,Attacking Midfield,25.61259411362081,2026-06-03,12,2027-10-31,xgboost,22000000,0.11162701,24455794.274806976,-0.24070667,0.68977135
393325,Josh Sargent,Centre-Forward,25.78507871321013,2025-12-03,12,2027-05-02,xgboost,20000000,-0.0051032617,19897934.766486287,-0.35412288,0.5149226
394327,Boubacar Kamara,Defensive Midfield,26.527036276522928,2026-06-03,12,2027-10-31,xgboost,40000000,-0.18701102,32519559.264183044,-0.36636338,0.41057083
396174,Jimmy Dunne,Right-Back,28.605065023956193,2026-05-28,12,2027-10-25,xgboost,5000000,-0.12348924,4382553.808391094,-0.45174637,0.4424423
397033,Sandro Tonali,Defensive Midfield,26.069815195071868,2026-06-03,12,2027-10-31,xgboost,80000000,-0.13419797,69264162.77885437,-0.35061714,0.3325579
398065,Harvey Barnes,Left Winger,28.48186173853525,2026-06-03,12,2027-10-31,xgboost,32000000,-0.21282844,25189489.84146118,-0.4454705,0.16504402
399262,Fraser Murray,Left Midfield,26.55715263518138,2025-11-26,12,2027-04-25,xgboost,400000,0.38515,554059.9942207336,-0.19010961,1.6672157
399434,Marcus Tavernier,Attacking Midfield,27.200547570157426,2026-06-03,12,2027-10-31,xgboost,25000000,0.033443492,25836087.29764819,-0.22746354,0.40006256
399776,Pau Torres,Centre-Back,29.377138945927445,2026-06-03,12,2027-10-31,xgboost,20000000,-0.3467341,13065317.869186401,-0.5567401,0.029497668
400536,Mads Hermansen,Goalkeeper,25.894592744695416,2026-06-03,12,2027-10-31,xgboost,15000000,-0.22784784,11582282.334566116,-0.45178226,0.3725809
401173,Jadon Sancho,Left Winger,26.190280629705683,2026-06-03,12,2027-10-31,xgboost,18000000,-0.2953249,12684151.947498322,-0.519138,0.29114664
401320,Dara O'Shea,Centre-Back,27.23340177960301,2026-05-28,12,2027-10-25,xgboost,16000000,-0.16817783,13309154.748916626,-0.36090344,0.36895433
401922,Samuel Chukwueze,Right Winger,27.033538672142367,2026-06-03,12,2027-10-31,xgboost,18000000,0.015519893,18279358.070343733,-0.27420285,0.5861388
403151,Robert Sánchez,Goalkeeper,28.539356605065024,2026-06-03,12,2027-10-31,xgboost,22000000,-0.1617307,18441924.452781677,-0.4090737,0.19588834
403898,Jordan Beyer,Centre-Back,26.039698836413415,2026-06-03,12,2027-10-31,xgboost,1500000,-0.08579833,1371302.504092455,-0.5226736,0.57554144
404842,Vitaliy Mykolenko,Left-Back,27.014373716632445,2026-06-03,12,2027-10-31,xgboost,25000000,-0.123119146,21922021.359205246,-0.36293152,0.34498078
406556,Tom McGill,Goalkeeper,26.190280629705683,2026-06-03,12,2027-10-31,xgboost,500000,0.16498913,582494.5643544197,-0.3784472,0.8999166
406634,Matt O'Riley,Central Midfield,25.530458590006845,2026-06-03,12,2027-10-31,xgboost,18000000,-0.1331136,15603955.328464508,-0.48079202,0.48591086
406635,Phil Foden,Attacking Midfield,26.015058179329227,2026-06-03,12,2027-10-31,xgboost,70000000,-0.25162905,52385966.181755066,-0.5041189,0.19000337
406638,Oliver Skipp,Defensive Midfield,25.21286789869952,2025-12-03,12,2027-05-02,xgboost,7000000,-0.11169197,6218156.233429909,-0.5113883,0.7489273
408872,Paul Smyth,Right Winger,28.711841204654345,2026-05-28,12,2027-10-25,xgboost,800000,0.1906219,952497.5180625916,-0.3570689,1.2856756
410225,Ismaïla Sarr,Right Winger,28.268309377138944,2026-06-03,12,2027-10-31,xgboost,40000000,-0.15334019,33866392.3740387,-0.3359952,0.21807532
410425,Yves Bissouma,Defensive Midfield,29.75770020533881,2026-06-03,12,2027-10-31,xgboost,10000000,-0.42534986,5746501.386165619,-0.58904743,-0.015773783
410708,Pascal Struijk,Centre-Back,26.811772758384667,2026-06-03,12,2027-10-31,xgboost,22000000,0.005318259,22117001.69555843,-0.31914347,0.44021633
411537,Zian Flemming,Centre-Forward,27.838466803559207,2026-06-03,12,2027-10-31,xgboost,12000000,-0.1739062,9913125.51498413,-0.44756958,0.3757387
412616,Giorgi Chakvetadze,Attacking Midfield,26.746064339493497,2026-05-28,12,2027-10-25,xgboost,3500000,-0.16029426,2938970.074057579,-0.44908127,0.42526236
413039,Bryan Mbeumo,Right Winger,26.822724161533195,2026-06-03,12,2027-10-31,xgboost,75000000,-0.18968673,60773495.212197304,-0.41338247,0.15696955
413220,James Justin,Right-Back,28.27378507871321,2026-06-03,12,2027-10-31,xgboost,12000000,-0.15672745,10119270.622730255,-0.46019503,0.21303733
413403,Ezri Konsa,Centre-Back,28.61054072553046,2026-06-03,12,2027-10-31,xgboost,40000000,-0.207988,31680480.241775513,-0.3957071,0.17300014
413507,Nikola Milenković,Centre-Back,28.640657084188913,2026-06-03,12,2027-10-31,xgboost,28000000,-0.29676846,19690483.21247101,-0.43436942,0.068462215
414908,Marshall Munetsi,Central Midfield,29.464750171115675,2025-12-09,12,2027-05-08,xgboost,12000000,-0.3606808,7671830.534934998,-0.56625754,0.037385922
415381,Mats Wieffer,Right-Back,26.546201232032853,2026-06-03,12,2027-10-31,xgboost,25000000,-0.12579936,21855016.05272293,-0.42274165,0.35986254
415912,Konstantinos Mavropanos,Centre-Back,28.476386036960985,2026-06-03,12,2027-10-31,xgboost,18000000,-0.19864917,14424314.975738525,-0.4259071,0.27549446
415970,Joe Worrall,Centre-Back,29.39356605065024,2026-06-03,12,2027-10-31,xgboost,2000000,-0.27695537,1446089.267730713,-0.57903713,0.23204002
417346,Jack Harrison,Left Winger,29.05133470225873,2025-12-09,12,2027-05-08,xgboost,10000000,-0.30126143,6987385.7498168945,-0.5694149,0.13829845
418560,Erling Haaland,Centre-Forward,25.867214236824093,2026-06-03,12,2027-10-31,xgboost,200000000,-0.09872599,180254802.10781097,-0.3282604,0.3299818
420002,Jean-Philippe Mateta,Centre-Forward,28.930869267624914,2026-06-03,12,2027-10-31,xgboost,30000000,-0.34120238,19763928.651809692,-0.52310866,0.06318967
420210,Lutsharel Geertruida,Right-Back,25.87542778918549,2026-06-03,12,2027-10-31,xgboost,20000000,-0.12114444,17577111.274003983,-0.36178795,0.4528621
420243,Jurriën Timber,Right-Back,24.960985626283367,2026-06-03,12,2027-10-31,xgboost,70000000,-0.09156468,63590472.56410122,-0.32925162,0.42627218
420808,George Hirst,Centre-Forward,27.279945242984258,2026-05-28,12,2027-10-25,xgboost,10000000,0.0034925824,10034925.823565573,-0.31003988,0.75341463
421637,Frank Onyeka,Central Midfield,27.93702943189596,2025-12-09,12,2027-05-08,xgboost,7000000,-0.22948076,5393634.69183445,-0.5235302,0.2793482
423440,Martín Zubimendi,Defensive Midfield,27.33196440793977,2026-06-03,12,2027-10-31,xgboost,75000000,-0.17180423,62114682.42108822,-0.40333602,0.14982006
424015,Nathan Patterson,Right-Back,24.629705681040384,2026-06-03,12,2027-10-31,xgboost,10000000,-0.08527954,9147204.607725143,-0.45890465,0.7579386
425334,Matty Cash,Right-Back,28.82135523613963,2026-06-03,12,2027-10-31,xgboost,22000000,-0.1973564,17658159.136772156,-0.42302132,0.1651357
425902,Ryan Yates,Central Midfield,28.531143052703626,2026-06-03,12,2027-10-31,xgboost,7000000,-0.35909295,4486349.34425354,-0.55524445,0.12678733
427568,Aaron Ramsdale,Goalkeeper,28.05475701574264,2026-06-03,12,2027-10-31,xgboost,12000000,-0.22276995,9326760.649681091,-0.46702513,0.31931397
428016,Brandon Austin,Goalkeeper,27.40041067761807,2026-06-03,12,2027-10-31,xgboost,500000,0.060505677,530252.8385072947,-0.3935701,0.83982974
428061,Riley McGree,Central Midfield,27.567419575633128,2026-05-28,12,2027-10-25,xgboost,3500000,0.1426117,3999140.940606594,-0.2652896,0.7567506
429014,Morgan Gibbs-White,Attacking Midfield,26.349075975359344,2026-06-03,12,2027-10-31,xgboost,70000000,0.021938665,71535706.53870702,-0.24864955,0.40304658
429070,Vladan Kovacevic,Goalkeeper,27.64681724845996,2025-12-03,12,2027-05-02,xgboost,2500000,0.074470766,2686176.9147217274,-0.36055312,1.0359346
429915,Maxim De Cuyper,Left-Back,25.44558521560575,2026-06-03,12,2027-10-31,xgboost,22000000,-0.075217195,20345221.71318531,-0.36117318,0.53494745
429983,Jørgen Strand Larsen,Centre-Forward,26.321697467488022,2026-06-03,12,2027-10-31,xgboost,40000000,-0.21351646,31459341.645240784,-0.44914296,0.16279374
430310,Andrew Irving,Central Midfield,25.574264202600958,2025-12-09,12,2027-05-08,xgboost,5000000,0.11203689,5560184.456408024,-0.3110072,1.0485488
431755,Dejan Kulusevski,Attacking Midfield,26.105407255304584,2026-06-03,12,2027-10-31,xgboost,17000000,-0.24689664,12802757.129073143,-0.52490616,0.2765453
432164,Igor Jesus,Centre-Forward,25.267624914442163,2026-06-03,12,2027-10-31,xgboost,25000000,0.12424775,28106193.80325079,-0.23970868,0.56294006
432914,John Victor,Goalkeeper,30.302532511978097,2026-06-03,12,2027-10-31,xgboost,5000000,-0.37054455,3147277.2359848022,-0.58316267,0.095235944
433177,Bukayo Saka,Right Winger,24.7419575633128,2026-06-03,12,2027-10-31,xgboost,110000000,-0.18305075,89864417.31452942,-0.43444532,0.32789028
433188,Curtis Jones,Central Midfield,25.338809034907598,2026-06-03,12,2027-10-31,xgboost,35000000,-0.13484977,30280257.984995842,-0.43970537,0.49443558
433991,Ethan Galbraith,Central Midfield,25.045859000684462,2026-05-28,12,2027-10-25,xgboost,2500000,0.47967634,3699190.840125084,-0.21771115,1.7667505
434223,Adam Idah,Centre-Forward,25.28952772073922,2026-05-28,12,2027-10-25,xgboost,4500000,-0.0983482,4057433.098554611,-0.47087428,0.78910816
434224,Maxence Lacroix,Centre-Back,26.157426420260094,2026-06-03,12,2027-10-31,xgboost,50000000,0.02078384,51039191.987365484,-0.2339674,0.54621327
434675,Cody Gakpo,Left Winger,27.07460643394935,2026-06-03,12,2027-10-31,xgboost,60000000,-0.23449735,45930158.79392624,-0.4438703,0.14073431
435062,Callum Styles,Left-Back,26.168377823408623,2026-05-28,12,2027-10-25,xgboost,3000000,0.09843539,3295306.161046028,-0.2551517,0.9251468
435338,Gabriel,Centre-Back,28.45448323066393,2026-06-03,12,2027-10-31,xgboost,75000000,-0.18797016,60902237.89215088,-0.40542147,0.15097523
435648,Joshua Zirkzee,Centre-Forward,25.032169746748803,2026-06-03,12,2027-10-31,xgboost,20000000,-0.14196032,17160793.54286194,-0.5022184,0.4541011
438001,Santiago Bueno,Centre-Back,27.564681724845997,2026-06-03,12,2027-10-31,xgboost,10000000,-0.18896897,8110310.286283493,-0.3941821,0.45591462
442248,Ethan Pinnock,Centre-Back,33.01300479123888,2026-06-03,12,2027-10-31,xgboost,3000000,-0.49563405,1513097.8524684906,-0.64230376,-0.101178445
444523,Lucas Paquetá,Attacking Midfield,28.28473648186174,2025-12-09,12,2027-05-08,xgboost,35000000,-0.23635015,26727744.787931442,-0.44914898,0.16995318
445939,Omar Marmoush,Centre-Forward,27.318275154004105,2026-06-03,12,2027-10-31,xgboost,50000000,-0.27720222,36139889.06145096,-0.5082813,0.19416244
447661,Douglas Luiz,Central Midfield,28.0684462696783,2026-06-03,12,2027-10-31,xgboost,18000000,-0.31124383,12397611.021995544,-0.5283411,0.17138605
447995,Ross Stewart,Centre-Forward,29.39630390143737,2025-12-03,12,2027-05-02,xgboost,2800000,-0.23316543,2147136.801481247,-0.5694785,0.19707136
450050,Jean-Ricner Bellegarde,Central Midfield,27.93429158110883,2026-06-03,12,2027-10-31,xgboost,16000000,-0.3358499,10626401.424407959,-0.477184,0.21343923
451276,Dominik Szoboszlai,Attacking Midfield,25.60438056125941,2026-06-03,12,2027-10-31,xgboost,100000000,-0.1041481,89585190.26637077,-0.34203658,0.3975684
454576,Róbert Boženík,Centre-Forward,26.524298425735797,2026-05-28,12,2027-10-25,xgboost,2500000,-0.1425674,2143581.509590149,-0.4650986,0.62827796
455661,Nick Woltemade,Centre-Forward,24.298425735797398,2026-06-03,12,2027-10-31,xgboost,55000000,-0.17051108,45621890.500187874,-0.45355007,0.3124705
456292,Ellery Balcombe,Goalkeeper,26.633812457221083,2026-06-03,12,2027-10-31,xgboost,400000,0.2647941,505917.6445007324,-0.26014578,1.3385686
458178,Jack Taylor,Central Midfield,27.928815879534564,2026-05-28,12,2027-10-25,xgboost,3000000,-0.14145038,2575648.8740444183,-0.42947647,0.55561984
460939,Tijjani Reijnders,Central Midfield,27.8466803559206,2026-06-03,12,2027-10-31,xgboost,50000000,-0.2864573,35677134.99069214,-0.50421816,0.10420932
461883,Calvin Bassey,Centre-Back,26.42299794661191,2026-06-03,12,2027-10-31,xgboost,28000000,-0.10377093,25094414.055347443,-0.33725008,0.380021
463603,Benoît Badiashile,Centre-Back,25.188227241615333,2026-06-03,12,2027-10-31,xgboost,15000000,-0.16407064,12538940.459489822,-0.5136488,0.4605115
463605,Bafodé Diakité,Centre-Back,25.404517453798768,2026-06-03,12,2027-10-31,xgboost,25000000,-0.15752447,21061888.337135315,-0.49783295,0.42012885
464599,Nicolas Madsen,Central Midfield,25.713894592744694,2025-12-03,12,2027-05-02,xgboost,3500000,0.013674888,3547862.107399851,-0.34914613,0.7246877
465555,Djordje Petrovic,Goalkeeper,26.652977412731005,2026-06-03,12,2027-10-31,xgboost,28000000,-0.098094136,25253364.205360413,-0.32638228,0.38841668
465717,Jayden Bogle,Right-Back,25.8507871321013,2026-06-03,12,2027-10-31,xgboost,15000000,0.18324167,17748624.980449677,-0.20206791,0.6569461
466805,Nico González,Defensive Midfield,24.413415468856947,2026-06-03,12,2027-10-31,xgboost,40000000,-0.1184309,35262764.09626007,-0.42453015,0.33185375
467623,Lyle Foster,Centre-Forward,25.746748802190282,2026-06-03,12,2027-10-31,xgboost,8000000,-0.23524477,6118041.87297821,-0.5228545,0.3942809
468002,Ben Johnson,Right-Back,25.859000684462696,2025-12-03,12,2027-05-02,xgboost,7000000,-0.21437791,5499354.630708694,-0.5232148,0.37775785
468066,Jens Cajuste,Defensive Midfield,26.316221765913756,2025-12-03,12,2027-05-02,xgboost,8000000,-0.15827434,6733805.298805237,-0.50830626,0.4225815
468198,Joe Aribo,Central Midfield,29.8507871321013,2026-05-28,12,2027-10-25,xgboost,1800000,-0.37398717,1126823.0974674225,-0.59624517,0.10971152
468539,Daniel Peretz,Goalkeeper,25.880903490759753,2026-05-28,12,2027-10-25,xgboost,4000000,-0.065904714,3736381.1433315277,-0.4055518,0.72049844
469050,Nathan Collins,Centre-Back,25.09240246406571,2026-06-03,12,2027-10-31,xgboost,30000000,-0.049924545,28502263.65029812,-0.3641643,0.46006793
469781,Marcos Senesi,Centre-Back,29.065023956194388,2026-06-03,12,2027-10-31,xgboost,25000000,-0.14386006,21403498.575091362,-0.33930635,0.20276628
470607,Brennan Johnson,Right Winger,25.02943189596167,2026-06-03,12,2027-10-31,xgboost,30000000,-0.1881626,24355122.14899063,-0.5051634,0.403588
472423,Reece James,Right-Back,26.48596851471595,2026-06-03,12,2027-10-31,xgboost,60000000,-0.20310378,47813773.1552124,-0.42382857,0.25638252
473050,Kevin Schade,Left Winger,24.514715947980836,2026-06-03,12,2027-10-31,xgboost,35000000,-0.021791011,34237314.611673355,-0.3104446,0.4833293
473169,Brian Brobbey,Centre-Forward,24.334017796030118,2026-06-03,12,2027-10-31,xgboost,30000000,0.10671931,33201579.228043556,-0.23969631,0.62951225
474701,Crysencio Summerville,Left Winger,24.591375770020534,2026-06-03,12,2027-10-31,xgboost,35000000,0.023107767,35808771.84867859,-0.26895213,0.5383702
475188,Kiernan Dewsbury-Hall,Central Midfield,27.73990417522245,2026-06-03,12,2027-10-31,xgboost,35000000,-0.07373421,32419302.687048912,-0.24853261,0.3220434
475411,Wesley Fofana,Centre-Back,25.45927446954141,2026-06-03,12,2027-10-31,xgboost,28000000,-0.12246935,24570858.18052292,-0.4502786,0.45302215
475416,Sorba Thomas,Left Winger,27.33744010951403,2026-05-28,12,2027-10-25,xgboost,14000000,0.08062435,15128740.891814232,-0.2594753,0.8344554
475959,Josko Gvardiol,Centre-Back,24.358658453114305,2026-06-03,12,2027-10-31,xgboost,70000000,-0.13027291,60880896.30007744,-0.39043286,0.3067184
476701,Manuel Ugarte,Defensive Midfield,25.144421629021217,2026-06-03,12,2027-10-31,xgboost,25000000,-0.19772919,20056770.369410515,-0.5101275,0.4196323
477758,Aaron Wan-Bissaka,Right-Back,28.517453798767967,2026-06-03,12,2027-10-31,xgboost,15000000,-0.3949723,9075415.581464767,-0.562731,0.06801209
478573,Ryan Gravenberch,Defensive Midfield,24.04928131416838,2026-06-03,12,2027-10-31,xgboost,80000000,-0.11407776,70873779.05845642,-0.3842351,0.2884041
479999,Eberechi Eze,Attacking Midfield,27.928815879534564,2026-06-03,12,2027-10-31,xgboost,65000000,-0.097536996,58660095.25954723,-0.28861612,0.2249167
480723,Finn Azaz,Attacking Midfield,25.71937029431896,2026-05-28,12,2027-10-25,xgboost,20000000,-0.14538826,17092234.790325165,-0.30959028,0.43454775
480762,Lisandro Martínez,Centre-Back,28.372347707049965,2026-06-03,12,2027-10-31,xgboost,40000000,-0.24027517,30388993.02482605,-0.45538592,0.089212276
480987,Chris Mepham,Centre-Back,28.55852156057495,2026-05-28,12,2027-10-25,xgboost,3000000,-0.2679383,2196185.141801834,-0.525223,0.2376925
481675,Christos Mandas,Goalkeeper,24.709103353867214,2026-06-03,12,2027-10-31,xgboost,8000000,-0.13003452,6959723.8302230835,-0.46534008,0.7076371
482836,David Strelec,Centre-Forward,25.14715947980835,2026-05-28,12,2027-10-25,xgboost,8000000,0.07701859,8616148.710250854,-0.30127978,0.8698518
483348,Djed Spence,Left-Back,25.815195071868583,2026-06-03,12,2027-10-31,xgboost,30000000,-0.21409534,23577139.82462883,-0.40456605,0.37714648
484547,Jeremie Frimpong,Right-Back,25.478439425051334,2026-06-03,12,2027-10-31,xgboost,35000000,-0.149468,29768619.83537674,-0.42596433,0.44867736
485583,Ki-Jana Hoever,Right-Back,24.355920602327174,2026-05-28,12,2027-10-25,xgboost,3500000,-0.028878672,3398924.6478304267,-0.4714886,0.85772866
485585,Ian Maatsen,Left-Back,24.23271731690623,2026-06-03,12,2027-10-31,xgboost,30000000,-0.05233709,28429887.257516384,-0.36716563,0.46899545
485706,Amadou Onana,Defensive Midfield,24.79671457905544,2026-06-03,12,2027-10-31,xgboost,45000000,-0.13088639,39110112.413764,-0.4165672,0.3671953
486049,Jérémy Doku,Left Winger,24.019164955509925,2026-06-03,12,2027-10-31,xgboost,75000000,0.029617336,77221300.17355084,-0.2294863,0.47872287
487465,Pedro Neto,Right Winger,26.234086242299796,2026-06-03,12,2027-10-31,xgboost,60000000,-0.15624346,50625392.496585846,-0.3492197,0.34351158
487969,Randal Kolo Muani,Centre-Forward,27.49349760438056,2026-06-03,12,2027-10-31,xgboost,20000000,-0.25841358,14831728.339195251,-0.49122542,0.30047974
488362,Conor Gallagher,Central Midfield,26.321697467488022,2026-06-03,12,2027-10-31,xgboost,32000000,-0.21858919,25005146.026611328,-0.5056492,0.29609704
488755,Jakov Medic,Centre-Back,27.238877481177276,2025-12-03,12,2027-05-02,xgboost,2000000,0.21476978,2429539.5612716675,-0.3482576,1.1076386
488935,Hákon Valdimarsson,Goalkeeper,24.637919233401778,2026-06-03,12,2027-10-31,xgboost,2500000,0.23347594,3083689.846098423,-0.3430229,1.2391342
489359,Ao Tanaka,Central Midfield,27.72895277207392,2026-06-03,12,2027-10-31,xgboost,13000000,0.007260311,13094384.042080492,-0.27161774,0.6512389
491707,Julián Carranza,Centre-Forward,25.533196440793976,2025-12-03,12,2027-05-02,xgboost,5000000,0.008146753,5040733.76301676,-0.4057646,1.0286872
493003,Daniel Muñoz,Right-Back,30.02053388090349,2026-06-03,12,2027-10-31,xgboost,22000000,-0.3648608,13973062.336444855,-0.5315888,-0.015126176
494237,Wilson Isidor,Centre-Forward,25.765913757700204,2026-06-03,12,2027-10-31,xgboost,18000000,-0.090873145,16364283.39779377,-0.3650667,0.45889345
494880,Jorge Cuenca,Centre-Back,26.543463381245722,2026-06-03,12,2027-10-31,xgboost,8000000,-0.03037647,7756988.242268562,-0.3685685,0.54491735
495666,William Saliba,Centre-Back,25.193702943189596,2026-06-03,12,2027-10-31,xgboost,100000000,-0.060155004,93984499.57370758,-0.22858493,0.53814334
496659,Ben Cabango,Centre-Back,25.99315537303217,2026-05-28,12,2027-10-25,xgboost,9000000,-0.1365541,7771013.036370277,-0.44198516,0.4885458
497291,Nicolás Domínguez,Central Midfield,27.9315537303217,2026-06-03,12,2027-10-31,xgboost,15000000,-0.29258734,10611189.901828766,-0.4937231,0.20840524
500689,Evann Guessand,Right Winger,24.922655715263517,2026-06-03,12,2027-10-31,xgboost,25000000,-0.20569265,19857683.777809143,-0.47357973,0.47226745
501743,Koki Saito,Left Winger,24.79671457905544,2026-05-28,12,2027-10-25,xgboost,3200000,-0.0024384407,3192196.9898045063,-0.40301457,0.8988162
502676,Giorgi Mamardashvili,Goalkeeper,25.675564681724847,2026-06-03,12,2027-10-31,xgboost,28000000,-0.17370524,23136253.41653824,-0.3699932,0.4780394
502821,Riccardo Calafiori,Left-Back,24.041067761806982,2026-06-03,12,2027-10-31,xgboost,55000000,-0.0007715005,54957567.471428774,-0.22876875,0.45326367
503679,Rhys Williams,Centre-Back,25.32785763175907,2026-06-03,12,2027-10-31,xgboost,500000,0.23207508,616037.5401377678,-0.43329087,1.4964826
503680,Neco Williams,Left-Back,25.138945927446954,2026-06-03,12,2027-10-31,xgboost,28000000,0.05054025,29415126.994252205,-0.22249028,0.52759594
503686,Dan Ballard,Centre-Back,26.69678302532512,2026-06-03,12,2027-10-31,xgboost,20000000,-0.034194104,19316117.9125309,-0.34154144,0.45288295
503733,Anthony Gordon,Left Winger,25.270362765229294,2026-06-03,12,2027-10-31,xgboost,65000000,-0.08472621,59492796.547710896,-0.2771156,0.43340668
503743,Morgan Rogers,Attacking Midfield,23.854893908281998,2026-06-03,12,2027-10-31,xgboost,90000000,0.047802117,94302190.50496817,-0.19626091,0.50087905
503749,Jacob Ramsey,Central Midfield,25.01574264202601,2026-06-03,12,2027-10-31,xgboost,35000000,-0.13532557,30263605.192303658,-0.4216435,0.45393267
503883,Senne Lammens,Goalkeeper,23.906913073237508,2026-06-03,12,2027-10-31,xgboost,35000000,0.07783905,37724366.63508415,-0.19851634,0.5520261
503977,Taylor Harwood-Bellis,Centre-Back,23.84120465434634,2025-12-03,12,2027-05-02,xgboost,20000000,-0.077035576,18459288.477897644,-0.4481929,0.49292946
503981,Tino Livramento,Right-Back,23.5564681724846,2026-06-03,12,2027-10-31,xgboost,45000000,-0.0031340073,44858969.67002191,-0.23764406,0.5304307
503987,Noni Madueke,Right Winger,24.23271731690623,2026-06-03,12,2027-10-31,xgboost,50000000,-0.06924018,46537990.86809158,-0.34800333,0.47181052
503990,Nathan Wood,Centre-Back,23.509924709103355,2025-12-03,12,2027-05-02,xgboost,4000000,0.09195731,4367829.233407974,-0.39993492,1.2105045
504849,Kaoru Mitoma,Left Winger,29.037645448323065,2026-06-03,12,2027-10-31,xgboost,22000000,-0.37259427,13802926.123142242,-0.5672471,0.07504644
505194,Luke Thomas,Left-Back,24.48186173853525,2025-12-03,12,2027-05-02,xgboost,6000000,-0.07858022,5528518.661856651,-0.46151465,0.83757657
505219,James Garner,Defensive Midfield,25.22381930184805,2026-06-03,12,2027-10-31,xgboost,45000000,0.07730997,48478948.809206486,-0.20020707,0.6822903
506189,Flynn Downes,Defensive Midfield,26.869267624914443,2025-12-03,12,2027-05-02,xgboost,12000000,-0.2655626,8813248.872756958,-0.5044697,0.27504614
506942,Zan Vipotnik,Centre-Forward,24.194387405886378,2026-05-28,12,2027-10-25,xgboost,22000000,0.3023714,28652171.075344086,-0.22366907,1.0654335
513968,Aidan Morris,Central Midfield,24.528405201916495,2026-05-28,12,2027-10-25,xgboost,10000000,0.2827664,12827664.017677307,-0.23836099,0.9918204
513970,Julián Araujo,Right-Back,24.32306639288159,2025-12-09,12,2027-05-08,xgboost,10000000,0.043726593,10437265.932559967,-0.3586991,0.8706333
514285,Quilindschy Hartman,Left-Back,24.550308008213552,2026-06-03,12,2027-10-31,xgboost,16000000,-0.16570038,13348793.983459473,-0.4518822,0.5006155
515544,Trai Hume,Right-Back,24.210814510609172,2026-06-03,12,2027-10-31,xgboost,22000000,0.10765035,24368307.635188103,-0.28628096,0.6234871
516407,Bojan Radulović,Centre-Forward,25.911019849418206,2025-11-26,12,2027-04-25,xgboost,800000,-0.0012984183,798961.2653851509,-0.39753264,0.9768976
517894,Matheus Cunha,Centre-Forward,27.019849418206707,2026-06-03,12,2027-10-31,xgboost,75000000,-0.11309461,66517904.02829647,-0.28964564,0.33026057
520624,Bruno Guimarães,Central Midfield,28.54483230663929,2026-06-03,12,2027-10-31,xgboost,70000000,-0.31507388,47944828.56988907,-0.45911568,-0.018072456
520651,Jensen Weir,Central Midfield,23.81930184804928,2025-11-26,12,2027-04-25,xgboost,375000,0.62399644,608998.6637234688,-0.15992625,2.8735287
521964,Malick Thiaw,Centre-Back,24.8186173853525,2026-06-03,12,2027-10-31,xgboost,45000000,-0.036881804,43340318.79901886,-0.31085357,0.47819117
522784,Taty Castellanos,Centre-Forward,27.665982203969882,2026-06-03,12,2027-10-31,xgboost,28000000,-0.21402566,22007281.482219696,-0.4179593,0.34847572
524285,Luca Netz,Left-Back,23.052703627652292,2026-06-03,12,2027-10-31,xgboost,8000000,0.09539597,8763167.73891449,-0.3506681,1.1834975
525247,Maximilian Kilman,Centre-Back,29.02943189596167,2026-06-03,12,2027-10-31,xgboost,13000000,-0.3749006,8126292.0796871185,-0.5857749,0.042027365
528892,Harry Clarke,Right-Back,24.75564681724846,2025-12-03,12,2027-05-02,xgboost,4000000,-0.059830893,3760676.4286756516,-0.47032893,0.78179765
532776,Amine Adli,Left Winger,26.064339493497606,2026-06-03,12,2027-10-31,xgboost,20000000,-0.11933712,17613257.616758347,-0.3661283,0.40488195
532858,Jérémy Petris,Right-Back,27.8466803559206,2025-12-03,12,2027-05-02,xgboost,2000000,-0.039332256,1921335.4885578156,-0.4300611,0.6301453
533662,Cameron Archer,Centre-Forward,23.983572895277206,2025-12-03,12,2027-05-02,xgboost,10000000,-0.13501073,8649892.657995224,-0.49946383,0.6989651
534033,Alexis Mac Allister,Central Midfield,27.44147843942505,2026-06-03,12,2027-10-31,xgboost,70000000,-0.23866715,53293299.823999405,-0.46690223,0.13333105
535834,Eliot Matazo,Central Midfield,23.797399041752225,2025-12-03,12,2027-05-02,xgboost,2000000,0.18748605,2374972.105026245,-0.3252671,1.5993546
536835,Amad Diallo,Right Winger,23.89596167008898,2026-06-03,12,2027-10-31,xgboost,45000000,-0.09467645,40739559.75472927,-0.40171537,0.3773207
538963,Ruben Roosken,Left-Back,25.73579739904175,2025-11-26,12,2027-04-25,xgboost,700000,0.33409944,933869.6092367172,-0.23320016,1.6266643
538971,Naouirou Ahamada,Central Midfield,23.698836413415467,2025-12-09,12,2027-05-08,xgboost,3500000,-0.03903464,3363378.7650614977,-0.4521638,1.1997751
538977,Georginio Rutter,Centre-Forward,24.12046543463381,2026-06-03,12,2027-10-31,xgboost,30000000,-0.060109228,28196723.1631279,-0.3687946,0.4731952
538998,Timothée Pembélé,Right-Back,23.249828884325805,2025-12-09,12,2027-05-08,xgboost,2000000,0.02148466,2042969.3199694157,-0.43905488,1.2605512
540664,Dilane Bakwa,Right Winger,23.770020533880903,2026-06-03,12,2027-10-31,xgboost,28000000,-0.08256944,25688055.604696274,-0.40768036,0.5029931
540941,Mikkel Damsgaard,Attacking Midfield,25.916495550992472,2026-06-03,12,2027-10-31,xgboost,30000000,-0.13134761,26059571.653604507,-0.34987342,0.3897361
541231,Sepp van den Berg,Centre-Back,24.451745379876797,2026-06-03,12,2027-10-31,xgboost,32000000,0.0075281058,32240899.38402176,-0.29927197,0.47427258
541628,Oliver Sonne,Right-Back,25.078713210130047,2025-12-09,12,2027-05-08,xgboost,4000000,0.021772373,4087089.493870735,-0.38088104,1.0625004
542586,Illan Meslier,Goalkeeper,26.253251197809718,2026-06-03,12,2027-10-31,xgboost,8000000,-0.22026135,6237909.197807312,-0.5241629,0.37214947
543164,Rhys Norrington-Davies,Left-Back,27.09924709103354,2026-05-28,12,2027-10-25,xgboost,2500000,0.08231092,2705777.306109667,-0.28824967,0.7276075
543387,Cheick Doucouré,Defensive Midfield,26.401095140314855,2026-06-03,12,2027-10-31,xgboost,10000000,-0.24304418,7569558.173418045,-0.5277016,0.31985295
543499,Mohammed Kudus,Right Winger,25.83436002737851,2026-06-03,12,2027-10-31,xgboost,50000000,-0.26381943,36809028.685092926,-0.46640033,0.19506396
547039,Isaak Davies,Left Winger,24.62696783025325,2026-05-12,12,2027-10-09,xgboost,1000000,0.15052634,1150526.3447761536,-0.43224496,1.3867693
548729,Zeki Amdouni,Centre-Forward,25.49486652977413,2026-06-03,12,2027-10-31,xgboost,7000000,-0.2778583,5054991.990327835,-0.54653865,0.677465
553875,Pedro Porro,Right-Back,26.72142368240931,2026-06-03,12,2027-10-31,xgboost,35000000,-0.22560696,27103756.29365444,-0.4540719,0.23891142
556385,Destiny Udogie,Left-Back,23.512662559890487,2026-06-03,12,2027-10-31,xgboost,30000000,-0.19273922,24217823.445796967,-0.4308566,0.5634987
557459,Micky van de Ven,Centre-Back,25.12251882272416,2026-06-03,12,2027-10-31,xgboost,50000000,-0.17591614,41204193.234443665,-0.43782094,0.31069562
559130,Harrison Ashby,Right-Back,24.0684462696783,2025-12-09,12,2027-05-08,xgboost,1400000,0.15614626,1618604.7613620758,-0.34146836,1.462419
559263,Fábio Carvalho,Attacking Midfield,23.759069130732374,2026-06-03,12,2027-10-31,xgboost,8000000,-0.077008836,7383929.3122291565,-0.4633365,0.78097105
559794,Jack Clarke,Left Winger,25.026694045174537,2025-12-03,12,2027-05-02,xgboost,15000000,-0.10616309,13407553.620636463,-0.39208266,0.5429334
564529,Victor Kristiansen,Left-Back,23.446954140999317,2026-05-28,12,2027-10-25,xgboost,9000000,-0.12816733,7846494.019031525,-0.46125203,0.91232854
565093,Bart Verbruggen,Goalkeeper,23.79192334017796,2026-06-03,12,2027-10-31,xgboost,40000000,-0.028253382,38869864.71712589,-0.29222727,0.52653384
565822,Harvey Elliott,Attacking Midfield,23.16495550992471,2026-06-03,12,2027-10-31,xgboost,20000000,-0.11821896,17635620.832443237,-0.45644566,0.6771601
566799,James Trafford,Goalkeeper,23.64681724845996,2026-06-03,12,2027-10-31,xgboost,25000000,-0.06821111,23294722.28884697,-0.40142918,0.53472733
566931,Xavi Simons,Attacking Midfield,23.11841204654346,2026-06-03,12,2027-10-31,xgboost,40000000,-0.1278583,34885668.15853119,-0.43997175,0.36196315
567114,Liam Morrison,Centre-Back,22.65845311430527,2025-12-03,12,2027-05-02,xgboost,1000000,0.8895579,1889557.8980445862,-0.17263578,3.0478692
567576,Elliot Anderson,Central Midfield,23.572895277207394,2026-06-03,12,2027-10-31,xgboost,75000000,0.07774328,80830745.77152729,-0.20139617,0.5086453
568006,Dennis Cirkin,Left-Back,24.15879534565366,2026-06-03,12,2027-10-31,xgboost,6000000,-0.10762596,5354244.232177734,-0.4632766,0.818814
568157,Yéremy Pino,Right Winger,23.619438740588638,2026-06-03,12,2027-10-31,xgboost,30000000,-0.116318464,26510446.071624756,-0.39595458,0.4791936
568177,Cole Palmer,Attacking Midfield,24.076659822039698,2026-06-03,12,2027-10-31,xgboost,100000000,-0.17434853,82565146.6846466,-0.44320932,0.2762114
568559,Radu Drăgușin,Centre-Back,24.32854209445585,2026-06-03,12,2027-10-31,xgboost,16000000,-0.17741738,13161321.878433228,-0.502373,0.47196394
568693,Pape Matar Sarr,Central Midfield,23.718001368925393,2026-06-03,12,2027-10-31,xgboost,30000000,-0.15577757,25326672.792434692,-0.42855862,0.56587756
569663,Mathias Kvistgaarden,Centre-Forward,24.11772758384668,2026-05-28,12,2027-10-25,xgboost,6000000,-0.05208124,5687512.569129467,-0.476898,0.8304196
571743,Armando Broja,Centre-Forward,24.72826830937714,2026-06-03,12,2027-10-31,xgboost,5000000,-0.15248841,4237557.947635651,-0.49968296,0.76225597
572265,Lorenzo Lucca,Centre-Forward,25.727583846680357,2026-06-03,12,2027-10-31,xgboost,20000000,-0.11235894,17752821.147441864,-0.4013451,0.5582922
576314,Jan Paul van Hecke,Centre-Back,25.984941820670773,2026-06-03,12,2027-10-31,xgboost,45000000,0.03802058,46710926.14531517,-0.20746486,0.61871564
578391,Rayan Aït-Nouri,Left-Back,24.99110198494182,2026-06-03,12,2027-10-31,xgboost,40000000,-0.12645361,34941855.66902161,-0.35233283,0.47185057
578539,Chris Richards,Centre-Back,26.182067077344286,2026-06-03,12,2027-10-31,xgboost,28000000,-0.015886161,27555187.478661537,-0.23633954,0.41040236
579295,Melker Widell,Central Midfield,24.10677618069815,2026-05-28,12,2027-10-25,xgboost,1800000,0.27057776,2287039.965391159,-0.23877342,1.4397606
581672,Samuel Iling-Junior,Left Midfield,22.650239561943874,2026-05-29,12,2027-10-26,xgboost,6500000,-0.017303336,6387528.313323855,-0.44337103,1.1566489
581675,Harvey Vale,Right Midfield,22.22861054072553,2025-12-03,12,2027-05-02,xgboost,1500000,0.07121485,1606822.270900011,-0.36099997,1.476491
582078,Will Dennis,Goalkeeper,25.415468856947296,2025-12-09,12,2027-05-08,xgboost,350000,0.2900278,451509.7290277481,-0.22796416,2.0983198
583189,Anthony Elanga,Right Winger,24.10130047912389,2026-06-03,12,2027-10-31,xgboost,32000000,-0.14249738,27440083.980560303,-0.48544797,0.4154657
583199,James McAtee,Attacking Midfield,23.6249144421629,2026-06-03,12,2027-10-31,xgboost,18000000,-0.1364269,15544315.874576569,-0.43498167,0.52737015
583255,Antoine Semenyo,Right Winger,26.403832991101986,2026-06-03,12,2027-10-31,xgboost,80000000,-0.0437651,76498791.87345505,-0.30576456,0.34557855
584769,Dwight McNeil,Left Winger,26.529774127310063,2026-06-03,12,2027-10-31,xgboost,18000000,-0.24703096,13553442.746400833,-0.4947198,0.26159498
585323,Filip Jørgensen,Goalkeeper,24.13141683778234,2026-06-03,12,2027-10-31,xgboost,15000000,-0.07312417,13903137.44544983,-0.42332205,0.54098785
585550,Gavin Bazunu,Goalkeeper,24.265571526351813,2026-05-28,12,2027-10-25,xgboost,8000000,-0.086034246,7311726.033687592,-0.46192396,0.8060104
585769,George Campbell,Centre-Back,24.930869267624914,2026-05-28,12,2027-10-25,xgboost,2000000,0.45562828,2911256.5517425537,-0.22310616,1.661535
585959,Arnaud Kalimuendo,Centre-Forward,23.88501026694045,2025-12-09,12,2027-05-08,xgboost,25000000,-0.07788272,23052931.94949627,-0.44726142,0.49467605
586834,Jesurun Rak-Sakyi,Right Winger,23.644079397672826,2026-05-28,12,2027-10-25,xgboost,6000000,0.07473188,6448391.273617744,-0.34573963,1.3519658
587002,Myles Peart-Harris,Attacking Midfield,23.225188227241617,2025-12-09,12,2027-05-08,xgboost,900000,0.18373333,1065359.9962592125,-0.35167918,2.259851
587222,Aune Heggebø,Centre-Forward,24.829568788501028,2026-05-28,12,2027-10-25,xgboost,7000000,0.046359856,7324518.989771605,-0.34749058,0.94367063
587298,Pelle Mattsson,Central Midfield,24.331279945242983,2025-12-03,12,2027-05-02,xgboost,3000000,0.24705027,3741150.811314583,-0.34023243,1.2530204
588989,Jhon Arias,Right Winger,28.216290212183434,2025-12-09,12,2027-05-08,xgboost,15000000,-0.30623275,10406508.74376297,-0.4904116,0.25539467
591949,Aaron Hickey,Right-Back,23.980835044490075,2026-06-03,12,2027-10-31,xgboost,16000000,-0.05101949,15183688.163757324,-0.4458609,0.5329851
595809,Beto,Centre-Forward,28.33675564681725,2026-06-03,12,2027-10-31,xgboost,18000000,-0.27464223,13056439.876556396,-0.4998658,0.104678795
596446,Leif Davis,Left-Back,25.924709103353866,2025-12-03,12,2027-05-02,xgboost,20000000,-0.24635606,15072878.897190094,-0.49194714,0.30085826
598577,Florian Wirtz,Attacking Midfield,23.085557837097877,2026-06-03,12,2027-10-31,xgboost,100000000,-0.15071501,84928499.16219711,-0.3944097,0.2782687
601883,Matheus Nunes,Right-Back,27.76728268309377,2026-06-03,12,2027-10-31,xgboost,50000000,-0.054420702,47278964.89202976,-0.2611721,0.21942508
605184,Jean-Clair Todibo,Centre-Back,26.425735797399042,2026-06-03,12,2027-10-31,xgboost,22000000,-0.20525528,17484383.73208046,-0.49118426,0.28277084
605426,Melker Ellborg,Goalkeeper,23.033538672142367,2026-06-03,12,2027-10-31,xgboost,3000000,0.20571227,3617136.8211507797,-0.3388647,1.6326486
606718,Toti,Centre-Back,27.378507871321013,2026-06-03,12,2027-10-31,xgboost,18000000,-0.30338162,12539130.806922913,-0.51655453,0.26060176
607223,Rayan Cherki,Attacking Midfield,22.795345653661876,2026-06-03,12,2027-10-31,xgboost,90000000,0.21381791,109243611.84239388,-0.18200934,0.59930533
607224,Hannibal,Attacking Midfield,23.364818617385353,2026-06-03,12,2027-10-31,xgboost,15000000,-0.106042236,13409366.458654404,-0.38421386,0.6401538
607226,Loum Tchaouna,Right Winger,22.73511293634497,2026-06-03,12,2027-10-31,xgboost,13000000,-0.11346963,11524894.803762436,-0.39990765,0.6790269
608832,Merlin Röhl,Attacking Midfield,23.912388774811774,2026-06-03,12,2027-10-31,xgboost,16000000,-0.10388409,14337854.504585266,-0.40438604,0.5676587
609556,William Osula,Centre-Forward,22.830937713894592,2026-06-03,12,2027-10-31,xgboost,28000000,0.27149746,35601928.83014679,-0.2022975,0.9518649
610581,Ali Al-Hamadi,Centre-Forward,24.197125256673512,2026-05-12,12,2027-10-09,xgboost,1500000,0.009622926,1514434.3888387084,-0.44596383,1.007372
610849,Liam Delap,Centre-Forward,23.315537303216974,2026-06-03,12,2027-10-31,xgboost,28000000,-0.096670486,25293226.39107704,-0.42614347,0.49977311
611793,James Hill,Centre-Back,24.39425051334702,2026-06-03,12,2027-10-31,xgboost,23000000,0.2717185,29249525.547027588,-0.2058404,1.0390434
612517,Bashir Humphreys,Centre-Back,23.21971252566735,2026-06-03,12,2027-10-31,xgboost,12000000,-0.06009329,11278880.506753922,-0.40547866,0.78874665
612749,Isaac Price,Central Midfield,22.6694045174538,2026-05-28,12,2027-10-25,xgboost,12000000,0.21785803,14614296.37670517,-0.22013938,1.0268099
614258,Levi Colwill,Centre-Back,23.266255989048595,2026-06-03,12,2027-10-31,xgboost,50000000,-0.12538087,43730956.31599426,-0.38034824,0.49237797
614603,Chem Campbell,Attacking Midfield,22.466803559206024,2025-06-18,12,2026-11-15,xgboost,900000,0.2563101,1130679.0947914124,-0.3151717,2.7346003
615302,Mirko Topić,Defensive Midfield,25.305954825462013,2026-05-28,12,2027-10-25,xgboost,4000000,-0.08299488,3668020.486831665,-0.4375019,0.827829
617018,Marko Stamenić,Central Midfield,24.268309377138944,2026-05-28,12,2027-10-25,xgboost,3000000,0.10038921,3301167.6371097565,-0.34075794,1.1657372
618402,Ziyad Larkeche,Left-Back,23.20602327173169,2025-12-03,12,2027-05-02,xgboost,800000,0.7504079,1400326.2996673584,-0.18628667,3.7272112
620322,Malo Gusto,Right-Back,23.041752224503764,2026-06-03,12,2027-10-31,xgboost,35000000,-0.044400644,33445977.475494146,-0.30853125,0.6683129
621193,Kasey McAteer,Right Midfield,24.511978097193705,2026-05-28,12,2027-10-25,xgboost,10000000,-0.12812342,8718765.825033188,-0.45167318,0.75451034
623570,Iliman Ndiaye,Right Winger,26.24229979466119,2026-06-03,12,2027-10-31,xgboost,55000000,-0.06592154,51374315.433204174,-0.23361677,0.38172024
624258,Conor Bradley,Right-Back,22.902121834360027,2026-06-03,12,2027-10-31,xgboost,25000000,-0.10645057,22338735.684752464,-0.39631176,0.6222781
624946,Rumarn Burrell,Centre-Forward,25.44558521560575,2026-05-28,12,2027-10-25,xgboost,6000000,0.21345209,7280712.515115738,-0.2589106,1.1433625
626474,Rubin Colwill,Attacking Midfield,24.041067761806982,2026-05-12,12,2027-10-09,xgboost,2000000,0.40799996,2815999.925136566,-0.22803219,1.4769839
626724,João Pedro,Centre-Forward,24.684462696783026,2026-06-03,12,2027-10-31,xgboost,80000000,-0.042745803,76580335.79587936,-0.28451383,0.44316924
627442,Benjamin Sesko,Centre-Forward,23.00889801505818,2026-06-03,12,2027-10-31,xgboost,75000000,0.0036290246,75272176.84546486,-0.22592421,0.45281065
627626,Wilfried Gnonto,Right Winger,22.576317590691307,2026-06-03,12,2027-10-31,xgboost,16000000,-0.11135725,14218284.010887146,-0.4098649,0.65309405
628451,Roméo Lavia,Defensive Midfield,22.406570841889117,2026-06-03,12,2027-10-31,xgboost,22000000,-0.09142083,19988741.755485535,-0.44131842,0.5849904
633306,Iván Azón,Centre-Forward,22.94318959616701,2025-12-03,12,2027-05-02,xgboost,3000000,0.2733253,3819975.882768631,-0.3549148,1.9453787
633652,Calvin Ramsay,Right-Back,22.84188911704312,2026-06-03,12,2027-10-31,xgboost,1500000,0.11879309,1678189.6390020847,-0.43797415,1.2937051
633992,Enzo Le Fée,Central Midfield,26.32991101984942,2026-06-03,12,2027-10-31,xgboost,28000000,0.027231222,28762474.216520786,-0.22141875,0.40733197
644401,Keane Lewis-Potter,Left Midfield,25.27583846680356,2026-06-03,12,2027-10-31,xgboost,25000000,-0.037564382,24060890.451073647,-0.3393354,0.5171772
645686,Lamare Bogarde,Defensive Midfield,22.409308692676248,2026-06-03,12,2027-10-31,xgboost,18000000,0.13930804,20507544.63672638,-0.21592392,0.8924915
646658,Aaron Ramsey,Attacking Midfield,23.34839151266256,2026-05-28,12,2027-10-25,xgboost,6000000,-0.10129989,5392200.663685799,-0.4770419,1.1249171
646750,Cristhian Mosquera,Centre-Back,21.932922655715263,2026-06-03,12,2027-10-31,xgboost,40000000,0.053369593,42134783.71500969,-0.21218348,0.63365936
646991,Robin Roefs,Goalkeeper,23.37577002053388,2026-06-03,12,2027-10-31,xgboost,28000000,0.09613294,30691722.363233566,-0.1838931,0.612989
648032,James Abankwah,Centre-Back,22.362765229295004,2026-05-28,12,2027-10-25,xgboost,3500000,0.6911832,5919141.232967377,-0.15937293,2.5034766
648195,Enzo Fernández,Central Midfield,25.374401095140314,2026-06-03,12,2027-10-31,xgboost,90000000,-0.09572702,81384568.28892231,-0.33812734,0.4152566
654253,Toby Collyer,Defensive Midfield,21.916495550992472,2025-12-03,12,2027-05-02,xgboost,5000000,0.15815781,5790789.052844048,-0.3335107,1.7821904
654412,Abdoullah Ba,Right Midfield,22.84188911704312,2026-06-03,12,2027-10-31,xgboost,1500000,-0.040416915,1439374.627545476,-0.4577122,1.250942
654539,Adrien Truffert,Left-Back,24.53388090349076,2026-06-03,12,2027-10-31,xgboost,30000000,0.10222243,33066672.831773758,-0.19312683,0.61806124
655488,Gabriel Martinelli,Left Winger,24.958247775496236,2026-06-03,12,2027-10-31,xgboost,45000000,-0.17080562,37313747.18248844,-0.4527431,0.39829466
656316,Gabriel Slonina,Goalkeeper,22.050650239561943,2026-06-03,12,2027-10-31,xgboost,3000000,-0.005562607,2983312.178403139,-0.45131674,1.3700281
658536,Simon Adingra,Left Winger,23.93702943189596,2025-12-09,12,2027-05-08,xgboost,22000000,-0.016204841,21643493.488430977,-0.43861553,0.53932613
659813,Piero Hincapié,Centre-Back,24.396988364134156,2026-06-03,12,2027-10-31,xgboost,50000000,-0.06049849,46975075.45351982,-0.34299818,0.5414
660860,Diego Coppola,Centre-Back,21.949349760438057,2025-12-09,12,2027-05-08,xgboost,10000000,0.12913896,11291389.614343643,-0.32999125,1.126851
661053,Jarrad Branthwaite,Centre-Back,23.93429158110883,2026-06-03,12,2027-10-31,xgboost,40000000,-0.16572012,33371195.197105408,-0.4511258,0.36764228
661207,Oscar Bobb,Right Winger,22.89390828199863,2026-06-03,12,2027-10-31,xgboost,28000000,-0.09199197,25424224.883317947,-0.37752467,0.4964532
661253,Hector Kyprianou,Defensive Midfield,25.00205338809035,2026-05-28,12,2027-10-25,xgboost,1500000,0.4744918,2211737.707257271,-0.22320782,1.9597031
661427,David Møller Wolfe,Left-Back,24.112251882272417,2026-06-03,12,2027-10-31,xgboost,8000000,-0.2399369,6080504.775047302,-0.5003025,0.713744
662744,Vicente Reyes,Goalkeeper,22.521560574948666,2026-05-28,12,2027-10-25,xgboost,350000,0.44360176,505260.6150507927,-0.16484323,3.0128255
665390,Jaden Philogene,Left Winger,23.81656399726215,2025-12-03,12,2027-05-02,xgboost,18000000,0.06261592,19127086.624503136,-0.284617,0.633163
667121,Rodrigo Gomes,Left Midfield,22.90759753593429,2026-06-03,12,2027-10-31,xgboost,15000000,-0.14340001,12848999.798297882,-0.3650782,0.70777327
667287,Yasin Ayari,Central Midfield,22.65845311430527,2026-06-03,12,2027-10-31,xgboost,35000000,0.034103144,36193610.03860831,-0.20879962,0.7068284
667517,Jordan James,Central Midfield,21.90280629705681,2026-05-28,12,2027-10-25,xgboost,12000000,-0.027859736,11665683.165192604,-0.35884503,1.080701
668557,Maksym Taloverov,Centre-Back,25.913757700205338,2026-05-28,12,2027-10-25,xgboost,2000000,0.043138947,2086277.8946757317,-0.39838454,0.7419603
669366,Tom Cannon,Centre-Forward,22.93223819301848,2025-12-03,12,2027-05-02,xgboost,8000000,0.0050703995,8040563.195943832,-0.39147803,0.89224964
670717,Dário Essugo,Defensive Midfield,21.22108145106092,2026-06-03,12,2027-10-31,xgboost,15000000,-0.07208484,13918727.450072765,-0.40594804,0.76403284
670848,Divin Mubama,Centre-Forward,21.10609171800137,2025-12-03,12,2027-05-02,xgboost,6000000,0.9187797,11512678.027153015,-0.1912448,2.3655365
670858,Lewis Hall,Left-Back,21.73305954825462,2026-06-03,12,2027-10-31,xgboost,40000000,0.0708559,42834236.02581024,-0.20808902,0.59031516
670882,Jamie Gittens,Left Winger,21.817932922655714,2026-06-03,12,2027-10-31,xgboost,30000000,-0.1242144,26273567.900061607,-0.44149616,0.54380685
670883,Dane Scarlett,Centre-Forward,21.711156741957563,2025-12-09,12,2027-05-08,xgboost,2000000,0.2668365,2533672.9884147644,-0.31880447,2.0373235
671108,Kota Takai,Centre-Back,21.2621492128679,2025-12-09,12,2027-05-08,xgboost,5000000,0.13893299,5694664.940237999,-0.33039868,1.8753113
673492,Morato,Centre-Back,24.92539356605065,2026-06-03,12,2027-10-31,xgboost,14000000,-0.12689549,12223463.17768097,-0.40747246,0.5551588
674054,Leo Walta,Attacking Midfield,22.926762491444215,2026-05-28,12,2027-10-25,xgboost,3000000,0.2587362,3776208.5795402527,-0.326316,1.9973394
680531,Sam Silvera,Left Winger,25.587953456536617,2026-05-28,12,2027-10-25,xgboost,1500000,0.4252323,2137848.436832428,-0.2347918,1.5183128
680806,Samuel Edozie,Left Winger,22.847364818617386,2025-12-03,12,2027-05-02,xgboost,5000000,-0.026864424,4865677.8782606125,-0.4529858,1.2286847
683571,Tolu Arokodare,Centre-Forward,25.52498288843258,2026-06-03,12,2027-10-31,xgboost,20000000,-0.23928918,15214216.411113739,-0.49683952,0.40581906
683620,Antoni Milambo,Attacking Midfield,21.166324435318277,2026-06-03,12,2027-10-31,xgboost,15000000,-0.16479512,12528073.266148567,-0.43116063,0.73127586
683895,Emmanuel Agbadou,Centre-Back,28.479123887748116,2025-12-09,12,2027-05-08,xgboost,18000000,-0.28655067,12842087.924480438,-0.5073562,0.07319006
684210,Jaidon Anthony,Left Winger,26.50513347022587,2026-06-03,12,2027-10-31,xgboost,20000000,0.021558013,20431160.256266594,-0.27629265,0.43898535
687626,Moisés Caicedo,Defensive Midfield,24.583162217659137,2026-06-03,12,2027-10-31,xgboost,100000000,-0.18511388,81488612.29419708,-0.4043214,0.28241247
689637,Chadi Riad,Centre-Back,22.962354551676935,2026-06-03,12,2027-10-31,xgboost,15000000,0.120976366,16814645.491540432,-0.21911618,0.79602337
693095,Jacob Greaves,Centre-Back,25.22381930184805,2025-12-03,12,2027-05-02,xgboost,16000000,-0.13120247,13900760.412216187,-0.48337877,0.4586841
696181,Romaine Mundle,Left Winger,23.110198494182068,2026-06-03,12,2027-10-31,xgboost,7000000,0.07423295,7519630.655646324,-0.38489094,1.1763214
696589,Tim Iroegbunam,Central Midfield,22.926762491444215,2026-06-03,12,2027-10-31,xgboost,18000000,0.14751631,20655293.583869934,-0.21113949,0.7312465
698164,Freddie Potts,Defensive Midfield,22.72416153319644,2026-06-03,12,2027-10-31,xgboost,10000000,0.010206341,10102063.408121467,-0.36172158,1.0876092
698415,José Córdoba,Centre-Back,24.982888432580424,2026-05-28,12,2027-10-25,xgboost,5000000,0.20126729,6006336.435675621,-0.24231091,1.0797164
698678,Hugo Bueno,Left-Back,23.707049965776864,2026-06-03,12,2027-10-31,xgboost,12000000,-0.05191463,11377024.456858635,-0.35441342,0.9519541
699980,Enis Destan,Centre-Forward,23.468856947296374,2025-12-03,12,2027-05-02,xgboost,2500000,0.23524347,3088108.6736917496,-0.32998618,1.8600867
700106,Brajan Gruda,Attacking Midfield,21.52498288843258,2025-12-09,12,2027-05-08,xgboost,28000000,0.1010386,30829080.73067665,-0.31884637,0.7142163
701021,Ruairi McConville,Centre-Back,21.073237508555785,2026-05-28,12,2027-10-25,xgboost,3000000,0.5914851,4774455.24930954,-0.19091517,2.1230397
701057,Rico Lewis,Right-Back,21.530458590006845,2026-06-03,12,2027-10-31,xgboost,28000000,-0.091358535,25441961.020231247,-0.44222653,0.64778715
706815,Harvey Davies,Goalkeeper,22.748802190280628,2026-06-03,12,2027-10-31,xgboost,500000,0.46584797,732923.9845275879,-0.26780397,2.8386054
706968,Ji-sung Eom,Left Winger,24.05201916495551,2026-05-28,12,2027-10-25,xgboost,1800000,0.39145988,2504627.788066864,-0.22029331,1.4705929
708072,Nicolò Savona,Right-Back,23.208761122518823,2026-06-03,12,2027-10-31,xgboost,15000000,-0.096218966,13556715.51078558,-0.41057825,0.63700694
709726,Hugo Ekitiké,Centre-Forward,23.953456536618756,2026-06-03,12,2027-10-31,xgboost,80000000,-0.18464996,65228003.26347351,-0.42270747,0.29411292
711337,Evanilson,Centre-Forward,26.65845311430527,2026-06-03,12,2027-10-31,xgboost,35000000,-0.096792616,31612258.441746235,-0.37294844,0.33600155
711544,Jake O'Brien,Right-Back,25.05133470225873,2026-06-03,12,2027-10-31,xgboost,18000000,0.050645385,18911616.928875446,-0.2952858,0.5441407
711999,Lesley Ugochukwu,Defensive Midfield,22.187542778918548,2026-06-03,12,2027-10-31,xgboost,22000000,-0.025968945,21428683.21761489,-0.37189284,0.61265284
714458,Ben Nelson,Centre-Back,21.711156741957563,2025-12-03,12,2027-05-02,xgboost,600000,0.74050856,1044305.1338195801,-0.21754938,3.867168
715558,Marcelino Núñez,Central Midfield,26.239561943874058,2026-05-28,12,2027-10-25,xgboost,14000000,0.007104713,14099465.982057154,-0.292685,0.7256586
716276,Yerson Mosquera,Centre-Back,25.086926762491444,2026-06-03,12,2027-10-31,xgboost,12000000,-0.09911025,10810676.962137222,-0.3855027,0.772042
717411,Yegor Yarmolyuk,Central Midfield,22.255989048596852,2026-06-03,12,2027-10-31,xgboost,32000000,0.06518863,34086036.20529175,-0.23848172,0.7129589
719673,Ben Gannon-Doak,Right Winger,20.55852156057495,2026-06-03,12,2027-10-31,xgboost,15000000,-0.056298334,14155524.987727404,-0.41056758,0.7499299
724536,Josh Keeley,Goalkeeper,22.986995208761122,2026-05-12,12,2027-10-09,xgboost,800000,0.630582,1304465.5799865723,-0.19286993,3.4783027
724540,Bosun Lawal,Centre-Back,22.99520876112252,2026-05-28,12,2027-10-25,xgboost,3000000,0.41001764,4230052.9181957245,-0.21884155,1.6648302
724783,Tawanda Chirewa,Attacking Midfield,22.16016427104723,2025-12-09,12,2027-05-08,xgboost,500000,0.58661836,793309.1819286346,-0.2717193,3.154746
725912,Antonín Kinský,Goalkeeper,23.225188227241617,2026-06-03,12,2027-10-31,xgboost,15000000,-0.026512347,14602314.792573452,-0.28022626,0.71940243
727023,Shayden Morris,Right Winger,23.66050650239562,2025-11-26,12,2027-04-25,xgboost,1000000,0.63445514,1634455.144405365,-0.29355255,3.2616346
727089,Noah Sadiki,Central Midfield,21.45927446954141,2026-06-03,12,2027-10-31,xgboost,35000000,0.11732885,39106509.83452797,-0.17404734,0.75425917
728679,Tomas Rigo,Central Midfield,23.901437371663246,2026-05-28,12,2027-10-25,xgboost,4000000,0.07312381,4292495.250701904,-0.3447113,1.1504854
729264,Welington,Left-Back,24.78576317590691,2025-12-03,12,2027-05-02,xgboost,3000000,-0.0146021955,2956193.4135854244,-0.39306447,1.0225291
730861,Milos Kerkez,Left-Back,22.570841889117045,2026-06-03,12,2027-10-31,xgboost,35000000,-0.08551714,32006900.161504745,-0.38710585,0.48171142
730893,Tyrick Mitchell,Left-Back,26.754277891854894,2026-06-03,12,2027-10-31,xgboost,25000000,-0.12569882,21857529.506087303,-0.36128312,0.37994683
731466,Teddy Sharman-Lowe,Goalkeeper,23.17864476386037,2026-06-03,12,2027-10-31,xgboost,500000,0.56017214,780086.0702991486,-0.24925663,3.4429739
732165,Ronnie Edwards,Centre-Back,22.68583162217659,2025-12-03,12,2027-05-02,xgboost,3800000,0.1605891,4410238.575935364,-0.36090493,1.595011
733314,James Carragher,Centre-Back,23.498973305954827,2026-05-12,12,2027-10-09,xgboost,250000,0.82903606,457259.01424884796,-0.107309,3.3138077
735570,João Gomes,Central Midfield,25.30321697467488,2026-06-03,12,2027-10-31,xgboost,40000000,-0.008872299,39645108.02179575,-0.26965344,0.5045826
735571,Rodrigo Muniz,Centre-Forward,25.08145106091718,2026-06-03,12,2027-10-31,xgboost,20000000,-0.19515236,16096952.855587006,-0.47761214,0.49822026
739443,Igor Thiago,Centre-Forward,24.93634496919918,2026-06-03,12,2027-10-31,xgboost,65000000,0.053764697,68494705.31567931,-0.20383452,0.61291355
741229,Rocco Vata,Left Winger,21.1088295687885,2026-05-28,12,2027-10-25,xgboost,1800000,0.24049133,2232884.395122528,-0.30991828,2.2613935
741236,Matthew Cox,Goalkeeper,22.60643394934976,2025-12-09,12,2027-05-08,xgboost,800000,0.2601417,1008113.3604049683,-0.31516534,2.7860637
741238,Omari Hutchinson,Attacking Midfield,22.5927446954141,2026-06-03,12,2027-10-31,xgboost,30000000,-0.06601787,28019463.792443275,-0.38676497,0.5421763
741257,Álex Jiménez,Right-Back,21.07049965776865,2026-06-03,12,2027-10-31,xgboost,22000000,0.10016529,24203636.437654495,-0.29511377,0.9392915
741267,Sam Curtis,Right-Back,20.005475701574266,2025-12-03,12,2027-05-02,xgboost,175000,1.5713633,449988.5827302933,-0.023699641,5.9634466
742770,Mohamed Touré,Centre-Forward,22.171115674195757,2026-05-28,12,2027-10-25,xgboost,8000000,0.5302451,12241961.002349854,-0.21655764,1.5797018
743384,Chemsdine Talbi,Right Winger,21.06776180698152,2026-06-03,12,2027-10-31,xgboost,25000000,0.07535455,26883863.657712936,-0.31309885,0.793811
743413,Nico O'Reilly,Left-Back,21.201916495550993,2026-06-03,12,2027-10-31,xgboost,70000000,0.25165048,87615533.7691307,-0.14304177,0.822514
743498,Wilson Odobert,Left Winger,21.51129363449692,2026-06-03,12,2027-10-31,xgboost,18000000,-0.123321444,15780214.011669159,-0.4132068,0.6522155
743591,Savinho,Left Winger,22.146475017111566,2026-06-03,12,2027-10-31,xgboost,35000000,-0.1070781,31252266.578376293,-0.43134603,0.49739292
743600,Andrey Santos,Central Midfield,22.083504449007528,2026-06-03,12,2027-10-31,xgboost,40000000,-0.1275042,34899832.010269165,-0.38243884,0.46093887
744149,Adam Wharton,Defensive Midfield,22.321697467488022,2026-06-03,12,2027-10-31,xgboost,70000000,0.006887054,70482093.78495812,-0.21609204,0.4920067
745181,Soungoutou Magassa,Defensive Midfield,22.652977412731005,2026-06-03,12,2027-10-31,xgboost,17000000,-0.087445416,15513427.935540676,-0.36601835,0.6611011
746833,Caleb Wiley,Left-Back,21.44558521560575,2026-06-03,12,2027-10-31,xgboost,8000000,0.12886812,9030944.94342804,-0.340537,1.5424302
747009,Justin Devenny,Attacking Midfield,22.64476386036961,2026-06-03,12,2027-10-31,xgboost,12000000,0.027369501,12328434.012830257,-0.33610523,1.0204691
747951,Shea Charles,Defensive Midfield,22.559890485968516,2026-05-28,12,2027-10-25,xgboost,15000000,0.027866043,15417990.647256374,-0.24661343,0.93063474
748319,Carlos Alcaraz,Central Midfield,23.50718685831622,2026-06-03,12,2027-10-31,xgboost,15000000,-0.047444757,14288328.643888235,-0.34577265,0.6788926
763079,Abdukodir Khusanov,Centre-Back,22.258726899383984,2026-06-03,12,2027-10-31,xgboost,50000000,0.13893293,56946646.42214775,-0.17550007,0.7551594
781270,Lasse Nordås,Centre-Forward,23.79192334017796,2025-11-26,12,2027-04-25,xgboost,2000000,0.039373513,2078747.0266222954,-0.37117332,1.2249867
796305,Jamie Donley,Attacking Midfield,20.914442162902123,2025-12-03,12,2027-05-02,xgboost,1500000,0.5955018,2393252.670764923,-0.2925932,3.1643772
800176,André,Defensive Midfield,24.88158795345654,2026-06-03,12,2027-10-31,xgboost,25000000,-0.11291013,22177246.771752834,-0.37619677,0.4574049
800925,Oscar Schwartau,Attacking Midfield,19.548254620123203,2025-12-03,12,2027-05-02,xgboost,3500000,0.42284822,4979968.786239624,-0.20354965,2.0875425
801426,Tommy Conway,Centre-Forward,23.808350444900753,2026-05-28,12,2027-10-25,xgboost,14000000,0.24843085,17478031.873703003,-0.21851756,1.0045921
801734,Mathys Tel,Centre-Forward,21.100616016427104,2026-06-03,12,2027-10-31,xgboost,22000000,-0.049593445,20908944.211900234,-0.44354048,0.71118283
801989,Tammer Bany,Centre-Forward,22.60643394934976,2026-05-28,12,2027-10-25,xgboost,250000,0.7940272,448506.80232048035,-0.12323087,3.155112
804219,Léo Scienza,Attacking Midfield,27.222450376454482,2025-12-03,12,2027-05-02,xgboost,9000000,-0.10133795,8087958.477437496,-0.41913572,0.5649181
811779,Alejandro Garnacho,Left Winger,21.921971252566735,2026-06-03,12,2027-10-31,xgboost,28000000,-0.10961217,24930859.327316284,-0.44449905,0.5377684
814848,Owen Goodman,Goalkeeper,21.998631074606433,2025-11-26,12,2027-04-25,xgboost,550000,0.58017987,869098.9285707474,-0.22736883,3.6805758
817665,Pablo,Centre-Forward,22.417522245037645,2026-06-03,12,2027-10-31,xgboost,18000000,-0.06632362,16806174.784898758,-0.3683326,0.6975344
820241,Damion Downs,Centre-Forward,21.409993155373034,2025-12-03,12,2027-05-02,xgboost,7000000,0.034116037,7238812.260329723,-0.37857714,1.3906333
820374,Kobbie Mainoo,Central Midfield,21.12251882272416,2026-06-03,12,2027-10-31,xgboost,70000000,0.17567703,82297392.18950272,-0.17780678,0.8400256
823231,Dango Ouattara,Right Winger,24.306639288158795,2026-06-03,12,2027-10-31,xgboost,35000000,-0.03308444,33842044.565826654,-0.3268159,0.48538002
823486,Michael Kayode,Right-Back,21.897330595482547,2026-06-03,12,2027-10-31,xgboost,40000000,0.08107119,43242847.62144089,-0.17596836,0.625899
829299,Max Weiß,Goalkeeper,21.965776865160848,2026-06-03,12,2027-10-31,xgboost,4000000,0.039291922,4157167.688012123,-0.3658867,1.5857822
837334,Joel Colwill,Attacking Midfield,21.53867214236824,2026-05-12,12,2027-10-09,xgboost,900000,0.5510412,1395937.067270279,-0.17507125,3.1715915
842341,Maxime Estève,Centre-Back,24.021902806297057,2026-06-03,12,2027-10-31,xgboost,28000000,0.047397938,29327142.253518105,-0.24386194,0.52676105
843595,Max Alleyne,Centre-Back,20.867898699520875,2026-06-03,12,2027-10-31,xgboost,8000000,0.39674908,11173992.63381958,-0.31994325,1.6785032
845321,Kaelan Casey,Centre-Back,21.097878165639973,2025-12-03,12,2027-05-02,xgboost,1000000,0.7773252,1777325.2129554749,-0.25554922,3.9253244
848509,Jackson Tchatchoua,Right-Back,24.71731690622861,2026-06-03,12,2027-10-31,xgboost,12000000,-0.15603721,10127553.462982178,-0.39502668,0.697613
855256,Alex Scott,Central Midfield,22.784394250513348,2026-06-03,12,2027-10-31,xgboost,50000000,0.0853032,54265160.113573074,-0.1708757,0.624377
859951,Ashley Phillips,Centre-Back,20.919917864476385,2026-05-28,12,2027-10-25,xgboost,7000000,0.6667402,11667181.253433228,-0.17792645,2.374109
863741,Nathan Fraser,Centre-Forward,21.27583846680356,2026-06-03,12,2027-10-31,xgboost,600000,0.15176317,691057.9025745392,-0.4237521,1.9229941
864121,Abdul Fatawu,Right Winger,21.738535249828885,2025-12-03,12,2027-05-02,xgboost,20000000,0.16902706,23380541.20540619,-0.24967429,0.7903329
864799,Stefan Bajcetic,Defensive Midfield,21.61259411362081,2026-06-03,12,2027-10-31,xgboost,4000000,0.018021941,4072087.7647399902,-0.4557572,1.4150673
866246,Lucas Bergvall,Central Midfield,20.331279945242983,2026-06-03,12,2027-10-31,xgboost,35000000,-0.13298121,30345657.616853714,-0.39532623,0.6300941
866655,Tyler Dibling,Right Winger,20.290212183436,2026-06-03,12,2027-10-31,xgboost,17000000,-0.098721705,15321731.008589268,-0.45487514,0.69266355
867688,Jack Hinshelwood,Defensive Midfield,21.144421629021217,2026-06-03,12,2027-10-31,xgboost,28000000,0.20891514,33849624.037742615,-0.1838274,0.9918382
874043,Louie Marsh,Second Striker,21.420944558521562,2025-12-03,12,2027-05-02,xgboost,150000,0.8597517,278962.75520324707,-0.12631522,3.9294763
874538,Ryan Trevitt,Central Midfield,23.16769336071184,2026-05-12,12,2027-10-09,xgboost,275000,0.55508924,427649.5397090912,-0.13724251,3.0356572
876631,Habib Diarra,Central Midfield,22.414784394250514,2026-06-03,12,2027-10-31,xgboost,35000000,0.028641455,36002450.92064142,-0.21688725,0.594864
880245,Mateus Fernandes,Central Midfield,21.897330595482547,2026-06-03,12,2027-10-31,xgboost,50000000,0.25427037,62713518.73874664,-0.19458951,0.7574114
883539,Charlie Crew,Defensive Midfield,19.967145790554415,2026-06-03,12,2027-10-31,xgboost,150000,1.3301133,349516.9937610626,-0.09328326,4.8573427
890719,Ethan Nwaneri,Attacking Midfield,18.72142368240931,2025-12-09,12,2027-05-08,xgboost,40000000,0.11382441,44552976.48906708,-0.39647803,0.70390725
890721,Myles Lewis-Skelly,Left-Back,19.685147159479808,2026-06-03,12,2027-10-31,xgboost,45000000,0.23029014,55363056.510686874,-0.14420353,0.9588837
897481,Eric da Silva Moreira,Right-Back,20.084873374401095,2026-06-03,12,2027-10-31,xgboost,800000,0.21133779,969070.2319145203,-0.38376212,2.6489096
900195,Kevin,Left Winger,23.411362080766597,2026-06-03,12,2027-10-31,xgboost,25000000,-0.094651476,22633713.111281395,-0.40043682,0.52830726
900601,Alex Murphy,Left-Back,21.93839835728953,2026-06-03,12,2027-10-31,xgboost,1500000,0.2465248,1869787.1938347816,-0.313157,2.2712462
902021,Kuryu Matsuki,Attacking Midfield,22.595482546201232,2025-12-03,12,2027-05-02,xgboost,2400000,0.31158543,3147805.0231933594,-0.34520274,2.1057453
903611,Nilson Angulo,Left Winger,22.95687885010267,2026-06-03,12,2027-10-31,xgboost,17000000,-0.00030728974,16994776.07445442,-0.34262967,0.6770992
904802,Jorrel Hato,Left-Back,20.240930869267626,2026-06-03,12,2027-10-31,xgboost,40000000,0.056016345,42240653.78308296,-0.20524412,0.7072412
906160,Saba Goglichidze,Centre-Back,21.921971252566735,2026-05-28,12,2027-10-25,xgboost,3500000,0.34897533,4721413.657069206,-0.31600985,2.2503903
910905,Mamadou Sarr,Centre-Back,20.761122518822724,2026-06-03,12,2027-10-31,xgboost,22000000,0.28782365,28332120.23973465,-0.3154404,1.2663432
911424,Tyler Fredricson,Centre-Back,21.27310061601643,2026-06-03,12,2027-10-31,xgboost,3000000,0.6421284,4926385.223865509,-0.3148387,2.6901681
911736,Sverre Nypan,Central Midfield,19.45516769336071,2026-06-03,12,2027-10-31,xgboost,13000000,0.1168201,14518661.260604858,-0.40031475,1.0549443
912081,Jun-ho Bae,Attacking Midfield,22.767967145790553,2026-05-28,12,2027-10-25,xgboost,4000000,0.43777958,5751118.302345276,-0.20276435,1.781814
922462,Lewis Koumas,Left Winger,20.687200547570157,2026-05-28,12,2027-10-25,xgboost,4000000,0.5766316,6306526.42250061,-0.21889052,2.5094144
922563,Oliver Scarles,Left-Back,20.473648186173854,2026-06-03,12,2027-10-31,xgboost,10000000,0.07385229,10738522.931933403,-0.34701306,1.4782033
922693,Archie Gray,Defensive Midfield,20.227241615331966,2026-06-03,12,2027-10-31,xgboost,35000000,-0.06421335,32752532.735466957,-0.3723494,0.6214304
922698,Ishé Samuels-Smith,Left-Back,19.496235455167692,2025-12-03,12,2027-05-02,xgboost,700000,1.0489873,1434291.0885810852,-0.22639297,4.523566
922769,Lewis Miley,Central Midfield,20.09034907597536,2026-06-03,12,2027-10-31,xgboost,25000000,0.12514287,28128571.808338165,-0.29651412,0.9440611
923831,Leny Yoro,Centre-Back,20.553045859000683,2026-06-03,12,2027-10-31,xgboost,50000000,-0.0050869724,49745651.38109028,-0.35301453,0.4869519
924850,Bobby Wales,Centre-Forward,20.44626967830253,2025-12-03,12,2027-05-02,xgboost,400000,0.86831725,747326.8985748291,-0.09747878,3.557783
926135,Omari Kellyman,Attacking Midfield,20.197125256673512,2025-11-26,12,2027-04-25,xgboost,1500000,0.48388895,2225833.4308862686,-0.29853913,2.7715468
926952,Patrick Dorgu,Left Winger,21.60164271047228,2026-06-03,12,2027-10-31,xgboost,35000000,0.031082574,36087890.09973407,-0.31468055,0.66350526
927768,Lucas Pires,Left-Back,25.193702943189596,2026-06-03,12,2027-10-31,xgboost,4000000,-0.19904667,3203813.314437866,-0.47928232,0.76573396
933017,Zach Abbott,Centre-Back,20.057494866529773,2026-06-03,12,2027-10-31,xgboost,4000000,0.67391753,6695670.127868652,-0.18420663,2.5008368
933018,Tom Watson,Left Winger,19.67145790554415,2025-12-09,12,2027-05-08,xgboost,10000000,0.13541,11354099.959135056,-0.32167608,1.4247255
936237,Yu Hirakawa,Right Winger,25.39630390143737,2026-05-28,12,2027-10-25,xgboost,1000000,0.4109414,1410941.3921833038,-0.3082819,2.6320481
936842,Michael Golding,Central Midfield,19.531827515400412,2025-12-03,12,2027-05-02,xgboost,2000000,0.30271897,2605437.934398651,-0.3308358,2.1170843
936874,Tyrique George,Left Winger,20.32580424366872,2026-06-03,12,2027-10-31,xgboost,20000000,-0.046365347,19072693.064808846,-0.40303147,0.91371554
937840,Harrison Jones,Attacking Midfield,21.437371663244353,2026-06-03,12,2027-10-31,xgboost,150000,0.80509686,270764.5297050476,-0.16150166,3.6819386
937941,Thierno Barry,Centre-Forward,23.616700889801507,2026-06-03,12,2027-10-31,xgboost,30000000,-0.010760937,29677171.893417835,-0.33710098,0.5342631
938146,Adam Aznou,Left-Back,20.00273785078713,2026-06-03,12,2027-10-31,xgboost,6000000,-0.01380223,5917186.617851257,-0.41857198,1.4568398
938158,Marc Guiu,Centre-Forward,20.410677618069816,2026-06-03,12,2027-10-31,xgboost,12000000,0.07909942,12949193.000793457,-0.31467846,1.3898023
942738,Milan Aleksic,Attacking Midfield,20.758384668035593,2026-06-03,12,2027-10-31,xgboost,700000,0.51590925,1061136.4781856537,-0.2717696,3.2381444
943549,Mark O'Mahony,Centre-Forward,20.865160848733744,2025-11-26,12,2027-04-25,xgboost,450000,0.9741977,888388.9585733414,-0.16546267,4.195231
947411,Chris Rigg,Attacking Midfield,18.9596167008898,2026-06-03,12,2027-10-31,xgboost,25000000,0.068111286,26702782.13918209,-0.30807295,0.96092093
950091,Stefanos Tzimas,Centre-Forward,20.40520191649555,2026-06-03,12,2027-10-31,xgboost,18000000,0.04626685,18832803.301513195,-0.4177854,0.88012964
953135,Callum Marshall,Centre-Forward,21.02943189596167,2025-12-09,12,2027-05-08,xgboost,2000000,0.32555145,2651102.900505066,-0.27747285,2.4481943
955357,Junior Kroupi,Centre-Forward,19.94524298425736,2026-06-03,12,2027-10-31,xgboost,70000000,0.2049332,84345323.741436,-0.16738991,1.1014695
956920,Nestory Irankunda,Right Winger,20.295687885010267,2026-05-28,12,2027-10-25,xgboost,8000000,0.431544,11452352.046966553,-0.19555242,1.5838128
967319,Romain Esse,Right Winger,20.57494866529774,2025-12-09,12,2027-05-08,xgboost,10000000,-0.05753612,9424638.785421848,-0.4170007,1.0906675
967346,Eliezer Mayenda,Centre-Forward,21.07049965776865,2026-06-03,12,2027-10-31,xgboost,16000000,-0.041983973,15328256.42824173,-0.39183548,0.80965126
973085,Carlos Baleba,Defensive Midfield,22.414784394250514,2026-06-03,12,2027-10-31,xgboost,55000000,-0.12242678,48266527.20570564,-0.36139947,0.36388427
983702,Jacob Wright,Defensive Midfield,20.199863107460644,2025-12-03,12,2027-05-02,xgboost,2500000,0.31918782,3297969.549894333,-0.2971081,2.1962926
983989,Facundo Buonanotte,Attacking Midfield,21.44284736481862,2026-06-03,12,2027-10-31,xgboost,12000000,-0.124038726,10511535.286903381,-0.46701682,1.0156326
984096,Jair Cunha,Centre-Back,21.240246406570844,2026-06-03,12,2027-10-31,xgboost,15000000,0.17083466,17562519.907951355,-0.2368651,1.016187
987074,Dylan Lawlor,Centre-Back,20.358658453114305,2026-05-12,12,2027-10-09,xgboost,1800000,0.7484637,3147234.6425056458,-0.16876048,3.0872684
989112,Veljko Milosavljevic,Centre-Back,18.93223819301848,2026-06-03,12,2027-10-31,xgboost,20000000,0.044124983,20882499.665021896,-0.31203598,0.906594
991800,Luís Guilherme,Right Winger,19.83025325119781,2025-12-09,12,2027-05-08,xgboost,10000000,0.0070076254,10070076.254196465,-0.428703,1.0962027
994604,Matai Akinmboni,Centre-Back,19.627652292950035,2026-06-03,12,2027-10-31,xgboost,1000000,0.5812566,1581256.628036499,-0.25804594,3.3410585
996897,Diego Gómez,Central Midfield,23.186858316221766,2026-06-03,12,2027-10-31,xgboost,25000000,0.018678553,25466963.835060596,-0.31673795,0.6290272
998101,Alex Tóth,Central Midfield,20.61054072553046,2026-06-03,12,2027-10-31,xgboost,12000000,0.05545809,12665497.094392776,-0.32964495,1.1687803
1004203,Keiber Lamadrid,Left Winger,22.54072553045859,2026-06-03,12,2027-10-31,xgboost,1200000,0.51004833,1812057.9957962036,-0.32125884,2.7805068
1004708,Josh Acheampong,Right-Back,20.079397672826833,2026-06-03,12,2027-10-31,xgboost,25000000,0.09286509,27321627.17729807,-0.30634412,0.9642613
1005583,Alysson,Right Winger,20.079397672826833,2026-06-03,12,2027-10-31,xgboost,10000000,0.1504412,11504411.99541092,-0.3228911,1.3834958
1005649,Murillo,Centre-Back,23.915126625598905,2026-06-03,12,2027-10-31,xgboost,50000000,-0.08155371,45922314.37563896,-0.38076305,0.36166713
1005855,Ronan Kpakio,Right-Back,18.965092402464066,2026-05-12,12,2027-10-09,xgboost,1200000,0.8429102,2211492.2046661377,-0.17579621,3.2302086
1006411,Jaydee Canvot,Centre-Back,19.8466803559206,2026-06-03,12,2027-10-31,xgboost,28000000,0.26530457,35428527.83203125,-0.18735665,0.8871155
1007720,Tyler Bindon,Centre-Back,21.3305954825462,2026-05-28,12,2027-10-25,xgboost,3500000,0.802746,6309610.992670059,-0.17550336,2.9090135
1009658,Julio Soler,Left-Back,21.29226557152635,2026-06-03,12,2027-10-31,xgboost,8000000,0.04520465,8361637.204885483,-0.33375582,1.376018
1011131,Josh King,Attacking Midfield,19.41409993155373,2026-06-03,12,2027-10-31,xgboost,25000000,0.24332082,31083020.567893982,-0.17154554,1.0271102
1011936,Kaye Furo,Centre-Forward,19.32101300479124,2026-06-03,12,2027-10-31,xgboost,8000000,0.1328798,9063038.349151611,-0.32635826,1.4558865
1012534,Yankuba Minteh,Right Winger,21.864476386036962,2026-06-03,12,2027-10-31,xgboost,45000000,0.03469676,46561354.26834226,-0.2067681,0.5987236
1012564,Rayan,Right Winger,19.83299110198494,2026-06-03,12,2027-10-31,xgboost,60000000,0.043579902,62614794.14999485,-0.21428622,0.867482
1015619,Ahmed Abdullahi,Centre-Forward,21.95482546201232,2026-06-03,12,2027-10-31,xgboost,800000,0.04571708,836573.66335392,-0.39273283,1.973562
1020267,Dujuan Richards,Centre-Forward,20.54483230663929,2026-05-28,12,2027-10-25,xgboost,500000,0.80409783,902048.9156246185,-0.24534534,3.4715288
1041532,Djibril Soumaré,Defensive Midfield,22.90485968514716,2025-12-03,12,2027-05-02,xgboost,1500000,0.3802609,2070391.371846199,-0.30806234,2.3819883
1042886,Chido Obi,Centre-Forward,18.510609171800137,2026-06-03,12,2027-10-31,xgboost,5000000,0.29135093,6456754.65464592,-0.29576057,2.3842971
1045123,Trey Nyoni,Central Midfield,18.926762491444215,2026-06-03,12,2027-10-31,xgboost,8000000,0.78560114,14284809.112548828,-0.16278602,2.0190744
1045124,Jay Robinson,Left Winger,18.72142368240931,2025-12-03,12,2027-05-02,xgboost,8000000,0.31333867,10506709.337234497,-0.23314625,1.9452088
1047257,Rio Cardines,Left-Back,19.923340177960302,2026-06-03,12,2027-10-31,xgboost,300000,0.99673945,599021.8341350555,-0.118791,4.0351377
1047261,Caleb Kporha,Right-Back,19.88501026694045,2026-06-03,12,2027-10-31,xgboost,1000000,0.5493368,1549336.7910385132,-0.28212914,3.4882257
1056993,Estêvão,Right Winger,19.110198494182068,2026-06-03,12,2027-10-31,xgboost,80000000,-0.22918265,61665388.345718384,-0.32246158,0.56021655
1060087,Charalampos Kostoulas,Centre-Forward,19.01163586584531,2026-06-03,12,2027-10-31,xgboost,25000000,0.029405005,25735125.13190508,-0.31617382,0.82044655
1060740,Enso González,Left Winger,21.366187542778917,2026-06-03,12,2027-10-31,xgboost,2500000,-0.046636347,2383409.133180976,-0.45079714,1.3927861
1063329,Andrés García,Right-Back,23.318275154004105,2026-06-03,12,2027-10-31,xgboost,6000000,0.06172019,6370321.13224268,-0.4032636,1.1125028
1064471,Fer López,Attacking Midfield,21.544147843942504,2025-12-09,12,2027-05-08,xgboost,16000000,-0.1199255,14081192.016601562,-0.38677102,0.72880113
1069512,Jonah Kusi-Asare,Centre-Forward,18.915811088295687,2026-06-03,12,2027-10-31,xgboost,3000000,0.093354695,3280064.083635807,-0.41548315,2.012161
1078163,Ayden Heaven,Centre-Back,19.696098562628336,2026-06-03,12,2027-10-31,xgboost,30000000,0.36956644,41086993.21746826,-0.14777693,1.1938732
1081995,Mohamadou Kanté,Defensive Midfield,20.700889801505816,2026-06-03,12,2027-10-31,xgboost,1000000,1.3124373,2312437.2959136963,-0.18127576,4.345869
1086258,Souza,Left-Back,19.964407939767284,2026-06-03,12,2027-10-31,xgboost,12000000,-0.06412834,11230459.928512573,-0.35908902,1.1196827
1086619,Giovanni Leoni,Centre-Back,19.449691991786448,2026-06-03,12,2027-10-31,xgboost,25000000,0.09581932,27395482.920110226,-0.3131022,0.8025297
1091562,Romelle Donovan,Right Winger,19.50718685831622,2026-06-03,12,2027-10-31,xgboost,3500000,0.37519994,4813199.803233147,-0.31566802,2.1967587
1107733,Harrison Armstrong,Central Midfield,19.370294318959616,2026-06-03,12,2027-10-31,xgboost,12000000,0.14551924,13746230.900287628,-0.3222557,1.3834512
1108466,Rio Ngumoha,Left Winger,17.760438056125942,2026-06-03,12,2027-10-31,xgboost,30000000,0.3613623,40840869.24791336,-0.11236867,1.360042
1111589,El Hadji Malick Diouf,Left-Back,21.429158110882955,2026-06-03,12,2027-10-31,xgboost,28000000,-0.038326293,26926863.78955841,-0.32550228,0.70065546
1124005,Christantus Uche,Centre-Forward,23.041752224503764,2026-06-03,12,2027-10-31,xgboost,12000000,-0.022314355,11732227.742671967,-0.41372392,0.8999429
1141628,Yunus Konak,Defensive Midfield,19.912388774811774,2025-12-09,12,2027-05-08,xgboost,4500000,0.12059312,5042669.054120779,-0.32609463,1.8604686
1178758,Malick Yalcouyé,Central Midfield,20.522929500342233,2026-05-28,12,2027-10-25,xgboost,12000000,0.033079803,12396957.635879517,-0.37346718,1.1766598
1187629,Max Dowman,Right Winger,16.421629021218344,2026-06-03,12,2027-10-31,xgboost,30000000,0.7344077,52032231.68849945,-0.1118204,1.4250215
1191520,Nils Zätterström,Centre-Back,20.681724845995895,2025-12-03,12,2027-05-02,xgboost,3000000,0.4259365,4277809.4708919525,-0.3032652,2.162116
1193867,Pedro Lima,Right-Back,19.923340177960302,2026-06-03,12,2027-10-31,xgboost,4000000,-0.0447493,3821002.796292305,-0.42049938,1.7595446
1225900,Ehije Ukaki,Right Winger,21.169062286105408,2025-12-03,12,2027-05-02,xgboost,700000,0.5759299,1103150.9160995483,-0.24890512,3.6760657
1230661,Mateus Mané,Attacking Midfield,18.713210130047912,2026-06-03,12,2027-10-31,xgboost,20000000,-0.019005157,19619896.858930588,-0.33683074,0.9923416
1283997,Diego León,Left-Back,19.16769336071184,2026-06-03,12,2027-10-31,xgboost,4000000,0.10010983,4400439.3219947815,-0.32212198,1.9612899
1322090,Jocelin Ta Bi,Right Winger,21.311430527036276,2026-06-03,12,2027-10-31,xgboost,2500000,0.047967877,2619919.693097472,-0.4041049,1.6262159
